2025-05-01 00:02:55 | INFO     | app:create_app:88 - Admin user created: admin
2025-05-01 00:02:55 | INFO     | app:create_app:90 - Application initialized
2025-05-01 00:02:55 | INFO     | __main__:run:159 - Starting ChitUI server on 0.0.0.0:54780
2025-05-01 00:03:05 | INFO     | app.auth:login:121 - User admin logged in
2025-05-01 00:03:05 | INFO     | app.socket_handlers:handle_connect:26 - Client connected: admin
2025-05-01 00:04:05 | INFO     | app.socket_handlers:handle_disconnect:38 - Client disconnected: admin
2025-05-01 00:04:11 | INFO     | app.socket_handlers:handle_connect:26 - Client connected: admin
2025-05-01 00:07:43 | INFO     | app:create_admin_user:121 - Admin user created: admin
2025-05-01 00:07:43 | INFO     | app:load_system_settings:160 - System settings loaded
2025-05-01 00:07:43 | INFO     | app:create_app:96 - Application initialized
2025-05-01 00:07:43 | INFO     | __main__:run:159 - Starting ChitUI server on 0.0.0.0:54780
2025-05-01 00:07:51 | INFO     | app.auth:login:37 - User admin logged in
2025-05-01 00:07:51 | INFO     | app.socket_handlers:handle_connect:26 - Client connected: admin
2025-05-01 00:07:57 | INFO     | app.socket_handlers:handle_disconnect:38 - Client disconnected: admin
2025-05-01 00:08:45 | INFO     | app.socket_handlers:handle_connect:26 - Client connected: admin
2025-05-01 18:21:20 | INFO     | app.socket_handlers:handle_disconnect:38 - Client disconnected: admin
2025-05-01 18:52:13 | INFO     | app.socket_handlers:handle_connect:26 - Client connected: admin
2025-05-01 18:59:51 | INFO     | app:create_admin_user:123 - Admin user already exists: admin
2025-05-01 18:59:51 | INFO     | app:load_system_settings:160 - System settings loaded
2025-05-01 18:59:51 | INFO     | app:create_app:96 - Application initialized
2025-05-01 18:59:51 | INFO     | __main__:run:159 - Starting ChitUI server on 0.0.0.0:54780
2025-05-01 19:56:56 | INFO     | app:create_admin_user:123 - Admin user already exists: admin
2025-05-01 19:56:56 | INFO     | app:load_system_settings:160 - System settings loaded
2025-05-01 19:56:56 | INFO     | app:create_app:96 - Application initialized
2025-05-01 19:56:56 | INFO     | __main__:run:159 - Starting ChitUI server on 0.0.0.0:54780
2025-05-01 19:57:03 | INFO     | app.auth:login:37 - User admin logged in
2025-05-01 19:57:04 | INFO     | app.socket_handlers:handle_connect:27 - Client connected: admin
2025-05-01 19:57:04 | INFO     | app.socket_handlers:handle_printers_request:44 - Client requested printer discovery: admin
2025-05-01 19:57:04 | INFO     | app.printer_manager:discover_printers:33 - Starting printer discovery
2025-05-01 19:57:04 | INFO     | app.printer_manager:process_discovery_response:113 - Discovered printer: 3D Printer (192.168.0.97)
2025-05-01 19:57:05 | INFO     | app.printer_manager:discover_printers:60 - Discovery completed: 1 printers found
2025-05-01 19:57:05 | INFO     | app.socket_handlers:discovery_task:194 - New printer discovered: 3D Printer (192.168.0.97)
2025-05-01 19:57:05 | INFO     | app.printer_manager:connect_printers:247 - Connecting to printers...
2025-05-01 19:57:05 | INFO     | app.printer_manager:connect_printer:272 - Connecting to printer: 3D Printer (ws://192.168.0.97:3030/websocket)
2025-05-01 19:57:05 | INFO     | app.printer_manager:ws_open_handler:309 - Connected to printer: 3D Printer
2025-05-01 19:57:05 | ERROR    | app.printer_manager:ws_message_handler:393 - Error processing WebSocket message: list indices must be integers or slices, not str
2025-05-01 19:57:07 | ERROR    | app.printer_manager:ws_message_handler:393 - Error processing WebSocket message: list indices must be integers or slices, not str
2025-05-01 20:14:10 | INFO     | app:create_admin_user:123 - Admin user already exists: admin
2025-05-01 20:14:10 | INFO     | app:load_system_settings:160 - System settings loaded
2025-05-01 20:14:10 | INFO     | app:create_app:96 - Application initialized
2025-05-01 20:14:10 | INFO     | __main__:run:159 - Starting ChitUI server on 0.0.0.0:54780
2025-05-01 20:14:20 | INFO     | app.auth:login:37 - User admin logged in
2025-05-01 20:14:20 | INFO     | app.socket_handlers:handle_connect:27 - Client connected: admin
2025-05-01 20:14:20 | INFO     | app.socket_handlers:handle_printers_request:44 - Client requested printer discovery: admin
2025-05-01 20:14:20 | INFO     | app.printer_manager:discover_printers:33 - Starting printer discovery
2025-05-01 20:14:20 | INFO     | app.printer_manager:process_discovery_response:113 - Discovered printer: 3D Printer (192.168.0.97)
2025-05-01 20:14:21 | INFO     | app.printer_manager:discover_printers:60 - Discovery completed: 1 printers found
2025-05-01 20:14:21 | INFO     | app.socket_handlers:discovery_task:194 - New printer discovered: 3D Printer (192.168.0.97)
2025-05-01 20:14:21 | INFO     | app.printer_manager:connect_printers:247 - Connecting to printers...
2025-05-01 20:14:21 | INFO     | app.printer_manager:connect_printer:272 - Connecting to printer: 3D Printer (ws://192.168.0.97:3030/websocket)
2025-05-01 20:14:21 | INFO     | app.printer_manager:ws_open_handler:309 - Connected to printer: 3D Printer
2025-05-01 20:14:21 | ERROR    | app.printer_manager:ws_message_handler:393 - Error processing WebSocket message: list indices must be integers or slices, not str
2025-05-01 20:16:49 | ERROR    | app.printer_manager:ws_message_handler:393 - Error processing WebSocket message: list indices must be integers or slices, not str
2025-05-01 20:26:45 | ERROR    | app.db_migration:run_migrations:39 - Failed to run migrations: Path doesn't exist: 'C:\\Users\\antoi\\chitUI1\\migrations'.  Please use the 'init' command to create a new scripts folder.
2025-05-01 20:26:45 | INFO     | __main__:run:256 - Database migrations completed
2025-05-01 20:26:45 | ERROR    | __main__:backup_task:186 - Error in backup task: name 'time' is not defined
2025-05-01 20:26:45 | INFO     | __main__:setup_auto_backup:191 - Automatic database backup task started
2025-05-01 20:26:45 | ERROR    | __main__:backup_task:186 - Error in backup task: name 'time' is not defined
2025-05-01 20:26:45 | ERROR    | __main__:backup_task:186 - Error in backup task: name 'time' is not defined
2025-05-01 20:26:45 | ERROR    | __main__:backup_task:186 - Error in backup task: name 'time' is not defined
2025-05-01 20:26:45 | ERROR    | __main__:backup_task:186 - Error in backup task: name 'time' is not defined
2025-05-01 20:26:45 | ERROR    | __main__:backup_task:186 - Error in backup task: name 'time' is not defined
2025-05-01 20:26:45 | ERROR    | __main__:backup_task:186 - Error in backup task: name 'time' is not defined
2025-05-01 20:26:45 | ERROR    | __main__:backup_task:186 - Error in backup task: name 'time' is not defined
2025-05-01 20:26:45 | ERROR    | __main__:backup_task:186 - Error in backup task: name 'time' is not defined
2025-05-01 20:26:45 | ERROR    | __main__:backup_task:186 - Error in backup task: name 'time' is not defined
2025-05-01 20:26:45 | ERROR    | __main__:backup_task:186 - Error in backup task: name 'time' is not defined
2025-05-01 20:26:45 | ERROR    | __main__:backup_task:186 - Error in backup task: name 'time' is not defined
2025-05-01 20:26:45 | ERROR    | __main__:backup_task:186 - Error in backup task: name 'time' is not defined
2025-05-01 20:26:45 | ERROR    | __main__:backup_task:186 - Error in backup task: name 'time' is not defined
2025-05-01 20:26:45 | ERROR    | __main__:backup_task:186 - Error in backup task: name 'time' is not defined
2025-05-01 20:26:45 | ERROR    | __main__:backup_task:186 - Error in backup task: name 'time' is not defined
2025-05-01 20:26:45 | ERROR    | __main__:backup_task:186 - Error in backup task: name 'time' is not defined
2025-05-01 20:26:45 | ERROR    | __main__:backup_task:186 - Error in backup task: name 'time' is not defined
2025-05-01 20:26:45 | ERROR    | __main__:backup_task:186 - Error in backup task: name 'time' is not defined
2025-05-01 20:26:45 | ERROR    | __main__:backup_task:186 - Error in backup task: name 'time' is not defined
2025-05-01 20:26:45 | ERROR    | __main__:backup_task:186 - Error in backup task: name 'time' is not defined
2025-05-01 20:26:45 | ERROR    | __main__:backup_task:186 - Error in backup task: name 'time' is not defined
2025-05-01 20:26:45 | ERROR    | __main__:backup_task:186 - Error in backup task: name 'time' is not defined
2025-05-01 20:26:45 | ERROR    | __main__:backup_task:186 - Error in backup task: name 'time' is not defined
2025-05-01 20:26:45 | ERROR    | __main__:backup_task:186 - Error in backup task: name 'time' is not defined
2025-05-01 20:26:45 | ERROR    | __main__:backup_task:186 - Error in backup task: name 'time' is not defined
2025-05-01 20:26:45 | ERROR    | __main__:backup_task:186 - Error in backup task: name 'time' is not defined
2025-05-01 20:26:45 | ERROR    | __main__:backup_task:186 - Error in backup task: name 'time' is not defined
2025-05-01 20:26:45 | ERROR    | __main__:backup_task:186 - Error in backup task: name 'time' is not defined
2025-05-01 20:26:45 | ERROR    | __main__:backup_task:186 - Error in backup task: name 'time' is not defined
2025-05-01 20:26:45 | ERROR    | __main__:backup_task:186 - Error in backup task: name 'time' is not defined
2025-05-01 20:26:45 | ERROR    | __main__:backup_task:186 - Error in backup task: name 'time' is not defined
2025-05-01 20:26:45 | ERROR    | __main__:backup_task:186 - Error in backup task: name 'time' is not defined
2025-05-01 20:26:45 | ERROR    | __main__:backup_task:186 - Error in backup task: name 'time' is not defined
2025-05-01 20:26:45 | ERROR    | __main__:backup_task:186 - Error in backup task: name 'time' is not defined
2025-05-01 20:26:45 | ERROR    | __main__:backup_task:186 - Error in backup task: name 'time' is not defined
2025-05-01 20:26:45 | ERROR    | __main__:backup_task:186 - Error in backup task: name 'time' is not defined
2025-05-01 20:26:45 | ERROR    | __main__:backup_task:186 - Error in backup task: name 'time' is not defined
2025-05-01 20:26:45 | ERROR    | __main__:backup_task:186 - Error in backup task: name 'time' is not defined
2025-05-01 20:26:45 | ERROR    | __main__:backup_task:186 - Error in backup task: name 'time' is not defined
2025-05-01 20:26:45 | ERROR    | __main__:backup_task:186 - Error in backup task: name 'time' is not defined
2025-05-01 20:26:45 | ERROR    | __main__:backup_task:186 - Error in backup task: name 'time' is not defined
2025-05-01 20:26:45 | ERROR    | __main__:backup_task:186 - Error in backup task: name 'time' is not defined
2025-05-01 20:26:45 | ERROR    | __main__:backup_task:186 - Error in backup task: name 'time' is not defined
2025-05-01 20:26:45 | ERROR    | __main__:backup_task:186 - Error in backup task: name 'time' is not defined
2025-05-01 20:26:45 | ERROR    | __main__:backup_task:186 - Error in backup task: name 'time' is not defined
2025-05-01 20:26:45 | ERROR    | __main__:backup_task:186 - Error in backup task: name 'time' is not defined
2025-05-01 20:26:45 | ERROR    | __main__:backup_task:186 - Error in backup task: name 'time' is not defined
2025-05-01 20:26:45 | ERROR    | __main__:backup_task:186 - Error in backup task: name 'time' is not defined
2025-05-01 20:26:45 | ERROR    | __main__:backup_task:186 - Error in backup task: name 'time' is not defined
2025-05-01 20:26:45 | ERROR    | __main__:backup_task:186 - Error in backup task: name 'time' is not defined
2025-05-01 20:26:45 | ERROR    | __main__:backup_task:186 - Error in backup task: name 'time' is not defined
2025-05-01 20:26:45 | ERROR    | __main__:backup_task:186 - Error in backup task: name 'time' is not defined
2025-05-01 20:26:45 | ERROR    | __main__:backup_task:186 - Error in backup task: name 'time' is not defined
2025-05-01 20:26:45 | ERROR    | __main__:backup_task:186 - Error in backup task: name 'time' is not defined
2025-05-01 20:26:45 | ERROR    | __main__:backup_task:186 - Error in backup task: name 'time' is not defined
2025-05-01 20:26:45 | ERROR    | __main__:backup_task:186 - Error in backup task: name 'time' is not defined
2025-05-01 20:26:46 | ERROR    | __main__:backup_task:186 - Error in backup task: name 'time' is not defined
2025-05-01 20:26:46 | ERROR    | __main__:backup_task:186 - Error in backup task: name 'time' is not defined
2025-05-01 20:26:46 | ERROR    | __main__:backup_task:186 - Error in backup task: name 'time' is not defined
2025-05-01 20:26:46 | ERROR    | __main__:backup_task:186 - Error in backup task: name 'time' is not defined
2025-05-01 20:26:46 | ERROR    | __main__:backup_task:186 - Error in backup task: name 'time' is not defined
2025-05-01 20:26:46 | ERROR    | __main__:backup_task:186 - Error in backup task: name 'time' is not defined
2025-05-01 20:26:46 | ERROR    | __main__:backup_task:186 - Error in backup task: name 'time' is not defined
2025-05-01 20:26:46 | ERROR    | __main__:backup_task:186 - Error in backup task: name 'time' is not defined
2025-05-01 20:26:46 | ERROR    | __main__:backup_task:186 - Error in backup task: name 'time' is not defined
2025-05-01 20:26:46 | ERROR    | __main__:backup_task:186 - Error in backup task: name 'time' is not defined
2025-05-01 20:26:46 | ERROR    | __main__:backup_task:186 - Error in backup task: name 'time' is not defined
2025-05-01 20:26:46 | ERROR    | __main__:backup_task:186 - Error in backup task: name 'time' is not defined
2025-05-01 20:26:46 | ERROR    | __main__:backup_task:186 - Error in backup task: name 'time' is not defined
2025-05-01 20:26:46 | ERROR    | __main__:backup_task:186 - Error in backup task: name 'time' is not defined
2025-05-01 20:26:46 | ERROR    | __main__:backup_task:186 - Error in backup task: name 'time' is not defined
2025-05-01 20:26:46 | ERROR    | __main__:backup_task:186 - Error in backup task: name 'time' is not defined
2025-05-01 20:26:46 | ERROR    | __main__:backup_task:186 - Error in backup task: name 'time' is not defined
2025-05-01 20:26:46 | ERROR    | __main__:backup_task:186 - Error in backup task: name 'time' is not defined
2025-05-01 20:26:46 | ERROR    | __main__:backup_task:186 - Error in backup task: name 'time' is not defined
2025-05-01 20:26:46 | ERROR    | __main__:backup_task:186 - Error in backup task: name 'time' is not defined
2025-05-01 20:26:46 | ERROR    | __main__:backup_task:186 - Error in backup task: name 'time' is not defined
2025-05-01 20:26:46 | ERROR    | __main__:backup_task:186 - Error in backup task: name 'time' is not defined
2025-05-01 20:26:46 | ERROR    | __main__:backup_task:186 - Error in backup task: name 'time' is not defined
2025-05-01 20:26:46 | ERROR    | __main__:backup_task:186 - Error in backup task: name 'time' is not defined
2025-05-01 20:26:46 | ERROR    | __main__:backup_task:186 - Error in backup task: name 'time' is not defined
2025-05-01 20:26:46 | ERROR    | __main__:backup_task:186 - Error in backup task: name 'time' is not defined
2025-05-01 20:26:46 | ERROR    | __main__:backup_task:186 - Error in backup task: name 'time' is not defined
2025-05-01 20:26:46 | ERROR    | __main__:backup_task:186 - Error in backup task: name 'time' is not defined
2025-05-01 20:26:46 | ERROR    | __main__:backup_task:186 - Error in backup task: name 'time' is not defined
2025-05-01 20:26:46 | ERROR    | __main__:backup_task:186 - Error in backup task: name 'time' is not defined
2025-05-01 20:26:46 | ERROR    | __main__:backup_task:186 - Error in backup task: name 'time' is not defined
2025-05-01 20:26:46 | ERROR    | __main__:backup_task:186 - Error in backup task: name 'time' is not defined
2025-05-01 20:26:46 | ERROR    | __main__:backup_task:186 - Error in backup task: name 'time' is not defined
2025-05-01 20:26:46 | ERROR    | __main__:backup_task:186 - Error in backup task: name 'time' is not defined
2025-05-01 20:26:46 | ERROR    | __main__:backup_task:186 - Error in backup task: name 'time' is not defined
2025-05-01 20:26:46 | ERROR    | __main__:backup_task:186 - Error in backup task: name 'time' is not defined
2025-05-01 20:26:46 | ERROR    | __main__:backup_task:186 - Error in backup task: name 'time' is not defined
2025-05-01 20:26:46 | ERROR    | __main__:backup_task:186 - Error in backup task: name 'time' is not defined
2025-05-01 20:26:46 | ERROR    | __main__:backup_task:186 - Error in backup task: name 'time' is not defined
2025-05-01 20:26:46 | ERROR    | __main__:backup_task:186 - Error in backup task: name 'time' is not defined
2025-05-01 20:26:46 | ERROR    | __main__:backup_task:186 - Error in backup task: name 'time' is not defined
2025-05-01 20:26:46 | ERROR    | __main__:backup_task:186 - Error in backup task: name 'time' is not defined
2025-05-01 20:26:46 | ERROR    | __main__:backup_task:186 - Error in backup task: name 'time' is not defined
2025-05-01 20:26:46 | ERROR    | __main__:backup_task:186 - Error in backup task: name 'time' is not defined
2025-05-01 20:26:46 | ERROR    | __main__:backup_task:186 - Error in backup task: name 'time' is not defined
2025-05-01 20:26:46 | ERROR    | __main__:backup_task:186 - Error in backup task: name 'time' is not defined
2025-05-01 20:26:46 | ERROR    | __main__:backup_task:186 - Error in backup task: name 'time' is not defined
2025-05-01 20:26:46 | ERROR    | __main__:backup_task:186 - Error in backup task: name 'time' is not defined
2025-05-01 20:26:46 | ERROR    | __main__:backup_task:186 - Error in backup task: name 'time' is not defined
2025-05-01 20:26:46 | ERROR    | __main__:backup_task:186 - Error in backup task: name 'time' is not defined
2025-05-01 20:26:46 | ERROR    | __main__:backup_task:186 - Error in backup task: name 'time' is not defined
2025-05-01 20:26:46 | ERROR    | __main__:backup_task:186 - Error in backup task: name 'time' is not defined
2025-05-01 20:26:46 | ERROR    | __main__:backup_task:186 - Error in backup task: name 'time' is not defined
2025-05-01 20:26:46 | ERROR    | __main__:backup_task:186 - Error in backup task: name 'time' is not defined
2025-05-01 20:26:46 | ERROR    | __main__:backup_task:186 - Error in backup task: name 'time' is not defined
2025-05-01 20:26:46 | ERROR    | __main__:backup_task:186 - Error in backup task: name 'time' is not defined
2025-05-01 20:26:46 | ERROR    | __main__:backup_task:186 - Error in backup task: name 'time' is not defined
2025-05-01 20:26:46 | ERROR    | __main__:backup_task:186 - Error in backup task: name 'time' is not defined
2025-05-01 20:26:46 | ERROR    | __main__:backup_task:186 - Error in backup task: name 'time' is not defined
2025-05-01 20:26:46 | ERROR    | __main__:backup_task:186 - Error in backup task: name 'time' is not defined
2025-05-01 20:26:46 | ERROR    | __main__:backup_task:186 - Error in backup task: name 'time' is not defined
2025-05-01 20:26:46 | ERROR    | __main__:backup_task:186 - Error in backup task: name 'time' is not defined
2025-05-01 20:26:46 | ERROR    | __main__:backup_task:186 - Error in backup task: name 'time' is not defined
2025-05-01 20:26:46 | ERROR    | __main__:backup_task:186 - Error in backup task: name 'time' is not defined
2025-05-01 20:26:46 | ERROR    | __main__:backup_task:186 - Error in backup task: name 'time' is not defined
2025-05-01 20:26:46 | ERROR    | __main__:backup_task:186 - Error in backup task: name 'time' is not defined
2025-05-01 20:26:46 | ERROR    | __main__:backup_task:186 - Error in backup task: name 'time' is not defined
2025-05-01 20:26:46 | ERROR    | __main__:backup_task:186 - Error in backup task: name 'time' is not defined
2025-05-01 20:26:46 | ERROR    | __main__:backup_task:186 - Error in backup task: name 'time' is not defined
2025-05-01 20:26:46 | ERROR    | __main__:backup_task:186 - Error in backup task: name 'time' is not defined
2025-05-01 20:26:46 | ERROR    | __main__:backup_task:186 - Error in backup task: name 'time' is not defined
2025-05-01 20:26:46 | ERROR    | __main__:backup_task:186 - Error in backup task: name 'time' is not defined
2025-05-01 20:26:46 | ERROR    | __main__:backup_task:186 - Error in backup task: name 'time' is not defined
2025-05-01 20:26:46 | ERROR    | __main__:backup_task:186 - Error in backup task: name 'time' is not defined
2025-05-01 20:26:46 | ERROR    | __main__:backup_task:186 - Error in backup task: name 'time' is not defined
2025-05-01 20:26:46 | ERROR    | __main__:backup_task:186 - Error in backup task: name 'time' is not defined
2025-05-01 20:26:46 | ERROR    | __main__:backup_task:186 - Error in backup task: name 'time' is not defined
2025-05-01 20:26:46 | ERROR    | __main__:backup_task:186 - Error in backup task: name 'time' is not defined
2025-05-01 20:26:46 | ERROR    | __main__:backup_task:186 - Error in backup task: name 'time' is not defined
2025-05-01 20:26:46 | ERROR    | __main__:backup_task:186 - Error in backup task: name 'time' is not defined
2025-05-01 20:26:46 | ERROR    | __main__:backup_task:186 - Error in backup task: name 'time' is not defined
2025-05-01 20:26:46 | ERROR    | __main__:backup_task:186 - Error in backup task: name 'time' is not defined
2025-05-01 20:26:46 | ERROR    | __main__:backup_task:186 - Error in backup task: name 'time' is not defined
2025-05-01 20:26:46 | ERROR    | __main__:backup_task:186 - Error in backup task: name 'time' is not defined
2025-05-01 20:26:46 | ERROR    | __main__:backup_task:186 - Error in backup task: name 'time' is not defined
2025-05-01 20:26:46 | ERROR    | __main__:backup_task:186 - Error in backup task: name 'time' is not defined
2025-05-01 20:26:46 | ERROR    | __main__:backup_task:186 - Error in backup task: name 'time' is not defined
2025-05-01 20:26:46 | ERROR    | __main__:backup_task:186 - Error in backup task: name 'time' is not defined
2025-05-01 20:26:46 | ERROR    | __main__:backup_task:186 - Error in backup task: name 'time' is not defined
2025-05-01 20:26:46 | ERROR    | __main__:backup_task:186 - Error in backup task: name 'time' is not defined
2025-05-01 20:26:46 | ERROR    | __main__:backup_task:186 - Error in backup task: name 'time' is not defined
2025-05-01 20:26:46 | ERROR    | __main__:backup_task:186 - Error in backup task: name 'time' is not defined
2025-05-01 20:26:46 | ERROR    | __main__:backup_task:186 - Error in backup task: name 'time' is not defined
2025-05-01 20:26:46 | ERROR    | __main__:backup_task:186 - Error in backup task: name 'time' is not defined
2025-05-01 20:26:46 | ERROR    | __main__:backup_task:186 - Error in backup task: name 'time' is not defined
2025-05-01 20:26:46 | ERROR    | __main__:backup_task:186 - Error in backup task: name 'time' is not defined
2025-05-01 20:26:46 | ERROR    | __main__:backup_task:186 - Error in backup task: name 'time' is not defined
2025-05-01 20:26:46 | ERROR    | __main__:backup_task:186 - Error in backup task: name 'time' is not defined
2025-05-01 20:26:46 | ERROR    | __main__:backup_task:186 - Error in backup task: name 'time' is not defined
2025-05-01 20:26:46 | ERROR    | __main__:backup_task:186 - Error in backup task: name 'time' is not defined
2025-05-01 20:26:46 | ERROR    | __main__:backup_task:186 - Error in backup task: name 'time' is not defined
2025-05-01 20:26:46 | ERROR    | __main__:backup_task:186 - Error in backup task: name 'time' is not defined
2025-05-01 20:26:46 | ERROR    | __main__:backup_task:186 - Error in backup task: name 'time' is not defined
2025-05-01 20:26:46 | ERROR    | __main__:backup_task:186 - Error in backup task: name 'time' is not defined
2025-05-01 20:26:46 | ERROR    | __main__:backup_task:186 - Error in backup task: name 'time' is not defined
2025-05-01 20:26:46 | ERROR    | __main__:backup_task:186 - Error in backup task: name 'time' is not defined
2025-05-01 20:26:46 | ERROR    | __main__:backup_task:186 - Error in backup task: name 'time' is not defined
2025-05-01 20:26:46 | ERROR    | __main__:backup_task:186 - Error in backup task: name 'time' is not defined
2025-05-01 20:26:46 | ERROR    | __main__:backup_task:186 - Error in backup task: name 'time' is not defined
2025-05-01 20:26:46 | ERROR    | __main__:backup_task:186 - Error in backup task: name 'time' is not defined
2025-05-01 20:26:46 | ERROR    | __main__:backup_task:186 - Error in backup task: name 'time' is not defined
2025-05-01 20:26:46 | ERROR    | __main__:backup_task:186 - Error in backup task: name 'time' is not defined
2025-05-01 20:26:46 | ERROR    | __main__:backup_task:186 - Error in backup task: name 'time' is not defined
2025-05-01 20:26:46 | ERROR    | __main__:backup_task:186 - Error in backup task: name 'time' is not defined
2025-05-01 20:26:46 | ERROR    | __main__:backup_task:186 - Error in backup task: name 'time' is not defined
2025-05-01 20:26:46 | ERROR    | __main__:backup_task:186 - Error in backup task: name 'time' is not defined
2025-05-01 20:26:46 | ERROR    | __main__:backup_task:186 - Error in backup task: name 'time' is not defined
2025-05-01 20:26:46 | ERROR    | __main__:backup_task:186 - Error in backup task: name 'time' is not defined
2025-05-01 20:26:46 | ERROR    | __main__:backup_task:186 - Error in backup task: name 'time' is not defined
2025-05-01 20:26:46 | ERROR    | __main__:backup_task:186 - Error in backup task: name 'time' is not defined
2025-05-01 20:26:46 | ERROR    | __main__:backup_task:186 - Error in backup task: name 'time' is not defined
2025-05-01 20:26:46 | ERROR    | __main__:backup_task:186 - Error in backup task: name 'time' is not defined
2025-05-01 20:26:46 | ERROR    | __main__:backup_task:186 - Error in backup task: name 'time' is not defined
2025-05-01 20:26:46 | ERROR    | __main__:backup_task:186 - Error in backup task: name 'time' is not defined
2025-05-01 20:26:46 | ERROR    | __main__:backup_task:186 - Error in backup task: name 'time' is not defined
2025-05-01 20:26:46 | ERROR    | __main__:backup_task:186 - Error in backup task: name 'time' is not defined
2025-05-01 20:26:46 | ERROR    | __main__:backup_task:186 - Error in backup task: name 'time' is not defined
2025-05-01 20:26:46 | ERROR    | __main__:backup_task:186 - Error in backup task: name 'time' is not defined
2025-05-01 20:26:46 | ERROR    | __main__:backup_task:186 - Error in backup task: name 'time' is not defined
2025-05-01 20:26:46 | ERROR    | __main__:backup_task:186 - Error in backup task: name 'time' is not defined
2025-05-01 20:26:46 | ERROR    | __main__:backup_task:186 - Error in backup task: name 'time' is not defined
2025-05-01 20:26:46 | ERROR    | __main__:backup_task:186 - Error in backup task: name 'time' is not defined
2025-05-01 20:26:46 | ERROR    | __main__:backup_task:186 - Error in backup task: name 'time' is not defined
2025-05-01 20:26:46 | ERROR    | __main__:backup_task:186 - Error in backup task: name 'time' is not defined
2025-05-01 20:26:46 | ERROR    | __main__:backup_task:186 - Error in backup task: name 'time' is not defined
2025-05-01 20:26:46 | ERROR    | __main__:backup_task:186 - Error in backup task: name 'time' is not defined
2025-05-01 20:26:46 | ERROR    | __main__:backup_task:186 - Error in backup task: name 'time' is not defined
2025-05-01 20:26:46 | ERROR    | __main__:backup_task:186 - Error in backup task: name 'time' is not defined
2025-05-01 20:26:46 | ERROR    | __main__:backup_task:186 - Error in backup task: name 'time' is not defined
2025-05-01 20:26:46 | ERROR    | __main__:backup_task:186 - Error in backup task: name 'time' is not defined
2025-05-01 20:26:46 | ERROR    | __main__:backup_task:186 - Error in backup task: name 'time' is not defined
2025-05-01 20:26:46 | ERROR    | __main__:backup_task:186 - Error in backup task: name 'time' is not defined
2025-05-01 20:26:46 | ERROR    | __main__:backup_task:186 - Error in backup task: name 'time' is not defined
2025-05-01 20:26:46 | ERROR    | __main__:backup_task:186 - Error in backup task: name 'time' is not defined
2025-05-01 20:26:46 | ERROR    | __main__:backup_task:186 - Error in backup task: name 'time' is not defined
2025-05-01 20:26:46 | ERROR    | __main__:backup_task:186 - Error in backup task: name 'time' is not defined
2025-05-01 20:26:46 | ERROR    | __main__:backup_task:186 - Error in backup task: name 'time' is not defined
2025-05-01 20:26:46 | ERROR    | __main__:backup_task:186 - Error in backup task: name 'time' is not defined
2025-05-01 20:26:46 | ERROR    | __main__:backup_task:186 - Error in backup task: name 'time' is not defined
2025-05-01 20:26:46 | ERROR    | __main__:backup_task:186 - Error in backup task: name 'time' is not defined
2025-05-01 20:26:46 | ERROR    | __main__:backup_task:186 - Error in backup task: name 'time' is not defined
2025-05-01 20:26:46 | ERROR    | __main__:backup_task:186 - Error in backup task: name 'time' is not defined
2025-05-01 20:26:46 | ERROR    | __main__:backup_task:186 - Error in backup task: name 'time' is not defined
2025-05-01 20:26:46 | ERROR    | __main__:backup_task:186 - Error in backup task: name 'time' is not defined
2025-05-01 20:26:46 | ERROR    | __main__:backup_task:186 - Error in backup task: name 'time' is not defined
2025-05-01 20:26:46 | ERROR    | __main__:backup_task:186 - Error in backup task: name 'time' is not defined
2025-05-01 20:26:46 | ERROR    | __main__:backup_task:186 - Error in backup task: name 'time' is not defined
2025-05-01 20:26:46 | ERROR    | __main__:backup_task:186 - Error in backup task: name 'time' is not defined
2025-05-01 20:26:46 | ERROR    | __main__:backup_task:186 - Error in backup task: name 'time' is not defined
2025-05-01 20:26:46 | ERROR    | __main__:backup_task:186 - Error in backup task: name 'time' is not defined
2025-05-01 20:26:46 | ERROR    | __main__:backup_task:186 - Error in backup task: name 'time' is not defined
2025-05-01 20:26:46 | ERROR    | __main__:backup_task:186 - Error in backup task: name 'time' is not defined
2025-05-01 20:26:46 | ERROR    | __main__:backup_task:186 - Error in backup task: name 'time' is not defined
2025-05-01 20:26:46 | ERROR    | __main__:backup_task:186 - Error in backup task: name 'time' is not defined
2025-05-01 20:26:46 | ERROR    | __main__:backup_task:186 - Error in backup task: name 'time' is not defined
2025-05-01 20:26:46 | ERROR    | __main__:backup_task:186 - Error in backup task: name 'time' is not defined
2025-05-01 20:26:46 | ERROR    | __main__:backup_task:186 - Error in backup task: name 'time' is not defined
2025-05-01 20:26:46 | ERROR    | __main__:backup_task:186 - Error in backup task: name 'time' is not defined
2025-05-01 20:26:46 | ERROR    | __main__:backup_task:186 - Error in backup task: name 'time' is not defined
2025-05-01 20:26:46 | ERROR    | __main__:backup_task:186 - Error in backup task: name 'time' is not defined
2025-05-01 20:26:46 | ERROR    | __main__:backup_task:186 - Error in backup task: name 'time' is not defined
2025-05-01 20:26:46 | ERROR    | __main__:backup_task:186 - Error in backup task: name 'time' is not defined
2025-05-01 20:26:46 | ERROR    | __main__:backup_task:186 - Error in backup task: name 'time' is not defined
2025-05-01 20:26:46 | ERROR    | __main__:backup_task:186 - Error in backup task: name 'time' is not defined
2025-05-01 20:26:46 | ERROR    | __main__:backup_task:186 - Error in backup task: name 'time' is not defined
2025-05-01 20:26:46 | ERROR    | __main__:backup_task:186 - Error in backup task: name 'time' is not defined
2025-05-01 20:26:46 | ERROR    | __main__:backup_task:186 - Error in backup task: name 'time' is not defined
2025-05-01 20:26:46 | ERROR    | __main__:backup_task:186 - Error in backup task: name 'time' is not defined
2025-05-01 20:26:46 | ERROR    | __main__:backup_task:186 - Error in backup task: name 'time' is not defined
2025-05-01 20:26:46 | ERROR    | __main__:backup_task:186 - Error in backup task: name 'time' is not defined
2025-05-01 20:26:46 | ERROR    | __main__:backup_task:186 - Error in backup task: name 'time' is not defined
2025-05-01 20:26:46 | ERROR    | __main__:backup_task:186 - Error in backup task: name 'time' is not defined
2025-05-01 20:26:46 | ERROR    | __main__:backup_task:186 - Error in backup task: name 'time' is not defined
2025-05-01 20:26:46 | ERROR    | __main__:backup_task:186 - Error in backup task: name 'time' is not defined
2025-05-01 20:26:46 | ERROR    | __main__:backup_task:186 - Error in backup task: name 'time' is not defined
2025-05-01 20:26:46 | ERROR    | __main__:backup_task:186 - Error in backup task: name 'time' is not defined
2025-05-01 20:26:46 | ERROR    | __main__:backup_task:186 - Error in backup task: name 'time' is not defined
2025-05-01 20:26:46 | ERROR    | __main__:backup_task:186 - Error in backup task: name 'time' is not defined
2025-05-01 20:26:46 | ERROR    | __main__:backup_task:186 - Error in backup task: name 'time' is not defined
2025-05-01 20:26:46 | ERROR    | __main__:backup_task:186 - Error in backup task: name 'time' is not defined
2025-05-01 20:26:46 | ERROR    | __main__:backup_task:186 - Error in backup task: name 'time' is not defined
2025-05-01 20:26:46 | ERROR    | __main__:backup_task:186 - Error in backup task: name 'time' is not defined
2025-05-01 20:26:46 | ERROR    | __main__:backup_task:186 - Error in backup task: name 'time' is not defined
2025-05-01 20:26:46 | ERROR    | __main__:backup_task:186 - Error in backup task: name 'time' is not defined
2025-05-01 20:26:46 | ERROR    | __main__:backup_task:186 - Error in backup task: name 'time' is not defined
2025-05-01 20:26:46 | ERROR    | __main__:backup_task:186 - Error in backup task: name 'time' is not defined
2025-05-01 20:26:46 | ERROR    | __main__:backup_task:186 - Error in backup task: name 'time' is not defined
2025-05-01 20:26:46 | ERROR    | __main__:backup_task:186 - Error in backup task: name 'time' is not defined
2025-05-01 20:26:46 | ERROR    | __main__:backup_task:186 - Error in backup task: name 'time' is not defined
2025-05-01 20:26:46 | ERROR    | __main__:backup_task:186 - Error in backup task: name 'time' is not defined
2025-05-01 20:26:46 | ERROR    | __main__:backup_task:186 - Error in backup task: name 'time' is not defined
2025-05-01 20:26:46 | ERROR    | __main__:backup_task:186 - Error in backup task: name 'time' is not defined
2025-05-01 20:26:46 | ERROR    | __main__:backup_task:186 - Error in backup task: name 'time' is not defined
2025-05-01 20:26:46 | ERROR    | __main__:backup_task:186 - Error in backup task: name 'time' is not defined
2025-05-01 20:26:46 | ERROR    | __main__:backup_task:186 - Error in backup task: name 'time' is not defined
2025-05-01 20:26:46 | ERROR    | __main__:backup_task:186 - Error in backup task: name 'time' is not defined
2025-05-01 20:26:46 | ERROR    | __main__:backup_task:186 - Error in backup task: name 'time' is not defined
2025-05-01 20:26:46 | ERROR    | __main__:backup_task:186 - Error in backup task: name 'time' is not defined
2025-05-01 20:26:46 | ERROR    | __main__:backup_task:186 - Error in backup task: name 'time' is not defined
2025-05-01 20:26:46 | ERROR    | __main__:backup_task:186 - Error in backup task: name 'time' is not defined
2025-05-01 20:26:46 | ERROR    | __main__:backup_task:186 - Error in backup task: name 'time' is not defined
2025-05-01 20:26:46 | ERROR    | __main__:backup_task:186 - Error in backup task: name 'time' is not defined
2025-05-01 20:26:46 | ERROR    | __main__:backup_task:186 - Error in backup task: name 'time' is not defined
2025-05-01 20:26:46 | ERROR    | __main__:backup_task:186 - Error in backup task: name 'time' is not defined
2025-05-01 20:26:46 | ERROR    | __main__:backup_task:186 - Error in backup task: name 'time' is not defined
2025-05-01 20:26:46 | ERROR    | __main__:backup_task:186 - Error in backup task: name 'time' is not defined
2025-05-01 20:26:46 | ERROR    | __main__:backup_task:186 - Error in backup task: name 'time' is not defined
2025-05-01 20:26:46 | ERROR    | __main__:backup_task:186 - Error in backup task: name 'time' is not defined
2025-05-01 20:26:46 | ERROR    | __main__:backup_task:186 - Error in backup task: name 'time' is not defined
2025-05-01 20:26:46 | ERROR    | __main__:backup_task:186 - Error in backup task: name 'time' is not defined
2025-05-01 20:26:46 | ERROR    | __main__:backup_task:186 - Error in backup task: name 'time' is not defined
2025-05-01 20:26:46 | ERROR    | __main__:backup_task:186 - Error in backup task: name 'time' is not defined
2025-05-01 20:26:46 | ERROR    | __main__:backup_task:186 - Error in backup task: name 'time' is not defined
2025-05-01 20:26:46 | ERROR    | __main__:backup_task:186 - Error in backup task: name 'time' is not defined
2025-05-01 20:26:46 | ERROR    | __main__:backup_task:186 - Error in backup task: name 'time' is not defined
2025-05-01 20:26:46 | ERROR    | __main__:backup_task:186 - Error in backup task: name 'time' is not defined
2025-05-01 20:26:46 | ERROR    | __main__:backup_task:186 - Error in backup task: name 'time' is not defined
2025-05-01 20:26:46 | ERROR    | __main__:backup_task:186 - Error in backup task: name 'time' is not defined
2025-05-01 20:26:46 | ERROR    | __main__:backup_task:186 - Error in backup task: name 'time' is not defined
2025-05-01 20:26:46 | ERROR    | __main__:backup_task:186 - Error in backup task: name 'time' is not defined
2025-05-01 20:26:46 | ERROR    | __main__:backup_task:186 - Error in backup task: name 'time' is not defined
2025-05-01 20:26:46 | ERROR    | __main__:backup_task:186 - Error in backup task: name 'time' is not defined
2025-05-01 20:26:46 | ERROR    | __main__:backup_task:186 - Error in backup task: name 'time' is not defined
2025-05-01 20:26:46 | ERROR    | __main__:backup_task:186 - Error in backup task: name 'time' is not defined
2025-05-01 20:26:46 | ERROR    | __main__:backup_task:186 - Error in backup task: name 'time' is not defined
2025-05-01 20:26:46 | ERROR    | __main__:backup_task:186 - Error in backup task: name 'time' is not defined
2025-05-01 20:26:46 | ERROR    | __main__:backup_task:186 - Error in backup task: name 'time' is not defined
2025-05-01 20:26:46 | ERROR    | __main__:backup_task:186 - Error in backup task: name 'time' is not defined
2025-05-01 20:26:46 | ERROR    | __main__:backup_task:186 - Error in backup task: name 'time' is not defined
2025-05-01 20:26:46 | ERROR    | __main__:backup_task:186 - Error in backup task: name 'time' is not defined
2025-05-01 20:26:46 | ERROR    | __main__:backup_task:186 - Error in backup task: name 'time' is not defined
2025-05-01 20:26:46 | ERROR    | __main__:backup_task:186 - Error in backup task: name 'time' is not defined
2025-05-01 20:26:46 | ERROR    | __main__:backup_task:186 - Error in backup task: name 'time' is not defined
2025-05-01 20:26:46 | ERROR    | __main__:backup_task:186 - Error in backup task: name 'time' is not defined
2025-05-01 20:26:46 | ERROR    | __main__:backup_task:186 - Error in backup task: name 'time' is not defined
2025-05-01 20:26:46 | ERROR    | __main__:backup_task:186 - Error in backup task: name 'time' is not defined
2025-05-01 20:26:46 | ERROR    | __main__:backup_task:186 - Error in backup task: name 'time' is not defined
2025-05-01 20:26:46 | ERROR    | __main__:backup_task:186 - Error in backup task: name 'time' is not defined
2025-05-01 20:26:46 | ERROR    | __main__:backup_task:186 - Error in backup task: name 'time' is not defined
2025-05-01 20:26:46 | ERROR    | __main__:backup_task:186 - Error in backup task: name 'time' is not defined
2025-05-01 20:26:46 | ERROR    | __main__:backup_task:186 - Error in backup task: name 'time' is not defined
2025-05-01 20:26:46 | ERROR    | __main__:backup_task:186 - Error in backup task: name 'time' is not defined
2025-05-01 20:26:46 | ERROR    | __main__:backup_task:186 - Error in backup task: name 'time' is not defined
2025-05-01 20:26:46 | ERROR    | __main__:backup_task:186 - Error in backup task: name 'time' is not defined
2025-05-01 20:26:46 | ERROR    | __main__:backup_task:186 - Error in backup task: name 'time' is not defined
2025-05-01 20:26:46 | ERROR    | __main__:backup_task:186 - Error in backup task: name 'time' is not defined
2025-05-01 20:26:46 | ERROR    | __main__:backup_task:186 - Error in backup task: name 'time' is not defined
2025-05-01 20:26:46 | ERROR    | __main__:backup_task:186 - Error in backup task: name 'time' is not defined
2025-05-01 20:26:46 | ERROR    | __main__:backup_task:186 - Error in backup task: name 'time' is not defined
2025-05-01 20:26:46 | ERROR    | __main__:backup_task:186 - Error in backup task: name 'time' is not defined
2025-05-01 20:26:46 | ERROR    | __main__:backup_task:186 - Error in backup task: name 'time' is not defined
2025-05-01 20:26:46 | ERROR    | __main__:backup_task:186 - Error in backup task: name 'time' is not defined
2025-05-01 20:26:46 | ERROR    | __main__:backup_task:186 - Error in backup task: name 'time' is not defined
2025-05-01 20:26:46 | ERROR    | __main__:backup_task:186 - Error in backup task: name 'time' is not defined
2025-05-01 20:26:46 | ERROR    | __main__:backup_task:186 - Error in backup task: name 'time' is not defined
2025-05-01 20:26:46 | ERROR    | __main__:backup_task:186 - Error in backup task: name 'time' is not defined
2025-05-01 20:26:46 | ERROR    | __main__:backup_task:186 - Error in backup task: name 'time' is not defined
2025-05-01 20:26:46 | ERROR    | __main__:backup_task:186 - Error in backup task: name 'time' is not defined
2025-05-01 20:26:46 | ERROR    | __main__:backup_task:186 - Error in backup task: name 'time' is not defined
2025-05-01 20:26:46 | ERROR    | __main__:backup_task:186 - Error in backup task: name 'time' is not defined
2025-05-01 20:26:46 | ERROR    | __main__:backup_task:186 - Error in backup task: name 'time' is not defined
2025-05-01 20:26:46 | ERROR    | __main__:backup_task:186 - Error in backup task: name 'time' is not defined
2025-05-01 20:26:46 | ERROR    | __main__:backup_task:186 - Error in backup task: name 'time' is not defined
2025-05-01 20:26:46 | ERROR    | __main__:backup_task:186 - Error in backup task: name 'time' is not defined
2025-05-01 20:26:46 | ERROR    | __main__:backup_task:186 - Error in backup task: name 'time' is not defined
2025-05-01 20:26:46 | ERROR    | __main__:backup_task:186 - Error in backup task: name 'time' is not defined
2025-05-01 20:26:46 | ERROR    | __main__:backup_task:186 - Error in backup task: name 'time' is not defined
2025-05-01 20:26:46 | ERROR    | __main__:backup_task:186 - Error in backup task: name 'time' is not defined
2025-05-01 20:26:46 | ERROR    | __main__:backup_task:186 - Error in backup task: name 'time' is not defined
2025-05-01 20:26:46 | ERROR    | __main__:backup_task:186 - Error in backup task: name 'time' is not defined
2025-05-01 20:26:46 | ERROR    | __main__:backup_task:186 - Error in backup task: name 'time' is not defined
2025-05-01 20:26:46 | ERROR    | __main__:backup_task:186 - Error in backup task: name 'time' is not defined
2025-05-01 20:26:46 | ERROR    | __main__:backup_task:186 - Error in backup task: name 'time' is not defined
2025-05-01 20:26:46 | ERROR    | __main__:backup_task:186 - Error in backup task: name 'time' is not defined
2025-05-01 20:26:46 | ERROR    | __main__:backup_task:186 - Error in backup task: name 'time' is not defined
2025-05-01 20:26:46 | ERROR    | __main__:backup_task:186 - Error in backup task: name 'time' is not defined
2025-05-01 20:26:46 | ERROR    | __main__:backup_task:186 - Error in backup task: name 'time' is not defined
2025-05-01 20:26:46 | ERROR    | __main__:backup_task:186 - Error in backup task: name 'time' is not defined
2025-05-01 20:26:46 | ERROR    | __main__:backup_task:186 - Error in backup task: name 'time' is not defined
2025-05-01 20:26:46 | ERROR    | __main__:backup_task:186 - Error in backup task: name 'time' is not defined
2025-05-01 20:26:46 | ERROR    | __main__:backup_task:186 - Error in backup task: name 'time' is not defined
2025-05-01 20:26:46 | ERROR    | __main__:backup_task:186 - Error in backup task: name 'time' is not defined
2025-05-01 20:26:46 | ERROR    | __main__:backup_task:186 - Error in backup task: name 'time' is not defined
2025-05-01 20:26:46 | INFO     | app:create_admin_user:123 - Admin user already exists: admin
2025-05-01 20:26:46 | ERROR    | __main__:backup_task:186 - Error in backup task: name 'time' is not defined
2025-05-01 20:26:46 | ERROR    | __main__:backup_task:186 - Error in backup task: name 'time' is not defined
2025-05-01 20:26:46 | ERROR    | __main__:backup_task:186 - Error in backup task: name 'time' is not defined
2025-05-01 20:26:46 | ERROR    | __main__:backup_task:186 - Error in backup task: name 'time' is not defined
2025-05-01 20:26:46 | ERROR    | __main__:backup_task:186 - Error in backup task: name 'time' is not defined
2025-05-01 20:26:46 | ERROR    | __main__:backup_task:186 - Error in backup task: name 'time' is not defined
2025-05-01 20:26:46 | ERROR    | __main__:backup_task:186 - Error in backup task: name 'time' is not defined
2025-05-01 20:26:46 | ERROR    | __main__:backup_task:186 - Error in backup task: name 'time' is not defined
2025-05-01 20:26:46 | ERROR    | __main__:backup_task:186 - Error in backup task: name 'time' is not defined
2025-05-01 20:26:46 | ERROR    | __main__:backup_task:186 - Error in backup task: name 'time' is not defined
2025-05-01 20:26:46 | ERROR    | __main__:backup_task:186 - Error in backup task: name 'time' is not defined
2025-05-01 20:26:46 | ERROR    | __main__:backup_task:186 - Error in backup task: name 'time' is not defined
2025-05-01 20:26:46 | ERROR    | __main__:backup_task:186 - Error in backup task: name 'time' is not defined
2025-05-01 20:26:46 | ERROR    | __main__:backup_task:186 - Error in backup task: name 'time' is not defined
2025-05-01 20:26:46 | ERROR    | __main__:backup_task:186 - Error in backup task: name 'time' is not defined
2025-05-01 20:26:46 | ERROR    | __main__:backup_task:186 - Error in backup task: name 'time' is not defined
2025-05-01 20:26:46 | ERROR    | __main__:backup_task:186 - Error in backup task: name 'time' is not defined
2025-05-01 20:26:46 | ERROR    | __main__:backup_task:186 - Error in backup task: name 'time' is not defined
2025-05-01 20:26:46 | ERROR    | __main__:backup_task:186 - Error in backup task: name 'time' is not defined
2025-05-01 20:26:46 | ERROR    | __main__:backup_task:186 - Error in backup task: name 'time' is not defined
2025-05-01 20:26:46 | ERROR    | __main__:backup_task:186 - Error in backup task: name 'time' is not defined
2025-05-01 20:26:46 | ERROR    | __main__:backup_task:186 - Error in backup task: name 'time' is not defined
2025-05-01 20:26:46 | ERROR    | __main__:backup_task:186 - Error in backup task: name 'time' is not defined
2025-05-01 20:26:46 | ERROR    | __main__:backup_task:186 - Error in backup task: name 'time' is not defined
2025-05-01 20:26:46 | ERROR    | __main__:backup_task:186 - Error in backup task: name 'time' is not defined
2025-05-01 20:26:46 | ERROR    | __main__:backup_task:186 - Error in backup task: name 'time' is not defined
2025-05-01 20:26:46 | ERROR    | __main__:backup_task:186 - Error in backup task: name 'time' is not defined
2025-05-01 20:26:46 | ERROR    | __main__:backup_task:186 - Error in backup task: name 'time' is not defined
2025-05-01 20:26:46 | ERROR    | __main__:backup_task:186 - Error in backup task: name 'time' is not defined
2025-05-01 20:26:46 | ERROR    | __main__:backup_task:186 - Error in backup task: name 'time' is not defined
2025-05-01 20:26:46 | ERROR    | __main__:backup_task:186 - Error in backup task: name 'time' is not defined
2025-05-01 20:26:46 | INFO     | app:load_system_settings:160 - System settings loaded
2025-05-01 20:26:46 | ERROR    | __main__:backup_task:186 - Error in backup task: name 'time' is not defined
2025-05-01 20:26:46 | INFO     | app:create_app:96 - Application initialized
2025-05-01 20:26:46 | ERROR    | __main__:backup_task:186 - Error in backup task: name 'time' is not defined
2025-05-01 20:26:46 | INFO     | __main__:run:272 - Starting ChitUI server on 0.0.0.0:54780
2025-05-01 20:26:46 | ERROR    | __main__:backup_task:186 - Error in backup task: name 'time' is not defined
2025-05-01 20:26:46 | ERROR    | __main__:backup_task:186 - Error in backup task: name 'time' is not defined
2025-05-01 20:26:46 | ERROR    | __main__:backup_task:186 - Error in backup task: name 'time' is not defined
2025-05-01 20:26:46 | ERROR    | __main__:backup_task:186 - Error in backup task: name 'time' is not defined
2025-05-01 20:26:46 | ERROR    | __main__:backup_task:186 - Error in backup task: name 'time' is not defined
2025-05-01 20:26:46 | ERROR    | __main__:backup_task:186 - Error in backup task: name 'time' is not defined
2025-05-01 20:26:46 | ERROR    | __main__:backup_task:186 - Error in backup task: name 'time' is not defined
2025-05-01 20:26:46 | ERROR    | __main__:backup_task:186 - Error in backup task: name 'time' is not defined
2025-05-01 20:26:46 | ERROR    | __main__:backup_task:186 - Error in backup task: name 'time' is not defined
2025-05-01 20:26:46 | ERROR    | __main__:backup_task:186 - Error in backup task: name 'time' is not defined
2025-05-01 20:26:46 | ERROR    | __main__:backup_task:186 - Error in backup task: name 'time' is not defined
2025-05-01 20:26:46 | ERROR    | __main__:backup_task:186 - Error in backup task: name 'time' is not defined
2025-05-01 20:26:46 | ERROR    | __main__:backup_task:186 - Error in backup task: name 'time' is not defined
2025-05-01 20:26:46 | ERROR    | __main__:backup_task:186 - Error in backup task: name 'time' is not defined
2025-05-01 20:26:46 | ERROR    | __main__:backup_task:186 - Error in backup task: name 'time' is not defined
2025-05-01 20:26:46 | ERROR    | __main__:backup_task:186 - Error in backup task: name 'time' is not defined
2025-05-01 20:26:46 | ERROR    | __main__:backup_task:186 - Error in backup task: name 'time' is not defined
2025-05-01 20:26:46 | ERROR    | __main__:backup_task:186 - Error in backup task: name 'time' is not defined
2025-05-01 20:26:46 | ERROR    | __main__:backup_task:186 - Error in backup task: name 'time' is not defined
2025-05-01 20:26:46 | ERROR    | __main__:backup_task:186 - Error in backup task: name 'time' is not defined
2025-05-01 20:26:46 | ERROR    | __main__:backup_task:186 - Error in backup task: name 'time' is not defined
2025-05-01 20:26:46 | ERROR    | __main__:backup_task:186 - Error in backup task: name 'time' is not defined
2025-05-01 20:26:46 | ERROR    | __main__:backup_task:186 - Error in backup task: name 'time' is not defined
2025-05-01 20:26:46 | ERROR    | __main__:backup_task:186 - Error in backup task: name 'time' is not defined
2025-05-01 20:26:46 | ERROR    | __main__:backup_task:186 - Error in backup task: name 'time' is not defined
2025-05-01 20:26:46 | ERROR    | __main__:backup_task:186 - Error in backup task: name 'time' is not defined
2025-05-01 20:26:46 | ERROR    | __main__:backup_task:186 - Error in backup task: name 'time' is not defined
2025-05-01 20:26:46 | ERROR    | __main__:backup_task:186 - Error in backup task: name 'time' is not defined
2025-05-01 20:26:46 | ERROR    | __main__:backup_task:186 - Error in backup task: name 'time' is not defined
2025-05-01 20:26:46 | ERROR    | __main__:backup_task:186 - Error in backup task: name 'time' is not defined
2025-05-01 20:26:46 | ERROR    | __main__:backup_task:186 - Error in backup task: name 'time' is not defined
2025-05-01 20:26:46 | ERROR    | __main__:backup_task:186 - Error in backup task: name 'time' is not defined
2025-05-01 20:26:46 | ERROR    | __main__:backup_task:186 - Error in backup task: name 'time' is not defined
2025-05-01 20:26:46 | ERROR    | __main__:backup_task:186 - Error in backup task: name 'time' is not defined
2025-05-01 20:26:46 | ERROR    | __main__:backup_task:186 - Error in backup task: name 'time' is not defined
2025-05-01 20:26:46 | ERROR    | __main__:backup_task:186 - Error in backup task: name 'time' is not defined
2025-05-01 20:26:46 | ERROR    | __main__:backup_task:186 - Error in backup task: name 'time' is not defined
2025-05-01 20:26:46 | ERROR    | __main__:backup_task:186 - Error in backup task: name 'time' is not defined
2025-05-01 20:26:46 | ERROR    | __main__:backup_task:186 - Error in backup task: name 'time' is not defined
2025-05-01 20:26:46 | ERROR    | __main__:backup_task:186 - Error in backup task: name 'time' is not defined
2025-05-01 20:26:46 | ERROR    | __main__:backup_task:186 - Error in backup task: name 'time' is not defined
2025-05-01 20:26:46 | ERROR    | __main__:backup_task:186 - Error in backup task: name 'time' is not defined
2025-05-01 20:26:46 | ERROR    | __main__:backup_task:186 - Error in backup task: name 'time' is not defined
2025-05-01 20:26:46 | ERROR    | __main__:backup_task:186 - Error in backup task: name 'time' is not defined
2025-05-01 20:26:46 | ERROR    | __main__:backup_task:186 - Error in backup task: name 'time' is not defined
2025-05-01 20:26:46 | ERROR    | __main__:backup_task:186 - Error in backup task: name 'time' is not defined
2025-05-01 20:26:46 | ERROR    | __main__:backup_task:186 - Error in backup task: name 'time' is not defined
2025-05-01 20:26:46 | ERROR    | __main__:backup_task:186 - Error in backup task: name 'time' is not defined
2025-05-01 20:26:46 | ERROR    | __main__:backup_task:186 - Error in backup task: name 'time' is not defined
2025-05-01 20:26:46 | ERROR    | __main__:backup_task:186 - Error in backup task: name 'time' is not defined
2025-05-01 20:26:46 | ERROR    | __main__:backup_task:186 - Error in backup task: name 'time' is not defined
2025-05-01 20:26:46 | ERROR    | __main__:backup_task:186 - Error in backup task: name 'time' is not defined
2025-05-01 20:26:46 | ERROR    | __main__:backup_task:186 - Error in backup task: name 'time' is not defined
2025-05-01 20:26:46 | ERROR    | __main__:backup_task:186 - Error in backup task: name 'time' is not defined
2025-05-01 20:26:46 | ERROR    | __main__:backup_task:186 - Error in backup task: name 'time' is not defined
2025-05-01 20:26:46 | ERROR    | __main__:backup_task:186 - Error in backup task: name 'time' is not defined
2025-05-01 20:26:46 | ERROR    | __main__:backup_task:186 - Error in backup task: name 'time' is not defined
2025-05-01 20:26:46 | ERROR    | __main__:backup_task:186 - Error in backup task: name 'time' is not defined
2025-05-01 20:26:46 | ERROR    | __main__:backup_task:186 - Error in backup task: name 'time' is not defined
2025-05-01 20:26:46 | ERROR    | __main__:backup_task:186 - Error in backup task: name 'time' is not defined
2025-05-01 20:26:46 | ERROR    | __main__:backup_task:186 - Error in backup task: name 'time' is not defined
2025-05-01 20:26:46 | ERROR    | __main__:backup_task:186 - Error in backup task: name 'time' is not defined
2025-05-01 20:26:46 | ERROR    | __main__:backup_task:186 - Error in backup task: name 'time' is not defined
2025-05-01 20:26:46 | ERROR    | __main__:backup_task:186 - Error in backup task: name 'time' is not defined
2025-05-01 20:26:46 | ERROR    | __main__:backup_task:186 - Error in backup task: name 'time' is not defined
2025-05-01 20:26:46 | ERROR    | __main__:backup_task:186 - Error in backup task: name 'time' is not defined
2025-05-01 20:26:46 | ERROR    | __main__:backup_task:186 - Error in backup task: name 'time' is not defined
2025-05-01 20:26:46 | ERROR    | __main__:backup_task:186 - Error in backup task: name 'time' is not defined
2025-05-01 20:26:46 | ERROR    | __main__:backup_task:186 - Error in backup task: name 'time' is not defined
2025-05-01 20:26:46 | ERROR    | __main__:backup_task:186 - Error in backup task: name 'time' is not defined
2025-05-01 20:26:46 | ERROR    | __main__:backup_task:186 - Error in backup task: name 'time' is not defined
2025-05-01 20:26:46 | ERROR    | __main__:backup_task:186 - Error in backup task: name 'time' is not defined
2025-05-01 20:26:46 | ERROR    | __main__:backup_task:186 - Error in backup task: name 'time' is not defined
2025-05-01 20:26:46 | ERROR    | __main__:backup_task:186 - Error in backup task: name 'time' is not defined
2025-05-01 20:26:46 | ERROR    | __main__:backup_task:186 - Error in backup task: name 'time' is not defined
2025-05-01 20:26:46 | ERROR    | __main__:backup_task:186 - Error in backup task: name 'time' is not defined
2025-05-01 20:26:46 | ERROR    | __main__:backup_task:186 - Error in backup task: name 'time' is not defined
2025-05-01 20:26:46 | ERROR    | __main__:backup_task:186 - Error in backup task: name 'time' is not defined
2025-05-01 20:26:46 | ERROR    | __main__:backup_task:186 - Error in backup task: name 'time' is not defined
2025-05-01 20:26:46 | ERROR    | __main__:backup_task:186 - Error in backup task: name 'time' is not defined
2025-05-01 20:26:46 | ERROR    | __main__:backup_task:186 - Error in backup task: name 'time' is not defined
2025-05-01 20:26:46 | ERROR    | __main__:backup_task:186 - Error in backup task: name 'time' is not defined
2025-05-01 20:26:46 | ERROR    | __main__:backup_task:186 - Error in backup task: name 'time' is not defined
2025-05-01 20:26:46 | ERROR    | __main__:backup_task:186 - Error in backup task: name 'time' is not defined
2025-05-01 20:26:46 | ERROR    | __main__:backup_task:186 - Error in backup task: name 'time' is not defined
2025-05-01 20:26:46 | ERROR    | __main__:backup_task:186 - Error in backup task: name 'time' is not defined
2025-05-01 20:26:46 | ERROR    | __main__:backup_task:186 - Error in backup task: name 'time' is not defined
2025-05-01 20:26:46 | ERROR    | __main__:backup_task:186 - Error in backup task: name 'time' is not defined
2025-05-01 20:26:46 | ERROR    | __main__:backup_task:186 - Error in backup task: name 'time' is not defined
2025-05-01 20:26:46 | ERROR    | __main__:backup_task:186 - Error in backup task: name 'time' is not defined
2025-05-01 20:26:46 | ERROR    | __main__:backup_task:186 - Error in backup task: name 'time' is not defined
2025-05-01 20:26:46 | ERROR    | __main__:backup_task:186 - Error in backup task: name 'time' is not defined
2025-05-01 20:26:46 | ERROR    | __main__:backup_task:186 - Error in backup task: name 'time' is not defined
2025-05-01 20:26:46 | ERROR    | __main__:backup_task:186 - Error in backup task: name 'time' is not defined
2025-05-01 20:26:46 | ERROR    | __main__:backup_task:186 - Error in backup task: name 'time' is not defined
2025-05-01 20:26:46 | ERROR    | __main__:backup_task:186 - Error in backup task: name 'time' is not defined
2025-05-01 20:26:46 | ERROR    | __main__:backup_task:186 - Error in backup task: name 'time' is not defined
2025-05-01 20:26:46 | ERROR    | __main__:backup_task:186 - Error in backup task: name 'time' is not defined
2025-05-01 20:26:46 | ERROR    | __main__:backup_task:186 - Error in backup task: name 'time' is not defined
2025-05-01 20:26:46 | ERROR    | __main__:backup_task:186 - Error in backup task: name 'time' is not defined
2025-05-01 20:26:46 | ERROR    | __main__:backup_task:186 - Error in backup task: name 'time' is not defined
2025-05-01 20:26:46 | ERROR    | __main__:backup_task:186 - Error in backup task: name 'time' is not defined
2025-05-01 20:26:46 | ERROR    | __main__:backup_task:186 - Error in backup task: name 'time' is not defined
2025-05-01 20:26:46 | ERROR    | __main__:backup_task:186 - Error in backup task: name 'time' is not defined
2025-05-01 20:26:46 | ERROR    | __main__:backup_task:186 - Error in backup task: name 'time' is not defined
2025-05-01 20:26:46 | ERROR    | __main__:backup_task:186 - Error in backup task: name 'time' is not defined
2025-05-01 20:26:46 | ERROR    | __main__:backup_task:186 - Error in backup task: name 'time' is not defined
2025-05-01 20:26:46 | ERROR    | __main__:backup_task:186 - Error in backup task: name 'time' is not defined
2025-05-01 20:26:46 | ERROR    | __main__:backup_task:186 - Error in backup task: name 'time' is not defined
2025-05-01 20:26:46 | ERROR    | __main__:backup_task:186 - Error in backup task: name 'time' is not defined
2025-05-01 20:26:46 | ERROR    | __main__:backup_task:186 - Error in backup task: name 'time' is not defined
2025-05-01 20:26:46 | ERROR    | __main__:backup_task:186 - Error in backup task: name 'time' is not defined
2025-05-01 20:26:46 | ERROR    | __main__:backup_task:186 - Error in backup task: name 'time' is not defined
2025-05-01 20:26:46 | ERROR    | __main__:backup_task:186 - Error in backup task: name 'time' is not defined
2025-05-01 20:26:46 | ERROR    | __main__:backup_task:186 - Error in backup task: name 'time' is not defined
2025-05-01 20:26:46 | ERROR    | __main__:backup_task:186 - Error in backup task: name 'time' is not defined
2025-05-01 20:26:46 | ERROR    | __main__:backup_task:186 - Error in backup task: name 'time' is not defined
2025-05-01 20:26:46 | ERROR    | __main__:backup_task:186 - Error in backup task: name 'time' is not defined
2025-05-01 20:26:46 | ERROR    | __main__:backup_task:186 - Error in backup task: name 'time' is not defined
2025-05-01 20:26:46 | ERROR    | __main__:backup_task:186 - Error in backup task: name 'time' is not defined
2025-05-01 20:26:46 | ERROR    | __main__:backup_task:186 - Error in backup task: name 'time' is not defined
2025-05-01 20:26:46 | ERROR    | __main__:backup_task:186 - Error in backup task: name 'time' is not defined
2025-05-01 20:26:46 | ERROR    | __main__:backup_task:186 - Error in backup task: name 'time' is not defined
2025-05-01 20:26:46 | ERROR    | __main__:backup_task:186 - Error in backup task: name 'time' is not defined
2025-05-01 20:26:46 | ERROR    | __main__:backup_task:186 - Error in backup task: name 'time' is not defined
2025-05-01 20:26:46 | ERROR    | __main__:backup_task:186 - Error in backup task: name 'time' is not defined
2025-05-01 20:26:46 | ERROR    | __main__:backup_task:186 - Error in backup task: name 'time' is not defined
2025-05-01 20:26:46 | ERROR    | __main__:backup_task:186 - Error in backup task: name 'time' is not defined
2025-05-01 20:26:46 | ERROR    | __main__:backup_task:186 - Error in backup task: name 'time' is not defined
2025-05-01 20:26:46 | ERROR    | __main__:backup_task:186 - Error in backup task: name 'time' is not defined
2025-05-01 20:26:46 | ERROR    | __main__:backup_task:186 - Error in backup task: name 'time' is not defined
2025-05-01 20:26:46 | ERROR    | __main__:backup_task:186 - Error in backup task: name 'time' is not defined
2025-05-01 20:26:46 | ERROR    | __main__:backup_task:186 - Error in backup task: name 'time' is not defined
2025-05-01 20:26:46 | ERROR    | __main__:backup_task:186 - Error in backup task: name 'time' is not defined
2025-05-01 20:26:46 | ERROR    | __main__:backup_task:186 - Error in backup task: name 'time' is not defined
2025-05-01 20:26:46 | ERROR    | __main__:backup_task:186 - Error in backup task: name 'time' is not defined
2025-05-01 20:26:46 | ERROR    | __main__:backup_task:186 - Error in backup task: name 'time' is not defined
2025-05-01 20:26:46 | ERROR    | __main__:backup_task:186 - Error in backup task: name 'time' is not defined
2025-05-01 20:26:46 | ERROR    | __main__:backup_task:186 - Error in backup task: name 'time' is not defined
2025-05-01 20:26:46 | ERROR    | __main__:backup_task:186 - Error in backup task: name 'time' is not defined
2025-05-01 20:26:46 | ERROR    | __main__:backup_task:186 - Error in backup task: name 'time' is not defined
2025-05-01 20:26:46 | ERROR    | __main__:backup_task:186 - Error in backup task: name 'time' is not defined
2025-05-01 20:26:46 | ERROR    | __main__:backup_task:186 - Error in backup task: name 'time' is not defined
2025-05-01 20:26:46 | ERROR    | __main__:backup_task:186 - Error in backup task: name 'time' is not defined
2025-05-01 20:26:46 | ERROR    | __main__:backup_task:186 - Error in backup task: name 'time' is not defined
2025-05-01 20:26:46 | ERROR    | __main__:backup_task:186 - Error in backup task: name 'time' is not defined
2025-05-01 20:26:46 | ERROR    | __main__:backup_task:186 - Error in backup task: name 'time' is not defined
2025-05-01 20:26:46 | ERROR    | __main__:backup_task:186 - Error in backup task: name 'time' is not defined
2025-05-01 20:26:46 | ERROR    | __main__:backup_task:186 - Error in backup task: name 'time' is not defined
2025-05-01 20:26:46 | ERROR    | __main__:backup_task:186 - Error in backup task: name 'time' is not defined
2025-05-01 20:26:46 | ERROR    | __main__:backup_task:186 - Error in backup task: name 'time' is not defined
2025-05-01 20:26:46 | ERROR    | __main__:backup_task:186 - Error in backup task: name 'time' is not defined
2025-05-01 20:26:46 | ERROR    | __main__:backup_task:186 - Error in backup task: name 'time' is not defined
2025-05-01 20:26:46 | ERROR    | __main__:backup_task:186 - Error in backup task: name 'time' is not defined
2025-05-01 20:26:46 | ERROR    | __main__:backup_task:186 - Error in backup task: name 'time' is not defined
2025-05-01 20:26:46 | ERROR    | __main__:backup_task:186 - Error in backup task: name 'time' is not defined
2025-05-01 20:26:46 | ERROR    | __main__:backup_task:186 - Error in backup task: name 'time' is not defined
2025-05-01 20:26:46 | ERROR    | __main__:backup_task:186 - Error in backup task: name 'time' is not defined
2025-05-01 20:26:46 | ERROR    | __main__:backup_task:186 - Error in backup task: name 'time' is not defined
2025-05-01 20:26:46 | ERROR    | __main__:backup_task:186 - Error in backup task: name 'time' is not defined
2025-05-01 20:26:46 | ERROR    | __main__:backup_task:186 - Error in backup task: name 'time' is not defined
2025-05-01 20:26:46 | ERROR    | __main__:backup_task:186 - Error in backup task: name 'time' is not defined
2025-05-01 20:26:46 | ERROR    | __main__:backup_task:186 - Error in backup task: name 'time' is not defined
2025-05-01 20:26:46 | ERROR    | __main__:backup_task:186 - Error in backup task: name 'time' is not defined
2025-05-01 20:26:46 | ERROR    | __main__:backup_task:186 - Error in backup task: name 'time' is not defined
2025-05-01 20:26:46 | ERROR    | __main__:backup_task:186 - Error in backup task: name 'time' is not defined
2025-05-01 20:26:46 | ERROR    | __main__:backup_task:186 - Error in backup task: name 'time' is not defined
2025-05-01 20:26:46 | ERROR    | __main__:backup_task:186 - Error in backup task: name 'time' is not defined
2025-05-01 20:26:46 | ERROR    | __main__:backup_task:186 - Error in backup task: name 'time' is not defined
2025-05-01 20:26:46 | ERROR    | __main__:backup_task:186 - Error in backup task: name 'time' is not defined
2025-05-01 20:26:46 | ERROR    | __main__:backup_task:186 - Error in backup task: name 'time' is not defined
2025-05-01 20:26:46 | ERROR    | __main__:backup_task:186 - Error in backup task: name 'time' is not defined
2025-05-01 20:26:46 | ERROR    | __main__:backup_task:186 - Error in backup task: name 'time' is not defined
2025-05-01 20:26:46 | ERROR    | __main__:backup_task:186 - Error in backup task: name 'time' is not defined
2025-05-01 20:26:46 | ERROR    | __main__:backup_task:186 - Error in backup task: name 'time' is not defined
2025-05-01 20:26:46 | ERROR    | __main__:backup_task:186 - Error in backup task: name 'time' is not defined
2025-05-01 20:26:46 | ERROR    | __main__:backup_task:186 - Error in backup task: name 'time' is not defined
2025-05-01 20:26:46 | ERROR    | __main__:backup_task:186 - Error in backup task: name 'time' is not defined
2025-05-01 20:26:46 | ERROR    | __main__:backup_task:186 - Error in backup task: name 'time' is not defined
2025-05-01 20:26:46 | ERROR    | __main__:backup_task:186 - Error in backup task: name 'time' is not defined
2025-05-01 20:26:46 | ERROR    | __main__:backup_task:186 - Error in backup task: name 'time' is not defined
2025-05-01 20:26:46 | ERROR    | __main__:backup_task:186 - Error in backup task: name 'time' is not defined
2025-05-01 20:26:46 | ERROR    | __main__:backup_task:186 - Error in backup task: name 'time' is not defined
2025-05-01 20:26:46 | ERROR    | __main__:backup_task:186 - Error in backup task: name 'time' is not defined
2025-05-01 20:26:46 | ERROR    | __main__:backup_task:186 - Error in backup task: name 'time' is not defined
2025-05-01 20:26:46 | ERROR    | __main__:backup_task:186 - Error in backup task: name 'time' is not defined
2025-05-01 20:26:46 | ERROR    | __main__:backup_task:186 - Error in backup task: name 'time' is not defined
2025-05-01 20:26:46 | ERROR    | __main__:backup_task:186 - Error in backup task: name 'time' is not defined
2025-05-01 20:26:46 | ERROR    | __main__:backup_task:186 - Error in backup task: name 'time' is not defined
2025-05-01 20:26:46 | ERROR    | __main__:backup_task:186 - Error in backup task: name 'time' is not defined
2025-05-01 20:26:46 | ERROR    | __main__:backup_task:186 - Error in backup task: name 'time' is not defined
2025-05-01 20:26:46 | ERROR    | __main__:backup_task:186 - Error in backup task: name 'time' is not defined
2025-05-01 20:26:46 | ERROR    | __main__:backup_task:186 - Error in backup task: name 'time' is not defined
2025-05-01 20:26:46 | ERROR    | __main__:backup_task:186 - Error in backup task: name 'time' is not defined
2025-05-01 20:26:46 | ERROR    | __main__:backup_task:186 - Error in backup task: name 'time' is not defined
2025-05-01 20:26:46 | ERROR    | __main__:backup_task:186 - Error in backup task: name 'time' is not defined
2025-05-01 20:26:46 | ERROR    | __main__:backup_task:186 - Error in backup task: name 'time' is not defined
2025-05-01 20:26:46 | ERROR    | __main__:backup_task:186 - Error in backup task: name 'time' is not defined
2025-05-01 20:26:46 | ERROR    | __main__:backup_task:186 - Error in backup task: name 'time' is not defined
2025-05-01 20:26:46 | ERROR    | __main__:backup_task:186 - Error in backup task: name 'time' is not defined
2025-05-01 20:26:46 | ERROR    | __main__:backup_task:186 - Error in backup task: name 'time' is not defined
2025-05-01 20:26:46 | ERROR    | __main__:backup_task:186 - Error in backup task: name 'time' is not defined
2025-05-01 20:26:46 | ERROR    | __main__:backup_task:186 - Error in backup task: name 'time' is not defined
2025-05-01 20:26:46 | ERROR    | __main__:backup_task:186 - Error in backup task: name 'time' is not defined
2025-05-01 20:26:46 | ERROR    | __main__:backup_task:186 - Error in backup task: name 'time' is not defined
2025-05-01 20:26:46 | ERROR    | __main__:backup_task:186 - Error in backup task: name 'time' is not defined
2025-05-01 20:26:46 | ERROR    | __main__:backup_task:186 - Error in backup task: name 'time' is not defined
2025-05-01 20:26:46 | ERROR    | __main__:backup_task:186 - Error in backup task: name 'time' is not defined
2025-05-01 20:26:46 | ERROR    | __main__:backup_task:186 - Error in backup task: name 'time' is not defined
2025-05-01 20:26:46 | ERROR    | __main__:backup_task:186 - Error in backup task: name 'time' is not defined
2025-05-01 20:26:46 | ERROR    | __main__:backup_task:186 - Error in backup task: name 'time' is not defined
2025-05-01 20:26:46 | ERROR    | __main__:backup_task:186 - Error in backup task: name 'time' is not defined
2025-05-01 20:26:46 | ERROR    | __main__:backup_task:186 - Error in backup task: name 'time' is not defined
2025-05-01 20:26:46 | ERROR    | __main__:backup_task:186 - Error in backup task: name 'time' is not defined
2025-05-01 20:26:46 | ERROR    | __main__:backup_task:186 - Error in backup task: name 'time' is not defined
2025-05-01 20:26:46 | ERROR    | __main__:backup_task:186 - Error in backup task: name 'time' is not defined
2025-05-01 20:26:46 | ERROR    | __main__:backup_task:186 - Error in backup task: name 'time' is not defined
2025-05-01 20:26:46 | ERROR    | __main__:backup_task:186 - Error in backup task: name 'time' is not defined
2025-05-01 20:26:46 | ERROR    | __main__:backup_task:186 - Error in backup task: name 'time' is not defined
2025-05-01 20:26:46 | ERROR    | __main__:backup_task:186 - Error in backup task: name 'time' is not defined
2025-05-01 20:26:46 | ERROR    | __main__:backup_task:186 - Error in backup task: name 'time' is not defined
2025-05-01 20:26:46 | ERROR    | __main__:backup_task:186 - Error in backup task: name 'time' is not defined
2025-05-01 20:26:46 | ERROR    | __main__:backup_task:186 - Error in backup task: name 'time' is not defined
2025-05-01 20:26:46 | ERROR    | __main__:backup_task:186 - Error in backup task: name 'time' is not defined
2025-05-01 20:26:46 | ERROR    | __main__:backup_task:186 - Error in backup task: name 'time' is not defined
2025-05-01 20:26:46 | ERROR    | __main__:backup_task:186 - Error in backup task: name 'time' is not defined
2025-05-01 20:26:46 | ERROR    | __main__:backup_task:186 - Error in backup task: name 'time' is not defined
2025-05-01 20:26:46 | ERROR    | __main__:backup_task:186 - Error in backup task: name 'time' is not defined
2025-05-01 20:26:46 | ERROR    | __main__:backup_task:186 - Error in backup task: name 'time' is not defined
2025-05-01 20:26:46 | ERROR    | __main__:backup_task:186 - Error in backup task: name 'time' is not defined
2025-05-01 20:26:46 | ERROR    | __main__:backup_task:186 - Error in backup task: name 'time' is not defined
2025-05-01 20:26:46 | ERROR    | __main__:backup_task:186 - Error in backup task: name 'time' is not defined
2025-05-01 20:26:46 | ERROR    | __main__:backup_task:186 - Error in backup task: name 'time' is not defined
2025-05-01 20:26:46 | ERROR    | __main__:backup_task:186 - Error in backup task: name 'time' is not defined
2025-05-01 20:26:46 | ERROR    | __main__:backup_task:186 - Error in backup task: name 'time' is not defined
2025-05-01 20:26:46 | ERROR    | __main__:backup_task:186 - Error in backup task: name 'time' is not defined
2025-05-01 20:26:46 | ERROR    | __main__:backup_task:186 - Error in backup task: name 'time' is not defined
2025-05-01 20:26:46 | ERROR    | __main__:backup_task:186 - Error in backup task: name 'time' is not defined
2025-05-01 20:26:46 | ERROR    | __main__:backup_task:186 - Error in backup task: name 'time' is not defined
2025-05-01 20:26:46 | ERROR    | __main__:backup_task:186 - Error in backup task: name 'time' is not defined
2025-05-01 20:26:46 | ERROR    | __main__:backup_task:186 - Error in backup task: name 'time' is not defined
2025-05-01 20:26:46 | ERROR    | __main__:backup_task:186 - Error in backup task: name 'time' is not defined
2025-05-01 20:26:46 | ERROR    | __main__:backup_task:186 - Error in backup task: name 'time' is not defined
2025-05-01 20:26:46 | ERROR    | __main__:backup_task:186 - Error in backup task: name 'time' is not defined
2025-05-01 20:26:46 | ERROR    | __main__:backup_task:186 - Error in backup task: name 'time' is not defined
2025-05-01 20:26:46 | ERROR    | __main__:backup_task:186 - Error in backup task: name 'time' is not defined
2025-05-01 20:26:46 | ERROR    | __main__:backup_task:186 - Error in backup task: name 'time' is not defined
2025-05-01 20:26:46 | ERROR    | __main__:backup_task:186 - Error in backup task: name 'time' is not defined
2025-05-01 20:26:46 | ERROR    | __main__:backup_task:186 - Error in backup task: name 'time' is not defined
2025-05-01 20:26:46 | ERROR    | __main__:backup_task:186 - Error in backup task: name 'time' is not defined
2025-05-01 20:26:46 | ERROR    | __main__:backup_task:186 - Error in backup task: name 'time' is not defined
2025-05-01 20:26:46 | ERROR    | __main__:backup_task:186 - Error in backup task: name 'time' is not defined
2025-05-01 20:26:46 | ERROR    | __main__:backup_task:186 - Error in backup task: name 'time' is not defined
2025-05-01 20:26:46 | ERROR    | __main__:backup_task:186 - Error in backup task: name 'time' is not defined
2025-05-01 20:26:46 | ERROR    | __main__:backup_task:186 - Error in backup task: name 'time' is not defined
2025-05-01 20:26:46 | ERROR    | __main__:backup_task:186 - Error in backup task: name 'time' is not defined
2025-05-01 20:26:46 | ERROR    | __main__:backup_task:186 - Error in backup task: name 'time' is not defined
2025-05-01 20:26:46 | ERROR    | __main__:backup_task:186 - Error in backup task: name 'time' is not defined
2025-05-01 20:26:46 | ERROR    | __main__:backup_task:186 - Error in backup task: name 'time' is not defined
2025-05-01 20:26:46 | ERROR    | __main__:backup_task:186 - Error in backup task: name 'time' is not defined
2025-05-01 20:26:46 | ERROR    | __main__:backup_task:186 - Error in backup task: name 'time' is not defined
2025-05-01 20:26:46 | ERROR    | __main__:backup_task:186 - Error in backup task: name 'time' is not defined
2025-05-01 20:26:46 | ERROR    | __main__:backup_task:186 - Error in backup task: name 'time' is not defined
2025-05-01 20:26:46 | ERROR    | __main__:backup_task:186 - Error in backup task: name 'time' is not defined
2025-05-01 20:26:46 | ERROR    | __main__:backup_task:186 - Error in backup task: name 'time' is not defined
2025-05-01 20:26:46 | ERROR    | __main__:backup_task:186 - Error in backup task: name 'time' is not defined
2025-05-01 20:26:46 | ERROR    | __main__:backup_task:186 - Error in backup task: name 'time' is not defined
2025-05-01 20:26:46 | ERROR    | __main__:backup_task:186 - Error in backup task: name 'time' is not defined
2025-05-01 20:26:46 | ERROR    | __main__:backup_task:186 - Error in backup task: name 'time' is not defined
2025-05-01 20:26:46 | ERROR    | __main__:backup_task:186 - Error in backup task: name 'time' is not defined
2025-05-01 20:26:46 | ERROR    | __main__:backup_task:186 - Error in backup task: name 'time' is not defined
2025-05-01 20:26:46 | ERROR    | __main__:backup_task:186 - Error in backup task: name 'time' is not defined
2025-05-01 20:26:46 | ERROR    | __main__:backup_task:186 - Error in backup task: name 'time' is not defined
2025-05-01 20:26:46 | ERROR    | __main__:backup_task:186 - Error in backup task: name 'time' is not defined
2025-05-01 20:26:46 | ERROR    | __main__:backup_task:186 - Error in backup task: name 'time' is not defined
2025-05-01 20:26:46 | ERROR    | __main__:backup_task:186 - Error in backup task: name 'time' is not defined
2025-05-01 20:26:46 | ERROR    | __main__:backup_task:186 - Error in backup task: name 'time' is not defined
2025-05-01 20:26:46 | ERROR    | __main__:backup_task:186 - Error in backup task: name 'time' is not defined
2025-05-01 20:26:46 | ERROR    | __main__:backup_task:186 - Error in backup task: name 'time' is not defined
2025-05-01 20:26:46 | ERROR    | __main__:backup_task:186 - Error in backup task: name 'time' is not defined
2025-05-01 20:26:46 | ERROR    | __main__:backup_task:186 - Error in backup task: name 'time' is not defined
2025-05-01 20:26:46 | ERROR    | __main__:backup_task:186 - Error in backup task: name 'time' is not defined
2025-05-01 20:26:46 | ERROR    | __main__:backup_task:186 - Error in backup task: name 'time' is not defined
2025-05-01 20:26:46 | ERROR    | __main__:backup_task:186 - Error in backup task: name 'time' is not defined
2025-05-01 20:26:46 | ERROR    | __main__:backup_task:186 - Error in backup task: name 'time' is not defined
2025-05-01 20:26:46 | ERROR    | __main__:backup_task:186 - Error in backup task: name 'time' is not defined
2025-05-01 20:26:46 | ERROR    | __main__:backup_task:186 - Error in backup task: name 'time' is not defined
2025-05-01 20:26:46 | ERROR    | __main__:backup_task:186 - Error in backup task: name 'time' is not defined
2025-05-01 20:26:46 | ERROR    | __main__:backup_task:186 - Error in backup task: name 'time' is not defined
2025-05-01 20:26:46 | ERROR    | __main__:backup_task:186 - Error in backup task: name 'time' is not defined
2025-05-01 20:26:46 | ERROR    | __main__:backup_task:186 - Error in backup task: name 'time' is not defined
2025-05-01 20:26:46 | ERROR    | __main__:backup_task:186 - Error in backup task: name 'time' is not defined
2025-05-01 20:26:46 | ERROR    | __main__:backup_task:186 - Error in backup task: name 'time' is not defined
2025-05-01 20:26:46 | ERROR    | __main__:backup_task:186 - Error in backup task: name 'time' is not defined
2025-05-01 20:26:46 | ERROR    | __main__:backup_task:186 - Error in backup task: name 'time' is not defined
2025-05-01 20:26:46 | ERROR    | __main__:backup_task:186 - Error in backup task: name 'time' is not defined
2025-05-01 20:26:46 | ERROR    | __main__:backup_task:186 - Error in backup task: name 'time' is not defined
2025-05-01 20:26:46 | ERROR    | __main__:backup_task:186 - Error in backup task: name 'time' is not defined
2025-05-01 20:26:46 | ERROR    | __main__:backup_task:186 - Error in backup task: name 'time' is not defined
2025-05-01 20:26:46 | ERROR    | __main__:backup_task:186 - Error in backup task: name 'time' is not defined
2025-05-01 20:26:46 | ERROR    | __main__:backup_task:186 - Error in backup task: name 'time' is not defined
2025-05-01 20:26:46 | ERROR    | __main__:backup_task:186 - Error in backup task: name 'time' is not defined
2025-05-01 20:26:46 | ERROR    | __main__:backup_task:186 - Error in backup task: name 'time' is not defined
2025-05-01 20:26:46 | ERROR    | __main__:backup_task:186 - Error in backup task: name 'time' is not defined
2025-05-01 20:26:46 | ERROR    | __main__:backup_task:186 - Error in backup task: name 'time' is not defined
2025-05-01 20:26:46 | ERROR    | __main__:backup_task:186 - Error in backup task: name 'time' is not defined
2025-05-01 20:26:46 | ERROR    | __main__:backup_task:186 - Error in backup task: name 'time' is not defined
2025-05-01 20:26:46 | ERROR    | __main__:backup_task:186 - Error in backup task: name 'time' is not defined
2025-05-01 20:26:46 | ERROR    | __main__:backup_task:186 - Error in backup task: name 'time' is not defined
2025-05-01 20:26:46 | ERROR    | __main__:backup_task:186 - Error in backup task: name 'time' is not defined
2025-05-01 20:26:46 | ERROR    | __main__:backup_task:186 - Error in backup task: name 'time' is not defined
2025-05-01 20:26:46 | ERROR    | __main__:backup_task:186 - Error in backup task: name 'time' is not defined
2025-05-01 20:26:46 | ERROR    | __main__:backup_task:186 - Error in backup task: name 'time' is not defined
2025-05-01 20:26:46 | ERROR    | __main__:backup_task:186 - Error in backup task: name 'time' is not defined
2025-05-01 20:26:46 | ERROR    | __main__:backup_task:186 - Error in backup task: name 'time' is not defined
2025-05-01 20:26:46 | ERROR    | __main__:backup_task:186 - Error in backup task: name 'time' is not defined
2025-05-01 20:26:46 | ERROR    | __main__:backup_task:186 - Error in backup task: name 'time' is not defined
2025-05-01 20:26:46 | ERROR    | __main__:backup_task:186 - Error in backup task: name 'time' is not defined
2025-05-01 20:26:46 | ERROR    | __main__:backup_task:186 - Error in backup task: name 'time' is not defined
2025-05-01 20:26:46 | ERROR    | __main__:backup_task:186 - Error in backup task: name 'time' is not defined
2025-05-01 20:26:46 | ERROR    | __main__:backup_task:186 - Error in backup task: name 'time' is not defined
2025-05-01 20:26:46 | ERROR    | __main__:backup_task:186 - Error in backup task: name 'time' is not defined
2025-05-01 20:26:46 | ERROR    | __main__:backup_task:186 - Error in backup task: name 'time' is not defined
2025-05-01 20:26:46 | ERROR    | __main__:backup_task:186 - Error in backup task: name 'time' is not defined
2025-05-01 20:26:46 | ERROR    | __main__:backup_task:186 - Error in backup task: name 'time' is not defined
2025-05-01 20:26:46 | ERROR    | __main__:backup_task:186 - Error in backup task: name 'time' is not defined
2025-05-01 20:26:46 | ERROR    | __main__:backup_task:186 - Error in backup task: name 'time' is not defined
2025-05-01 20:26:46 | ERROR    | __main__:backup_task:186 - Error in backup task: name 'time' is not defined
2025-05-01 20:26:46 | ERROR    | __main__:backup_task:186 - Error in backup task: name 'time' is not defined
2025-05-01 20:26:46 | ERROR    | __main__:backup_task:186 - Error in backup task: name 'time' is not defined
2025-05-01 20:26:46 | ERROR    | __main__:backup_task:186 - Error in backup task: name 'time' is not defined
2025-05-01 20:26:46 | ERROR    | __main__:backup_task:186 - Error in backup task: name 'time' is not defined
2025-05-01 20:26:46 | ERROR    | __main__:backup_task:186 - Error in backup task: name 'time' is not defined
2025-05-01 20:26:46 | ERROR    | __main__:backup_task:186 - Error in backup task: name 'time' is not defined
2025-05-01 20:26:46 | ERROR    | __main__:backup_task:186 - Error in backup task: name 'time' is not defined
2025-05-01 20:26:46 | ERROR    | __main__:backup_task:186 - Error in backup task: name 'time' is not defined
2025-05-01 20:26:46 | ERROR    | __main__:backup_task:186 - Error in backup task: name 'time' is not defined
2025-05-01 20:26:46 | ERROR    | __main__:backup_task:186 - Error in backup task: name 'time' is not defined
2025-05-01 20:26:46 | ERROR    | __main__:backup_task:186 - Error in backup task: name 'time' is not defined
2025-05-01 20:26:46 | ERROR    | __main__:backup_task:186 - Error in backup task: name 'time' is not defined
2025-05-01 20:26:46 | ERROR    | __main__:backup_task:186 - Error in backup task: name 'time' is not defined
2025-05-01 20:26:46 | ERROR    | __main__:backup_task:186 - Error in backup task: name 'time' is not defined
2025-05-01 20:26:46 | ERROR    | __main__:backup_task:186 - Error in backup task: name 'time' is not defined
2025-05-01 20:26:46 | ERROR    | __main__:backup_task:186 - Error in backup task: name 'time' is not defined
2025-05-01 20:26:46 | ERROR    | __main__:backup_task:186 - Error in backup task: name 'time' is not defined
2025-05-01 20:26:46 | ERROR    | __main__:backup_task:186 - Error in backup task: name 'time' is not defined
2025-05-01 20:26:46 | ERROR    | __main__:backup_task:186 - Error in backup task: name 'time' is not defined
2025-05-01 20:26:46 | ERROR    | __main__:backup_task:186 - Error in backup task: name 'time' is not defined
2025-05-01 20:26:46 | ERROR    | __main__:backup_task:186 - Error in backup task: name 'time' is not defined
2025-05-01 20:26:46 | ERROR    | __main__:backup_task:186 - Error in backup task: name 'time' is not defined
2025-05-01 20:26:46 | ERROR    | __main__:backup_task:186 - Error in backup task: name 'time' is not defined
2025-05-01 20:26:46 | ERROR    | __main__:backup_task:186 - Error in backup task: name 'time' is not defined
2025-05-01 20:26:46 | ERROR    | __main__:backup_task:186 - Error in backup task: name 'time' is not defined
2025-05-01 20:26:46 | ERROR    | __main__:backup_task:186 - Error in backup task: name 'time' is not defined
2025-05-01 20:26:46 | ERROR    | __main__:backup_task:186 - Error in backup task: name 'time' is not defined
2025-05-01 20:26:46 | ERROR    | __main__:backup_task:186 - Error in backup task: name 'time' is not defined
2025-05-01 20:26:46 | ERROR    | __main__:backup_task:186 - Error in backup task: name 'time' is not defined
2025-05-01 20:26:46 | ERROR    | __main__:backup_task:186 - Error in backup task: name 'time' is not defined
2025-05-01 20:26:46 | ERROR    | __main__:backup_task:186 - Error in backup task: name 'time' is not defined
2025-05-01 20:26:46 | ERROR    | __main__:backup_task:186 - Error in backup task: name 'time' is not defined
2025-05-01 20:26:46 | ERROR    | __main__:backup_task:186 - Error in backup task: name 'time' is not defined
2025-05-01 20:26:46 | ERROR    | __main__:backup_task:186 - Error in backup task: name 'time' is not defined
2025-05-01 20:26:46 | ERROR    | __main__:backup_task:186 - Error in backup task: name 'time' is not defined
2025-05-01 20:26:46 | ERROR    | __main__:backup_task:186 - Error in backup task: name 'time' is not defined
2025-05-01 20:26:46 | ERROR    | __main__:backup_task:186 - Error in backup task: name 'time' is not defined
2025-05-01 20:26:46 | ERROR    | __main__:backup_task:186 - Error in backup task: name 'time' is not defined
2025-05-01 20:26:46 | ERROR    | __main__:backup_task:186 - Error in backup task: name 'time' is not defined
2025-05-01 20:26:46 | ERROR    | __main__:backup_task:186 - Error in backup task: name 'time' is not defined
2025-05-01 20:26:46 | ERROR    | __main__:backup_task:186 - Error in backup task: name 'time' is not defined
2025-05-01 20:26:46 | ERROR    | __main__:backup_task:186 - Error in backup task: name 'time' is not defined
2025-05-01 20:26:46 | ERROR    | __main__:backup_task:186 - Error in backup task: name 'time' is not defined
2025-05-01 20:26:46 | ERROR    | __main__:backup_task:186 - Error in backup task: name 'time' is not defined
2025-05-01 20:26:46 | ERROR    | __main__:backup_task:186 - Error in backup task: name 'time' is not defined
2025-05-01 20:26:46 | ERROR    | __main__:backup_task:186 - Error in backup task: name 'time' is not defined
2025-05-01 20:26:46 | ERROR    | __main__:backup_task:186 - Error in backup task: name 'time' is not defined
2025-05-01 20:26:46 | ERROR    | __main__:backup_task:186 - Error in backup task: name 'time' is not defined
2025-05-01 20:26:46 | ERROR    | __main__:backup_task:186 - Error in backup task: name 'time' is not defined
2025-05-01 20:26:46 | ERROR    | __main__:backup_task:186 - Error in backup task: name 'time' is not defined
2025-05-01 20:26:46 | ERROR    | __main__:backup_task:186 - Error in backup task: name 'time' is not defined
2025-05-01 20:26:46 | ERROR    | __main__:backup_task:186 - Error in backup task: name 'time' is not defined
2025-05-01 20:26:46 | ERROR    | __main__:backup_task:186 - Error in backup task: name 'time' is not defined
2025-05-01 20:26:46 | ERROR    | __main__:backup_task:186 - Error in backup task: name 'time' is not defined
2025-05-01 20:26:46 | ERROR    | __main__:backup_task:186 - Error in backup task: name 'time' is not defined
2025-05-01 20:26:46 | ERROR    | __main__:backup_task:186 - Error in backup task: name 'time' is not defined
2025-05-01 20:26:46 | ERROR    | __main__:backup_task:186 - Error in backup task: name 'time' is not defined
2025-05-01 20:26:46 | ERROR    | __main__:backup_task:186 - Error in backup task: name 'time' is not defined
2025-05-01 20:26:46 | ERROR    | __main__:backup_task:186 - Error in backup task: name 'time' is not defined
2025-05-01 20:26:46 | ERROR    | __main__:backup_task:186 - Error in backup task: name 'time' is not defined
2025-05-01 20:26:46 | ERROR    | __main__:backup_task:186 - Error in backup task: name 'time' is not defined
2025-05-01 20:26:46 | ERROR    | __main__:backup_task:186 - Error in backup task: name 'time' is not defined
2025-05-01 20:26:46 | ERROR    | __main__:backup_task:186 - Error in backup task: name 'time' is not defined
2025-05-01 20:26:46 | ERROR    | __main__:backup_task:186 - Error in backup task: name 'time' is not defined
2025-05-01 20:26:46 | ERROR    | __main__:backup_task:186 - Error in backup task: name 'time' is not defined
2025-05-01 20:26:46 | ERROR    | __main__:backup_task:186 - Error in backup task: name 'time' is not defined
2025-05-01 20:26:46 | ERROR    | __main__:backup_task:186 - Error in backup task: name 'time' is not defined
2025-05-01 20:26:46 | ERROR    | __main__:backup_task:186 - Error in backup task: name 'time' is not defined
2025-05-01 20:26:46 | ERROR    | __main__:backup_task:186 - Error in backup task: name 'time' is not defined
2025-05-01 20:26:46 | ERROR    | __main__:backup_task:186 - Error in backup task: name 'time' is not defined
2025-05-01 20:26:46 | ERROR    | __main__:backup_task:186 - Error in backup task: name 'time' is not defined
2025-05-01 20:26:46 | ERROR    | __main__:backup_task:186 - Error in backup task: name 'time' is not defined
2025-05-01 20:26:46 | ERROR    | __main__:backup_task:186 - Error in backup task: name 'time' is not defined
2025-05-01 20:26:46 | ERROR    | __main__:backup_task:186 - Error in backup task: name 'time' is not defined
2025-05-01 20:26:46 | ERROR    | __main__:backup_task:186 - Error in backup task: name 'time' is not defined
2025-05-01 20:26:46 | ERROR    | __main__:backup_task:186 - Error in backup task: name 'time' is not defined
2025-05-01 20:26:46 | ERROR    | __main__:backup_task:186 - Error in backup task: name 'time' is not defined
2025-05-01 20:26:46 | ERROR    | __main__:backup_task:186 - Error in backup task: name 'time' is not defined
2025-05-01 20:26:46 | ERROR    | __main__:backup_task:186 - Error in backup task: name 'time' is not defined
2025-05-01 20:26:46 | ERROR    | __main__:backup_task:186 - Error in backup task: name 'time' is not defined
2025-05-01 20:26:46 | ERROR    | __main__:backup_task:186 - Error in backup task: name 'time' is not defined
2025-05-01 20:26:46 | ERROR    | __main__:backup_task:186 - Error in backup task: name 'time' is not defined
2025-05-01 20:26:46 | ERROR    | __main__:backup_task:186 - Error in backup task: name 'time' is not defined
2025-05-01 20:26:46 | ERROR    | __main__:backup_task:186 - Error in backup task: name 'time' is not defined
2025-05-01 20:26:46 | ERROR    | __main__:backup_task:186 - Error in backup task: name 'time' is not defined
2025-05-01 20:26:46 | ERROR    | __main__:backup_task:186 - Error in backup task: name 'time' is not defined
2025-05-01 20:26:46 | ERROR    | __main__:backup_task:186 - Error in backup task: name 'time' is not defined
2025-05-01 20:26:46 | ERROR    | __main__:backup_task:186 - Error in backup task: name 'time' is not defined
2025-05-01 20:26:46 | ERROR    | __main__:backup_task:186 - Error in backup task: name 'time' is not defined
2025-05-01 20:26:46 | ERROR    | __main__:backup_task:186 - Error in backup task: name 'time' is not defined
2025-05-01 20:26:46 | ERROR    | __main__:backup_task:186 - Error in backup task: name 'time' is not defined
2025-05-01 20:26:46 | ERROR    | __main__:backup_task:186 - Error in backup task: name 'time' is not defined
2025-05-01 20:26:46 | ERROR    | __main__:backup_task:186 - Error in backup task: name 'time' is not defined
2025-05-01 20:26:46 | ERROR    | __main__:backup_task:186 - Error in backup task: name 'time' is not defined
2025-05-01 20:26:46 | ERROR    | __main__:backup_task:186 - Error in backup task: name 'time' is not defined
2025-05-01 20:26:46 | ERROR    | __main__:backup_task:186 - Error in backup task: name 'time' is not defined
2025-05-01 20:26:46 | ERROR    | __main__:backup_task:186 - Error in backup task: name 'time' is not defined
2025-05-01 20:26:46 | ERROR    | __main__:backup_task:186 - Error in backup task: name 'time' is not defined
2025-05-01 20:26:46 | ERROR    | __main__:backup_task:186 - Error in backup task: name 'time' is not defined
2025-05-01 20:26:46 | ERROR    | __main__:backup_task:186 - Error in backup task: name 'time' is not defined
2025-05-01 20:26:46 | ERROR    | __main__:backup_task:186 - Error in backup task: name 'time' is not defined
2025-05-01 20:26:46 | ERROR    | __main__:backup_task:186 - Error in backup task: name 'time' is not defined
2025-05-01 20:26:46 | ERROR    | __main__:backup_task:186 - Error in backup task: name 'time' is not defined
2025-05-01 20:26:46 | ERROR    | __main__:backup_task:186 - Error in backup task: name 'time' is not defined
2025-05-01 20:26:46 | ERROR    | __main__:backup_task:186 - Error in backup task: name 'time' is not defined
2025-05-01 20:26:46 | ERROR    | __main__:backup_task:186 - Error in backup task: name 'time' is not defined
2025-05-01 20:26:46 | ERROR    | __main__:backup_task:186 - Error in backup task: name 'time' is not defined
2025-05-01 20:26:46 | ERROR    | __main__:backup_task:186 - Error in backup task: name 'time' is not defined
2025-05-01 20:26:46 | ERROR    | __main__:backup_task:186 - Error in backup task: name 'time' is not defined
2025-05-01 20:26:46 | ERROR    | __main__:backup_task:186 - Error in backup task: name 'time' is not defined
2025-05-01 20:26:46 | ERROR    | __main__:backup_task:186 - Error in backup task: name 'time' is not defined
2025-05-01 20:26:46 | ERROR    | __main__:backup_task:186 - Error in backup task: name 'time' is not defined
2025-05-01 20:26:46 | ERROR    | __main__:backup_task:186 - Error in backup task: name 'time' is not defined
2025-05-01 20:26:46 | ERROR    | __main__:backup_task:186 - Error in backup task: name 'time' is not defined
2025-05-01 20:26:46 | ERROR    | __main__:backup_task:186 - Error in backup task: name 'time' is not defined
2025-05-01 20:26:46 | ERROR    | __main__:backup_task:186 - Error in backup task: name 'time' is not defined
2025-05-01 20:26:46 | ERROR    | __main__:backup_task:186 - Error in backup task: name 'time' is not defined
2025-05-01 20:26:46 | ERROR    | __main__:backup_task:186 - Error in backup task: name 'time' is not defined
2025-05-01 20:26:46 | ERROR    | __main__:backup_task:186 - Error in backup task: name 'time' is not defined
2025-05-01 20:26:46 | ERROR    | __main__:backup_task:186 - Error in backup task: name 'time' is not defined
2025-05-01 20:26:46 | ERROR    | __main__:backup_task:186 - Error in backup task: name 'time' is not defined
2025-05-01 20:26:46 | ERROR    | __main__:backup_task:186 - Error in backup task: name 'time' is not defined
2025-05-01 20:26:46 | ERROR    | __main__:backup_task:186 - Error in backup task: name 'time' is not defined
2025-05-01 20:26:46 | ERROR    | __main__:backup_task:186 - Error in backup task: name 'time' is not defined
2025-05-01 20:26:46 | ERROR    | __main__:backup_task:186 - Error in backup task: name 'time' is not defined
2025-05-01 20:26:46 | ERROR    | __main__:backup_task:186 - Error in backup task: name 'time' is not defined
2025-05-01 20:26:46 | ERROR    | __main__:backup_task:186 - Error in backup task: name 'time' is not defined
2025-05-01 20:26:46 | ERROR    | __main__:backup_task:186 - Error in backup task: name 'time' is not defined
2025-05-01 20:26:46 | ERROR    | __main__:backup_task:186 - Error in backup task: name 'time' is not defined
2025-05-01 20:26:46 | ERROR    | __main__:backup_task:186 - Error in backup task: name 'time' is not defined
2025-05-01 20:26:46 | ERROR    | __main__:backup_task:186 - Error in backup task: name 'time' is not defined
2025-05-01 20:26:46 | ERROR    | __main__:backup_task:186 - Error in backup task: name 'time' is not defined
2025-05-01 20:26:46 | ERROR    | __main__:backup_task:186 - Error in backup task: name 'time' is not defined
2025-05-01 20:26:46 | ERROR    | __main__:backup_task:186 - Error in backup task: name 'time' is not defined
2025-05-01 20:26:46 | ERROR    | __main__:backup_task:186 - Error in backup task: name 'time' is not defined
2025-05-01 20:26:46 | ERROR    | __main__:backup_task:186 - Error in backup task: name 'time' is not defined
2025-05-01 20:26:46 | ERROR    | __main__:backup_task:186 - Error in backup task: name 'time' is not defined
2025-05-01 20:26:46 | ERROR    | __main__:backup_task:186 - Error in backup task: name 'time' is not defined
2025-05-01 20:26:46 | ERROR    | __main__:backup_task:186 - Error in backup task: name 'time' is not defined
2025-05-01 20:26:46 | ERROR    | __main__:backup_task:186 - Error in backup task: name 'time' is not defined
2025-05-01 20:26:46 | ERROR    | __main__:backup_task:186 - Error in backup task: name 'time' is not defined
2025-05-01 20:26:46 | ERROR    | __main__:backup_task:186 - Error in backup task: name 'time' is not defined
2025-05-01 20:26:46 | ERROR    | __main__:backup_task:186 - Error in backup task: name 'time' is not defined
2025-05-01 20:26:46 | ERROR    | __main__:backup_task:186 - Error in backup task: name 'time' is not defined
2025-05-01 20:26:46 | ERROR    | __main__:backup_task:186 - Error in backup task: name 'time' is not defined
2025-05-01 20:26:46 | ERROR    | __main__:backup_task:186 - Error in backup task: name 'time' is not defined
2025-05-01 20:26:46 | ERROR    | __main__:backup_task:186 - Error in backup task: name 'time' is not defined
2025-05-01 20:26:46 | ERROR    | __main__:backup_task:186 - Error in backup task: name 'time' is not defined
2025-05-01 20:26:46 | ERROR    | __main__:backup_task:186 - Error in backup task: name 'time' is not defined
2025-05-01 20:26:46 | ERROR    | __main__:backup_task:186 - Error in backup task: name 'time' is not defined
2025-05-01 20:26:46 | ERROR    | __main__:backup_task:186 - Error in backup task: name 'time' is not defined
2025-05-01 20:26:46 | ERROR    | __main__:backup_task:186 - Error in backup task: name 'time' is not defined
2025-05-01 20:26:46 | ERROR    | __main__:backup_task:186 - Error in backup task: name 'time' is not defined
2025-05-01 20:26:46 | ERROR    | __main__:backup_task:186 - Error in backup task: name 'time' is not defined
2025-05-01 20:26:46 | ERROR    | __main__:backup_task:186 - Error in backup task: name 'time' is not defined
2025-05-01 20:26:46 | ERROR    | __main__:backup_task:186 - Error in backup task: name 'time' is not defined
2025-05-01 20:26:46 | ERROR    | __main__:backup_task:186 - Error in backup task: name 'time' is not defined
2025-05-01 20:26:46 | ERROR    | __main__:backup_task:186 - Error in backup task: name 'time' is not defined
2025-05-01 20:26:46 | ERROR    | __main__:backup_task:186 - Error in backup task: name 'time' is not defined
2025-05-01 20:26:46 | ERROR    | __main__:backup_task:186 - Error in backup task: name 'time' is not defined
2025-05-01 20:26:46 | ERROR    | __main__:backup_task:186 - Error in backup task: name 'time' is not defined
2025-05-01 20:26:46 | ERROR    | __main__:backup_task:186 - Error in backup task: name 'time' is not defined
2025-05-01 20:26:46 | ERROR    | __main__:backup_task:186 - Error in backup task: name 'time' is not defined
2025-05-01 20:26:46 | ERROR    | __main__:backup_task:186 - Error in backup task: name 'time' is not defined
2025-05-01 20:26:46 | ERROR    | __main__:backup_task:186 - Error in backup task: name 'time' is not defined
2025-05-01 20:26:46 | ERROR    | __main__:backup_task:186 - Error in backup task: name 'time' is not defined
2025-05-01 20:26:46 | ERROR    | __main__:backup_task:186 - Error in backup task: name 'time' is not defined
2025-05-01 20:26:46 | ERROR    | __main__:backup_task:186 - Error in backup task: name 'time' is not defined
2025-05-01 20:26:46 | ERROR    | __main__:backup_task:186 - Error in backup task: name 'time' is not defined
2025-05-01 20:26:46 | ERROR    | __main__:backup_task:186 - Error in backup task: name 'time' is not defined
2025-05-01 20:26:46 | ERROR    | __main__:backup_task:186 - Error in backup task: name 'time' is not defined
2025-05-01 20:26:46 | ERROR    | __main__:backup_task:186 - Error in backup task: name 'time' is not defined
2025-05-01 20:26:46 | ERROR    | __main__:backup_task:186 - Error in backup task: name 'time' is not defined
2025-05-01 20:26:46 | ERROR    | __main__:backup_task:186 - Error in backup task: name 'time' is not defined
2025-05-01 20:26:46 | ERROR    | __main__:backup_task:186 - Error in backup task: name 'time' is not defined
2025-05-01 20:26:46 | ERROR    | __main__:backup_task:186 - Error in backup task: name 'time' is not defined
2025-05-01 20:26:46 | ERROR    | __main__:backup_task:186 - Error in backup task: name 'time' is not defined
2025-05-01 20:26:46 | ERROR    | __main__:backup_task:186 - Error in backup task: name 'time' is not defined
2025-05-01 20:26:46 | ERROR    | __main__:backup_task:186 - Error in backup task: name 'time' is not defined
2025-05-01 20:26:46 | ERROR    | __main__:backup_task:186 - Error in backup task: name 'time' is not defined
2025-05-01 20:26:46 | ERROR    | __main__:backup_task:186 - Error in backup task: name 'time' is not defined
2025-05-01 20:26:46 | ERROR    | __main__:backup_task:186 - Error in backup task: name 'time' is not defined
2025-05-01 20:26:46 | ERROR    | __main__:backup_task:186 - Error in backup task: name 'time' is not defined
2025-05-01 20:26:46 | ERROR    | __main__:backup_task:186 - Error in backup task: name 'time' is not defined
2025-05-01 20:26:46 | ERROR    | __main__:backup_task:186 - Error in backup task: name 'time' is not defined
2025-05-01 20:26:46 | ERROR    | __main__:backup_task:186 - Error in backup task: name 'time' is not defined
2025-05-01 20:26:46 | ERROR    | __main__:backup_task:186 - Error in backup task: name 'time' is not defined
2025-05-01 20:26:46 | ERROR    | __main__:backup_task:186 - Error in backup task: name 'time' is not defined
2025-05-01 20:26:46 | ERROR    | __main__:backup_task:186 - Error in backup task: name 'time' is not defined
2025-05-01 20:26:46 | ERROR    | __main__:backup_task:186 - Error in backup task: name 'time' is not defined
2025-05-01 20:26:46 | ERROR    | __main__:backup_task:186 - Error in backup task: name 'time' is not defined
2025-05-01 20:26:46 | ERROR    | __main__:backup_task:186 - Error in backup task: name 'time' is not defined
2025-05-01 20:26:46 | ERROR    | __main__:backup_task:186 - Error in backup task: name 'time' is not defined
2025-05-01 20:26:46 | ERROR    | __main__:backup_task:186 - Error in backup task: name 'time' is not defined
2025-05-01 20:26:46 | ERROR    | __main__:backup_task:186 - Error in backup task: name 'time' is not defined
2025-05-01 20:26:46 | ERROR    | __main__:backup_task:186 - Error in backup task: name 'time' is not defined
2025-05-01 20:26:46 | ERROR    | __main__:backup_task:186 - Error in backup task: name 'time' is not defined
2025-05-01 20:26:46 | ERROR    | __main__:backup_task:186 - Error in backup task: name 'time' is not defined
2025-05-01 20:26:46 | ERROR    | __main__:backup_task:186 - Error in backup task: name 'time' is not defined
2025-05-01 20:26:46 | ERROR    | __main__:backup_task:186 - Error in backup task: name 'time' is not defined
2025-05-01 20:26:46 | ERROR    | __main__:backup_task:186 - Error in backup task: name 'time' is not defined
2025-05-01 20:26:46 | ERROR    | __main__:backup_task:186 - Error in backup task: name 'time' is not defined
2025-05-01 20:26:46 | ERROR    | __main__:backup_task:186 - Error in backup task: name 'time' is not defined
2025-05-01 20:26:46 | ERROR    | __main__:backup_task:186 - Error in backup task: name 'time' is not defined
2025-05-01 20:26:46 | ERROR    | __main__:backup_task:186 - Error in backup task: name 'time' is not defined
2025-05-01 20:26:46 | ERROR    | __main__:backup_task:186 - Error in backup task: name 'time' is not defined
2025-05-01 20:26:46 | ERROR    | __main__:backup_task:186 - Error in backup task: name 'time' is not defined
2025-05-01 20:26:46 | ERROR    | __main__:backup_task:186 - Error in backup task: name 'time' is not defined
2025-05-01 20:26:46 | ERROR    | __main__:backup_task:186 - Error in backup task: name 'time' is not defined
2025-05-01 20:26:46 | ERROR    | __main__:backup_task:186 - Error in backup task: name 'time' is not defined
2025-05-01 20:26:46 | ERROR    | __main__:backup_task:186 - Error in backup task: name 'time' is not defined
2025-05-01 20:26:46 | ERROR    | __main__:backup_task:186 - Error in backup task: name 'time' is not defined
2025-05-01 20:26:46 | ERROR    | __main__:backup_task:186 - Error in backup task: name 'time' is not defined
2025-05-01 20:26:46 | ERROR    | __main__:backup_task:186 - Error in backup task: name 'time' is not defined
2025-05-01 20:26:46 | ERROR    | __main__:backup_task:186 - Error in backup task: name 'time' is not defined
2025-05-01 20:26:46 | ERROR    | __main__:backup_task:186 - Error in backup task: name 'time' is not defined
2025-05-01 20:26:46 | ERROR    | __main__:backup_task:186 - Error in backup task: name 'time' is not defined
2025-05-01 20:26:46 | ERROR    | __main__:backup_task:186 - Error in backup task: name 'time' is not defined
2025-05-01 20:26:46 | ERROR    | __main__:backup_task:186 - Error in backup task: name 'time' is not defined
2025-05-01 20:26:46 | ERROR    | __main__:backup_task:186 - Error in backup task: name 'time' is not defined
2025-05-01 20:26:46 | ERROR    | __main__:backup_task:186 - Error in backup task: name 'time' is not defined
2025-05-01 20:26:46 | ERROR    | __main__:backup_task:186 - Error in backup task: name 'time' is not defined
2025-05-01 20:26:46 | ERROR    | __main__:backup_task:186 - Error in backup task: name 'time' is not defined
2025-05-01 20:26:46 | ERROR    | __main__:backup_task:186 - Error in backup task: name 'time' is not defined
2025-05-01 20:26:46 | ERROR    | __main__:backup_task:186 - Error in backup task: name 'time' is not defined
2025-05-01 20:26:46 | ERROR    | __main__:backup_task:186 - Error in backup task: name 'time' is not defined
2025-05-01 20:26:46 | ERROR    | __main__:backup_task:186 - Error in backup task: name 'time' is not defined
2025-05-01 20:26:46 | ERROR    | __main__:backup_task:186 - Error in backup task: name 'time' is not defined
2025-05-01 20:26:46 | ERROR    | __main__:backup_task:186 - Error in backup task: name 'time' is not defined
2025-05-01 20:26:46 | ERROR    | __main__:backup_task:186 - Error in backup task: name 'time' is not defined
2025-05-01 20:26:46 | ERROR    | __main__:backup_task:186 - Error in backup task: name 'time' is not defined
2025-05-01 20:26:46 | ERROR    | __main__:backup_task:186 - Error in backup task: name 'time' is not defined
2025-05-01 20:26:46 | ERROR    | __main__:backup_task:186 - Error in backup task: name 'time' is not defined
2025-05-01 20:26:46 | ERROR    | __main__:backup_task:186 - Error in backup task: name 'time' is not defined
2025-05-01 20:26:46 | ERROR    | __main__:backup_task:186 - Error in backup task: name 'time' is not defined
2025-05-01 20:26:46 | ERROR    | __main__:backup_task:186 - Error in backup task: name 'time' is not defined
2025-05-01 20:26:46 | ERROR    | __main__:backup_task:186 - Error in backup task: name 'time' is not defined
2025-05-01 20:26:46 | ERROR    | __main__:backup_task:186 - Error in backup task: name 'time' is not defined
2025-05-01 20:26:46 | ERROR    | __main__:backup_task:186 - Error in backup task: name 'time' is not defined
2025-05-01 20:26:46 | ERROR    | __main__:backup_task:186 - Error in backup task: name 'time' is not defined
2025-05-01 20:26:46 | ERROR    | __main__:backup_task:186 - Error in backup task: name 'time' is not defined
2025-05-01 20:26:46 | ERROR    | __main__:backup_task:186 - Error in backup task: name 'time' is not defined
2025-05-01 20:26:46 | ERROR    | __main__:backup_task:186 - Error in backup task: name 'time' is not defined
2025-05-01 20:26:46 | ERROR    | __main__:backup_task:186 - Error in backup task: name 'time' is not defined
2025-05-01 20:26:46 | ERROR    | __main__:backup_task:186 - Error in backup task: name 'time' is not defined
2025-05-01 20:26:46 | ERROR    | __main__:backup_task:186 - Error in backup task: name 'time' is not defined
2025-05-01 20:26:46 | ERROR    | __main__:backup_task:186 - Error in backup task: name 'time' is not defined
2025-05-01 20:26:46 | ERROR    | __main__:backup_task:186 - Error in backup task: name 'time' is not defined
2025-05-01 20:26:46 | ERROR    | __main__:backup_task:186 - Error in backup task: name 'time' is not defined
2025-05-01 20:26:46 | ERROR    | __main__:backup_task:186 - Error in backup task: name 'time' is not defined
2025-05-01 20:26:46 | ERROR    | __main__:backup_task:186 - Error in backup task: name 'time' is not defined
2025-05-01 20:26:46 | ERROR    | __main__:backup_task:186 - Error in backup task: name 'time' is not defined
2025-05-01 20:26:46 | ERROR    | __main__:backup_task:186 - Error in backup task: name 'time' is not defined
2025-05-01 20:26:46 | ERROR    | __main__:backup_task:186 - Error in backup task: name 'time' is not defined
2025-05-01 20:26:46 | ERROR    | __main__:backup_task:186 - Error in backup task: name 'time' is not defined
2025-05-01 20:26:46 | ERROR    | __main__:backup_task:186 - Error in backup task: name 'time' is not defined
2025-05-01 20:26:46 | ERROR    | __main__:backup_task:186 - Error in backup task: name 'time' is not defined
2025-05-01 20:26:46 | ERROR    | __main__:backup_task:186 - Error in backup task: name 'time' is not defined
2025-05-01 20:26:46 | ERROR    | __main__:backup_task:186 - Error in backup task: name 'time' is not defined
2025-05-01 20:26:46 | ERROR    | __main__:backup_task:186 - Error in backup task: name 'time' is not defined
2025-05-01 20:26:46 | ERROR    | __main__:backup_task:186 - Error in backup task: name 'time' is not defined
2025-05-01 20:26:46 | ERROR    | __main__:backup_task:186 - Error in backup task: name 'time' is not defined
2025-05-01 20:26:46 | ERROR    | __main__:backup_task:186 - Error in backup task: name 'time' is not defined
2025-05-01 20:26:46 | ERROR    | __main__:backup_task:186 - Error in backup task: name 'time' is not defined
2025-05-01 20:26:46 | ERROR    | __main__:backup_task:186 - Error in backup task: name 'time' is not defined
2025-05-01 20:26:46 | ERROR    | __main__:backup_task:186 - Error in backup task: name 'time' is not defined
2025-05-01 20:26:46 | ERROR    | __main__:backup_task:186 - Error in backup task: name 'time' is not defined
2025-05-01 20:26:46 | ERROR    | __main__:backup_task:186 - Error in backup task: name 'time' is not defined
2025-05-01 20:26:46 | ERROR    | __main__:backup_task:186 - Error in backup task: name 'time' is not defined
2025-05-01 20:26:46 | ERROR    | __main__:backup_task:186 - Error in backup task: name 'time' is not defined
2025-05-01 20:26:46 | ERROR    | __main__:backup_task:186 - Error in backup task: name 'time' is not defined
2025-05-01 20:26:46 | ERROR    | __main__:backup_task:186 - Error in backup task: name 'time' is not defined
2025-05-01 20:26:46 | ERROR    | __main__:backup_task:186 - Error in backup task: name 'time' is not defined
2025-05-01 20:26:46 | ERROR    | __main__:backup_task:186 - Error in backup task: name 'time' is not defined
2025-05-01 20:26:46 | ERROR    | __main__:backup_task:186 - Error in backup task: name 'time' is not defined
2025-05-01 20:26:46 | ERROR    | __main__:backup_task:186 - Error in backup task: name 'time' is not defined
2025-05-01 20:26:46 | ERROR    | __main__:backup_task:186 - Error in backup task: name 'time' is not defined
2025-05-01 20:26:46 | ERROR    | __main__:backup_task:186 - Error in backup task: name 'time' is not defined
2025-05-01 20:26:46 | ERROR    | __main__:backup_task:186 - Error in backup task: name 'time' is not defined
2025-05-01 20:26:46 | ERROR    | __main__:backup_task:186 - Error in backup task: name 'time' is not defined
2025-05-01 20:26:46 | ERROR    | __main__:backup_task:186 - Error in backup task: name 'time' is not defined
2025-05-01 20:26:46 | ERROR    | __main__:backup_task:186 - Error in backup task: name 'time' is not defined
2025-05-01 20:26:46 | ERROR    | __main__:backup_task:186 - Error in backup task: name 'time' is not defined
2025-05-01 20:26:46 | ERROR    | __main__:backup_task:186 - Error in backup task: name 'time' is not defined
2025-05-01 20:26:46 | ERROR    | __main__:backup_task:186 - Error in backup task: name 'time' is not defined
2025-05-01 20:26:46 | ERROR    | __main__:backup_task:186 - Error in backup task: name 'time' is not defined
2025-05-01 20:26:46 | ERROR    | __main__:backup_task:186 - Error in backup task: name 'time' is not defined
2025-05-01 20:26:46 | ERROR    | __main__:backup_task:186 - Error in backup task: name 'time' is not defined
2025-05-01 20:26:46 | ERROR    | __main__:backup_task:186 - Error in backup task: name 'time' is not defined
2025-05-01 20:26:46 | ERROR    | __main__:backup_task:186 - Error in backup task: name 'time' is not defined
2025-05-01 20:26:46 | ERROR    | __main__:backup_task:186 - Error in backup task: name 'time' is not defined
2025-05-01 20:26:46 | ERROR    | __main__:backup_task:186 - Error in backup task: name 'time' is not defined
2025-05-01 20:26:46 | ERROR    | __main__:backup_task:186 - Error in backup task: name 'time' is not defined
2025-05-01 20:26:46 | ERROR    | __main__:backup_task:186 - Error in backup task: name 'time' is not defined
2025-05-01 20:26:46 | ERROR    | __main__:backup_task:186 - Error in backup task: name 'time' is not defined
2025-05-01 20:26:46 | ERROR    | __main__:backup_task:186 - Error in backup task: name 'time' is not defined
2025-05-01 20:26:46 | ERROR    | __main__:backup_task:186 - Error in backup task: name 'time' is not defined
2025-05-01 20:26:46 | ERROR    | __main__:backup_task:186 - Error in backup task: name 'time' is not defined
2025-05-01 20:26:46 | ERROR    | __main__:backup_task:186 - Error in backup task: name 'time' is not defined
2025-05-01 20:26:46 | ERROR    | __main__:backup_task:186 - Error in backup task: name 'time' is not defined
2025-05-01 20:26:46 | ERROR    | __main__:backup_task:186 - Error in backup task: name 'time' is not defined
2025-05-01 20:26:46 | ERROR    | __main__:backup_task:186 - Error in backup task: name 'time' is not defined
2025-05-01 20:26:46 | ERROR    | __main__:backup_task:186 - Error in backup task: name 'time' is not defined
2025-05-01 20:26:46 | ERROR    | __main__:backup_task:186 - Error in backup task: name 'time' is not defined
2025-05-01 20:26:46 | ERROR    | __main__:backup_task:186 - Error in backup task: name 'time' is not defined
2025-05-01 20:26:46 | ERROR    | __main__:backup_task:186 - Error in backup task: name 'time' is not defined
2025-05-01 20:26:46 | ERROR    | __main__:backup_task:186 - Error in backup task: name 'time' is not defined
2025-05-01 20:26:46 | ERROR    | __main__:backup_task:186 - Error in backup task: name 'time' is not defined
2025-05-01 20:26:46 | ERROR    | __main__:backup_task:186 - Error in backup task: name 'time' is not defined
2025-05-01 20:26:46 | ERROR    | __main__:backup_task:186 - Error in backup task: name 'time' is not defined
2025-05-01 20:26:46 | ERROR    | __main__:backup_task:186 - Error in backup task: name 'time' is not defined
2025-05-01 20:26:46 | ERROR    | __main__:backup_task:186 - Error in backup task: name 'time' is not defined
2025-05-01 20:26:46 | ERROR    | __main__:backup_task:186 - Error in backup task: name 'time' is not defined
2025-05-01 20:26:46 | ERROR    | __main__:backup_task:186 - Error in backup task: name 'time' is not defined
2025-05-01 20:26:46 | ERROR    | __main__:backup_task:186 - Error in backup task: name 'time' is not defined
2025-05-01 20:26:46 | ERROR    | __main__:backup_task:186 - Error in backup task: name 'time' is not defined
2025-05-01 20:26:46 | ERROR    | __main__:backup_task:186 - Error in backup task: name 'time' is not defined
2025-05-01 20:26:46 | ERROR    | __main__:backup_task:186 - Error in backup task: name 'time' is not defined
2025-05-01 20:26:46 | ERROR    | __main__:backup_task:186 - Error in backup task: name 'time' is not defined
2025-05-01 20:26:46 | ERROR    | __main__:backup_task:186 - Error in backup task: name 'time' is not defined
2025-05-01 20:26:46 | ERROR    | __main__:backup_task:186 - Error in backup task: name 'time' is not defined
2025-05-01 20:26:46 | ERROR    | __main__:backup_task:186 - Error in backup task: name 'time' is not defined
2025-05-01 20:26:46 | ERROR    | __main__:backup_task:186 - Error in backup task: name 'time' is not defined
2025-05-01 20:26:46 | ERROR    | __main__:backup_task:186 - Error in backup task: name 'time' is not defined
2025-05-01 20:26:46 | ERROR    | __main__:backup_task:186 - Error in backup task: name 'time' is not defined
2025-05-01 20:26:46 | ERROR    | __main__:backup_task:186 - Error in backup task: name 'time' is not defined
2025-05-01 20:26:46 | ERROR    | __main__:backup_task:186 - Error in backup task: name 'time' is not defined
2025-05-01 20:26:46 | ERROR    | __main__:backup_task:186 - Error in backup task: name 'time' is not defined
2025-05-01 20:26:46 | ERROR    | __main__:backup_task:186 - Error in backup task: name 'time' is not defined
2025-05-01 20:26:46 | ERROR    | __main__:backup_task:186 - Error in backup task: name 'time' is not defined
2025-05-01 20:26:46 | ERROR    | __main__:backup_task:186 - Error in backup task: name 'time' is not defined
2025-05-01 20:26:46 | ERROR    | __main__:backup_task:186 - Error in backup task: name 'time' is not defined
2025-05-01 20:26:46 | ERROR    | __main__:backup_task:186 - Error in backup task: name 'time' is not defined
2025-05-01 20:26:46 | ERROR    | __main__:backup_task:186 - Error in backup task: name 'time' is not defined
2025-05-01 20:26:46 | ERROR    | __main__:backup_task:186 - Error in backup task: name 'time' is not defined
2025-05-01 20:26:46 | ERROR    | __main__:backup_task:186 - Error in backup task: name 'time' is not defined
2025-05-01 20:26:46 | ERROR    | __main__:backup_task:186 - Error in backup task: name 'time' is not defined
2025-05-01 20:26:46 | ERROR    | __main__:backup_task:186 - Error in backup task: name 'time' is not defined
2025-05-01 20:26:46 | ERROR    | __main__:backup_task:186 - Error in backup task: name 'time' is not defined
2025-05-01 20:26:46 | ERROR    | __main__:backup_task:186 - Error in backup task: name 'time' is not defined
2025-05-01 20:26:46 | ERROR    | __main__:backup_task:186 - Error in backup task: name 'time' is not defined
2025-05-01 20:26:46 | ERROR    | __main__:backup_task:186 - Error in backup task: name 'time' is not defined
2025-05-01 20:26:46 | ERROR    | __main__:backup_task:186 - Error in backup task: name 'time' is not defined
2025-05-01 20:26:46 | ERROR    | __main__:backup_task:186 - Error in backup task: name 'time' is not defined
2025-05-01 20:26:46 | ERROR    | __main__:backup_task:186 - Error in backup task: name 'time' is not defined
2025-05-01 20:26:46 | ERROR    | __main__:backup_task:186 - Error in backup task: name 'time' is not defined
2025-05-01 20:26:46 | ERROR    | __main__:backup_task:186 - Error in backup task: name 'time' is not defined
2025-05-01 20:26:46 | ERROR    | __main__:backup_task:186 - Error in backup task: name 'time' is not defined
2025-05-01 20:26:46 | ERROR    | __main__:backup_task:186 - Error in backup task: name 'time' is not defined
2025-05-01 20:26:46 | ERROR    | __main__:backup_task:186 - Error in backup task: name 'time' is not defined
2025-05-01 20:26:46 | ERROR    | __main__:backup_task:186 - Error in backup task: name 'time' is not defined
2025-05-01 20:26:46 | ERROR    | __main__:backup_task:186 - Error in backup task: name 'time' is not defined
2025-05-01 20:26:46 | ERROR    | __main__:backup_task:186 - Error in backup task: name 'time' is not defined
2025-05-01 20:26:46 | ERROR    | __main__:backup_task:186 - Error in backup task: name 'time' is not defined
2025-05-01 20:26:46 | ERROR    | __main__:backup_task:186 - Error in backup task: name 'time' is not defined
2025-05-01 20:26:46 | ERROR    | __main__:backup_task:186 - Error in backup task: name 'time' is not defined
2025-05-01 20:26:46 | ERROR    | __main__:backup_task:186 - Error in backup task: name 'time' is not defined
2025-05-01 20:26:46 | ERROR    | __main__:backup_task:186 - Error in backup task: name 'time' is not defined
2025-05-01 20:26:46 | ERROR    | __main__:backup_task:186 - Error in backup task: name 'time' is not defined
2025-05-01 20:26:46 | ERROR    | __main__:backup_task:186 - Error in backup task: name 'time' is not defined
2025-05-01 20:26:46 | ERROR    | __main__:backup_task:186 - Error in backup task: name 'time' is not defined
2025-05-01 20:26:46 | ERROR    | __main__:backup_task:186 - Error in backup task: name 'time' is not defined
2025-05-01 20:26:46 | ERROR    | __main__:backup_task:186 - Error in backup task: name 'time' is not defined
2025-05-01 20:26:46 | ERROR    | __main__:backup_task:186 - Error in backup task: name 'time' is not defined
2025-05-01 20:26:46 | ERROR    | __main__:backup_task:186 - Error in backup task: name 'time' is not defined
2025-05-01 20:26:46 | ERROR    | __main__:backup_task:186 - Error in backup task: name 'time' is not defined
2025-05-01 20:26:46 | ERROR    | __main__:backup_task:186 - Error in backup task: name 'time' is not defined
2025-05-01 20:26:46 | ERROR    | __main__:backup_task:186 - Error in backup task: name 'time' is not defined
2025-05-01 20:26:46 | ERROR    | __main__:backup_task:186 - Error in backup task: name 'time' is not defined
2025-05-01 20:26:46 | ERROR    | __main__:backup_task:186 - Error in backup task: name 'time' is not defined
2025-05-01 20:26:46 | ERROR    | __main__:backup_task:186 - Error in backup task: name 'time' is not defined
2025-05-01 20:26:46 | ERROR    | __main__:backup_task:186 - Error in backup task: name 'time' is not defined
2025-05-01 20:26:46 | ERROR    | __main__:backup_task:186 - Error in backup task: name 'time' is not defined
2025-05-01 20:26:46 | ERROR    | __main__:backup_task:186 - Error in backup task: name 'time' is not defined
2025-05-01 20:26:46 | ERROR    | __main__:backup_task:186 - Error in backup task: name 'time' is not defined
2025-05-01 20:26:46 | ERROR    | __main__:backup_task:186 - Error in backup task: name 'time' is not defined
2025-05-01 20:26:46 | ERROR    | __main__:backup_task:186 - Error in backup task: name 'time' is not defined
2025-05-01 20:26:46 | ERROR    | __main__:backup_task:186 - Error in backup task: name 'time' is not defined
2025-05-01 20:26:46 | ERROR    | __main__:backup_task:186 - Error in backup task: name 'time' is not defined
2025-05-01 20:26:46 | ERROR    | __main__:backup_task:186 - Error in backup task: name 'time' is not defined
2025-05-01 20:26:46 | ERROR    | __main__:backup_task:186 - Error in backup task: name 'time' is not defined
2025-05-01 20:26:46 | ERROR    | __main__:backup_task:186 - Error in backup task: name 'time' is not defined
2025-05-01 20:26:46 | ERROR    | __main__:backup_task:186 - Error in backup task: name 'time' is not defined
2025-05-01 20:26:46 | ERROR    | __main__:backup_task:186 - Error in backup task: name 'time' is not defined
2025-05-01 20:26:46 | ERROR    | __main__:backup_task:186 - Error in backup task: name 'time' is not defined
2025-05-01 20:26:46 | ERROR    | __main__:backup_task:186 - Error in backup task: name 'time' is not defined
2025-05-01 20:26:46 | ERROR    | __main__:backup_task:186 - Error in backup task: name 'time' is not defined
2025-05-01 20:26:46 | ERROR    | __main__:backup_task:186 - Error in backup task: name 'time' is not defined
2025-05-01 20:26:46 | ERROR    | __main__:backup_task:186 - Error in backup task: name 'time' is not defined
2025-05-01 20:26:46 | ERROR    | __main__:backup_task:186 - Error in backup task: name 'time' is not defined
2025-05-01 20:26:46 | ERROR    | __main__:backup_task:186 - Error in backup task: name 'time' is not defined
2025-05-01 20:26:46 | ERROR    | __main__:backup_task:186 - Error in backup task: name 'time' is not defined
2025-05-01 20:26:46 | ERROR    | __main__:backup_task:186 - Error in backup task: name 'time' is not defined
2025-05-01 20:26:46 | ERROR    | __main__:backup_task:186 - Error in backup task: name 'time' is not defined
2025-05-01 20:26:46 | ERROR    | __main__:backup_task:186 - Error in backup task: name 'time' is not defined
2025-05-01 20:26:46 | ERROR    | __main__:backup_task:186 - Error in backup task: name 'time' is not defined
2025-05-01 20:26:46 | ERROR    | __main__:backup_task:186 - Error in backup task: name 'time' is not defined
2025-05-01 20:26:46 | ERROR    | __main__:backup_task:186 - Error in backup task: name 'time' is not defined
2025-05-01 20:26:46 | ERROR    | __main__:backup_task:186 - Error in backup task: name 'time' is not defined
2025-05-01 20:26:46 | ERROR    | __main__:backup_task:186 - Error in backup task: name 'time' is not defined
2025-05-01 20:26:46 | ERROR    | __main__:backup_task:186 - Error in backup task: name 'time' is not defined
2025-05-01 20:26:46 | ERROR    | __main__:backup_task:186 - Error in backup task: name 'time' is not defined
2025-05-01 20:26:46 | ERROR    | __main__:backup_task:186 - Error in backup task: name 'time' is not defined
2025-05-01 20:26:46 | ERROR    | __main__:backup_task:186 - Error in backup task: name 'time' is not defined
2025-05-01 20:26:46 | ERROR    | __main__:backup_task:186 - Error in backup task: name 'time' is not defined
2025-05-01 20:26:46 | ERROR    | __main__:backup_task:186 - Error in backup task: name 'time' is not defined
2025-05-01 20:26:46 | ERROR    | __main__:backup_task:186 - Error in backup task: name 'time' is not defined
2025-05-01 20:26:46 | ERROR    | __main__:backup_task:186 - Error in backup task: name 'time' is not defined
2025-05-01 20:26:46 | ERROR    | __main__:backup_task:186 - Error in backup task: name 'time' is not defined
2025-05-01 20:26:46 | ERROR    | __main__:backup_task:186 - Error in backup task: name 'time' is not defined
2025-05-01 20:26:46 | ERROR    | __main__:backup_task:186 - Error in backup task: name 'time' is not defined
2025-05-01 20:26:46 | ERROR    | __main__:backup_task:186 - Error in backup task: name 'time' is not defined
2025-05-01 20:26:46 | ERROR    | __main__:backup_task:186 - Error in backup task: name 'time' is not defined
2025-05-01 20:26:46 | ERROR    | __main__:backup_task:186 - Error in backup task: name 'time' is not defined
2025-05-01 20:26:46 | ERROR    | __main__:backup_task:186 - Error in backup task: name 'time' is not defined
2025-05-01 20:26:46 | ERROR    | __main__:backup_task:186 - Error in backup task: name 'time' is not defined
2025-05-01 20:26:46 | ERROR    | __main__:backup_task:186 - Error in backup task: name 'time' is not defined
2025-05-01 20:26:46 | ERROR    | __main__:backup_task:186 - Error in backup task: name 'time' is not defined
2025-05-01 20:26:46 | ERROR    | __main__:backup_task:186 - Error in backup task: name 'time' is not defined
2025-05-01 20:26:46 | ERROR    | __main__:backup_task:186 - Error in backup task: name 'time' is not defined
2025-05-01 20:26:46 | ERROR    | __main__:backup_task:186 - Error in backup task: name 'time' is not defined
2025-05-01 20:26:46 | ERROR    | __main__:backup_task:186 - Error in backup task: name 'time' is not defined
2025-05-01 20:26:46 | ERROR    | __main__:backup_task:186 - Error in backup task: name 'time' is not defined
2025-05-01 20:26:46 | ERROR    | __main__:backup_task:186 - Error in backup task: name 'time' is not defined
2025-05-01 20:26:46 | ERROR    | __main__:backup_task:186 - Error in backup task: name 'time' is not defined
2025-05-01 20:26:46 | ERROR    | __main__:backup_task:186 - Error in backup task: name 'time' is not defined
2025-05-01 20:26:46 | ERROR    | __main__:backup_task:186 - Error in backup task: name 'time' is not defined
2025-05-01 20:26:46 | ERROR    | __main__:backup_task:186 - Error in backup task: name 'time' is not defined
2025-05-01 20:26:46 | ERROR    | __main__:backup_task:186 - Error in backup task: name 'time' is not defined
2025-05-01 20:26:46 | ERROR    | __main__:backup_task:186 - Error in backup task: name 'time' is not defined
2025-05-01 20:26:46 | ERROR    | __main__:backup_task:186 - Error in backup task: name 'time' is not defined
2025-05-01 20:26:46 | ERROR    | __main__:backup_task:186 - Error in backup task: name 'time' is not defined
2025-05-01 20:26:46 | ERROR    | __main__:backup_task:186 - Error in backup task: name 'time' is not defined
2025-05-01 20:26:46 | ERROR    | __main__:backup_task:186 - Error in backup task: name 'time' is not defined
2025-05-01 20:26:46 | ERROR    | __main__:backup_task:186 - Error in backup task: name 'time' is not defined
2025-05-01 20:26:46 | ERROR    | __main__:backup_task:186 - Error in backup task: name 'time' is not defined
2025-05-01 20:26:46 | ERROR    | __main__:backup_task:186 - Error in backup task: name 'time' is not defined
2025-05-01 20:26:46 | ERROR    | __main__:backup_task:186 - Error in backup task: name 'time' is not defined
2025-05-01 20:26:46 | ERROR    | __main__:backup_task:186 - Error in backup task: name 'time' is not defined
2025-05-01 20:26:46 | ERROR    | __main__:backup_task:186 - Error in backup task: name 'time' is not defined
2025-05-01 20:26:46 | ERROR    | __main__:backup_task:186 - Error in backup task: name 'time' is not defined
2025-05-01 20:26:46 | ERROR    | __main__:backup_task:186 - Error in backup task: name 'time' is not defined
2025-05-01 20:26:46 | ERROR    | __main__:backup_task:186 - Error in backup task: name 'time' is not defined
2025-05-01 20:26:46 | ERROR    | __main__:backup_task:186 - Error in backup task: name 'time' is not defined
2025-05-01 20:26:46 | ERROR    | __main__:backup_task:186 - Error in backup task: name 'time' is not defined
2025-05-01 20:26:46 | ERROR    | __main__:backup_task:186 - Error in backup task: name 'time' is not defined
2025-05-01 20:26:46 | ERROR    | __main__:backup_task:186 - Error in backup task: name 'time' is not defined
2025-05-01 20:26:46 | ERROR    | __main__:backup_task:186 - Error in backup task: name 'time' is not defined
2025-05-01 20:26:46 | ERROR    | __main__:backup_task:186 - Error in backup task: name 'time' is not defined
2025-05-01 20:26:46 | ERROR    | __main__:backup_task:186 - Error in backup task: name 'time' is not defined
2025-05-01 20:26:46 | ERROR    | __main__:backup_task:186 - Error in backup task: name 'time' is not defined
2025-05-01 20:26:46 | ERROR    | __main__:backup_task:186 - Error in backup task: name 'time' is not defined
2025-05-01 20:26:46 | ERROR    | __main__:backup_task:186 - Error in backup task: name 'time' is not defined
2025-05-01 20:26:46 | ERROR    | __main__:backup_task:186 - Error in backup task: name 'time' is not defined
2025-05-01 20:26:46 | ERROR    | __main__:backup_task:186 - Error in backup task: name 'time' is not defined
2025-05-01 20:26:46 | ERROR    | __main__:backup_task:186 - Error in backup task: name 'time' is not defined
2025-05-01 20:26:46 | ERROR    | __main__:backup_task:186 - Error in backup task: name 'time' is not defined
2025-05-01 20:26:46 | ERROR    | __main__:backup_task:186 - Error in backup task: name 'time' is not defined
2025-05-01 20:26:46 | ERROR    | __main__:backup_task:186 - Error in backup task: name 'time' is not defined
2025-05-01 20:26:46 | ERROR    | __main__:backup_task:186 - Error in backup task: name 'time' is not defined
2025-05-01 20:26:46 | ERROR    | __main__:backup_task:186 - Error in backup task: name 'time' is not defined
2025-05-01 20:26:46 | ERROR    | __main__:backup_task:186 - Error in backup task: name 'time' is not defined
2025-05-01 20:26:46 | ERROR    | __main__:backup_task:186 - Error in backup task: name 'time' is not defined
2025-05-01 20:26:46 | ERROR    | __main__:backup_task:186 - Error in backup task: name 'time' is not defined
2025-05-01 20:26:46 | ERROR    | __main__:backup_task:186 - Error in backup task: name 'time' is not defined
2025-05-01 20:26:46 | ERROR    | __main__:backup_task:186 - Error in backup task: name 'time' is not defined
2025-05-01 20:26:46 | ERROR    | __main__:backup_task:186 - Error in backup task: name 'time' is not defined
2025-05-01 20:26:46 | ERROR    | __main__:backup_task:186 - Error in backup task: name 'time' is not defined
2025-05-01 20:26:46 | ERROR    | __main__:backup_task:186 - Error in backup task: name 'time' is not defined
2025-05-01 20:26:46 | ERROR    | __main__:backup_task:186 - Error in backup task: name 'time' is not defined
2025-05-01 20:26:46 | ERROR    | __main__:backup_task:186 - Error in backup task: name 'time' is not defined
2025-05-01 20:26:46 | ERROR    | __main__:backup_task:186 - Error in backup task: name 'time' is not defined
2025-05-01 20:26:46 | ERROR    | __main__:backup_task:186 - Error in backup task: name 'time' is not defined
2025-05-01 20:26:46 | ERROR    | __main__:backup_task:186 - Error in backup task: name 'time' is not defined
2025-05-01 20:26:46 | ERROR    | __main__:backup_task:186 - Error in backup task: name 'time' is not defined
2025-05-01 20:26:46 | ERROR    | __main__:backup_task:186 - Error in backup task: name 'time' is not defined
2025-05-01 20:26:46 | ERROR    | __main__:backup_task:186 - Error in backup task: name 'time' is not defined
2025-05-01 20:26:46 | ERROR    | __main__:backup_task:186 - Error in backup task: name 'time' is not defined
2025-05-01 20:26:46 | ERROR    | __main__:backup_task:186 - Error in backup task: name 'time' is not defined
2025-05-01 20:26:46 | ERROR    | __main__:backup_task:186 - Error in backup task: name 'time' is not defined
2025-05-01 20:26:46 | ERROR    | __main__:backup_task:186 - Error in backup task: name 'time' is not defined
2025-05-01 20:26:46 | ERROR    | __main__:backup_task:186 - Error in backup task: name 'time' is not defined
2025-05-01 20:26:46 | ERROR    | __main__:backup_task:186 - Error in backup task: name 'time' is not defined
2025-05-01 20:26:46 | ERROR    | __main__:backup_task:186 - Error in backup task: name 'time' is not defined
2025-05-01 20:26:46 | ERROR    | __main__:backup_task:186 - Error in backup task: name 'time' is not defined
2025-05-01 20:26:46 | ERROR    | __main__:backup_task:186 - Error in backup task: name 'time' is not defined
2025-05-01 20:26:46 | ERROR    | __main__:backup_task:186 - Error in backup task: name 'time' is not defined
2025-05-01 20:26:46 | ERROR    | __main__:backup_task:186 - Error in backup task: name 'time' is not defined
2025-05-01 20:26:46 | ERROR    | __main__:backup_task:186 - Error in backup task: name 'time' is not defined
2025-05-01 20:26:46 | ERROR    | __main__:backup_task:186 - Error in backup task: name 'time' is not defined
2025-05-01 20:26:46 | ERROR    | __main__:backup_task:186 - Error in backup task: name 'time' is not defined
2025-05-01 20:26:46 | ERROR    | __main__:backup_task:186 - Error in backup task: name 'time' is not defined
2025-05-01 20:26:46 | ERROR    | __main__:backup_task:186 - Error in backup task: name 'time' is not defined
2025-05-01 20:26:46 | ERROR    | __main__:backup_task:186 - Error in backup task: name 'time' is not defined
2025-05-01 20:26:46 | ERROR    | __main__:backup_task:186 - Error in backup task: name 'time' is not defined
2025-05-01 20:26:46 | ERROR    | __main__:backup_task:186 - Error in backup task: name 'time' is not defined
2025-05-01 20:26:46 | ERROR    | __main__:backup_task:186 - Error in backup task: name 'time' is not defined
2025-05-01 20:26:46 | ERROR    | __main__:backup_task:186 - Error in backup task: name 'time' is not defined
2025-05-01 20:26:46 | ERROR    | __main__:backup_task:186 - Error in backup task: name 'time' is not defined
2025-05-01 20:26:46 | ERROR    | __main__:backup_task:186 - Error in backup task: name 'time' is not defined
2025-05-01 20:26:46 | ERROR    | __main__:backup_task:186 - Error in backup task: name 'time' is not defined
2025-05-01 20:26:46 | ERROR    | __main__:backup_task:186 - Error in backup task: name 'time' is not defined
2025-05-01 20:26:46 | ERROR    | __main__:backup_task:186 - Error in backup task: name 'time' is not defined
2025-05-01 20:26:46 | ERROR    | __main__:backup_task:186 - Error in backup task: name 'time' is not defined
2025-05-01 20:26:46 | ERROR    | __main__:backup_task:186 - Error in backup task: name 'time' is not defined
2025-05-01 20:26:46 | ERROR    | __main__:backup_task:186 - Error in backup task: name 'time' is not defined
2025-05-01 20:26:46 | ERROR    | __main__:backup_task:186 - Error in backup task: name 'time' is not defined
2025-05-01 20:26:46 | ERROR    | __main__:backup_task:186 - Error in backup task: name 'time' is not defined
2025-05-01 20:26:46 | ERROR    | __main__:backup_task:186 - Error in backup task: name 'time' is not defined
2025-05-01 20:26:46 | ERROR    | __main__:backup_task:186 - Error in backup task: name 'time' is not defined
2025-05-01 20:26:46 | ERROR    | __main__:backup_task:186 - Error in backup task: name 'time' is not defined
2025-05-01 20:26:46 | ERROR    | __main__:backup_task:186 - Error in backup task: name 'time' is not defined
2025-05-01 20:26:46 | ERROR    | __main__:backup_task:186 - Error in backup task: name 'time' is not defined
2025-05-01 20:26:46 | ERROR    | __main__:backup_task:186 - Error in backup task: name 'time' is not defined
2025-05-01 20:26:46 | ERROR    | __main__:backup_task:186 - Error in backup task: name 'time' is not defined
2025-05-01 20:26:46 | ERROR    | __main__:backup_task:186 - Error in backup task: name 'time' is not defined
2025-05-01 20:26:46 | ERROR    | __main__:backup_task:186 - Error in backup task: name 'time' is not defined
2025-05-01 20:26:46 | ERROR    | __main__:backup_task:186 - Error in backup task: name 'time' is not defined
2025-05-01 20:26:46 | ERROR    | __main__:backup_task:186 - Error in backup task: name 'time' is not defined
2025-05-01 20:26:46 | ERROR    | __main__:backup_task:186 - Error in backup task: name 'time' is not defined
2025-05-01 20:26:46 | ERROR    | __main__:backup_task:186 - Error in backup task: name 'time' is not defined
2025-05-01 20:26:46 | ERROR    | __main__:backup_task:186 - Error in backup task: name 'time' is not defined
2025-05-01 20:26:46 | ERROR    | __main__:backup_task:186 - Error in backup task: name 'time' is not defined
2025-05-01 20:26:46 | ERROR    | __main__:backup_task:186 - Error in backup task: name 'time' is not defined
2025-05-01 20:26:46 | ERROR    | __main__:backup_task:186 - Error in backup task: name 'time' is not defined
2025-05-01 20:26:46 | ERROR    | __main__:backup_task:186 - Error in backup task: name 'time' is not defined
2025-05-01 20:26:46 | ERROR    | __main__:backup_task:186 - Error in backup task: name 'time' is not defined
2025-05-01 20:26:46 | ERROR    | __main__:backup_task:186 - Error in backup task: name 'time' is not defined
2025-05-01 20:26:46 | ERROR    | __main__:backup_task:186 - Error in backup task: name 'time' is not defined
2025-05-01 20:26:46 | ERROR    | __main__:backup_task:186 - Error in backup task: name 'time' is not defined
2025-05-01 20:26:46 | ERROR    | __main__:backup_task:186 - Error in backup task: name 'time' is not defined
2025-05-01 20:26:46 | ERROR    | __main__:backup_task:186 - Error in backup task: name 'time' is not defined
2025-05-01 20:26:46 | ERROR    | __main__:backup_task:186 - Error in backup task: name 'time' is not defined
2025-05-01 20:26:46 | ERROR    | __main__:backup_task:186 - Error in backup task: name 'time' is not defined
2025-05-01 20:26:46 | ERROR    | __main__:backup_task:186 - Error in backup task: name 'time' is not defined
2025-05-01 20:26:46 | ERROR    | __main__:backup_task:186 - Error in backup task: name 'time' is not defined
2025-05-01 20:26:46 | ERROR    | __main__:backup_task:186 - Error in backup task: name 'time' is not defined
2025-05-01 20:26:46 | ERROR    | __main__:backup_task:186 - Error in backup task: name 'time' is not defined
2025-05-01 20:26:46 | ERROR    | __main__:backup_task:186 - Error in backup task: name 'time' is not defined
2025-05-01 20:26:46 | ERROR    | __main__:backup_task:186 - Error in backup task: name 'time' is not defined
2025-05-01 20:26:46 | ERROR    | __main__:backup_task:186 - Error in backup task: name 'time' is not defined
2025-05-01 20:26:46 | ERROR    | __main__:backup_task:186 - Error in backup task: name 'time' is not defined
2025-05-01 20:26:46 | ERROR    | __main__:backup_task:186 - Error in backup task: name 'time' is not defined
2025-05-01 20:26:46 | ERROR    | __main__:backup_task:186 - Error in backup task: name 'time' is not defined
2025-05-01 20:26:46 | ERROR    | __main__:backup_task:186 - Error in backup task: name 'time' is not defined
2025-05-01 20:26:46 | ERROR    | __main__:backup_task:186 - Error in backup task: name 'time' is not defined
2025-05-01 20:26:46 | ERROR    | __main__:backup_task:186 - Error in backup task: name 'time' is not defined
2025-05-01 20:26:46 | ERROR    | __main__:backup_task:186 - Error in backup task: name 'time' is not defined
2025-05-01 20:26:46 | ERROR    | __main__:backup_task:186 - Error in backup task: name 'time' is not defined
2025-05-01 20:26:46 | ERROR    | __main__:backup_task:186 - Error in backup task: name 'time' is not defined
2025-05-01 20:26:46 | ERROR    | __main__:backup_task:186 - Error in backup task: name 'time' is not defined
2025-05-01 20:26:46 | ERROR    | __main__:backup_task:186 - Error in backup task: name 'time' is not defined
2025-05-01 20:26:46 | ERROR    | __main__:backup_task:186 - Error in backup task: name 'time' is not defined
2025-05-01 20:26:46 | ERROR    | __main__:backup_task:186 - Error in backup task: name 'time' is not defined
2025-05-01 20:26:46 | ERROR    | __main__:backup_task:186 - Error in backup task: name 'time' is not defined
2025-05-01 20:26:46 | ERROR    | __main__:backup_task:186 - Error in backup task: name 'time' is not defined
2025-05-01 20:26:46 | ERROR    | __main__:backup_task:186 - Error in backup task: name 'time' is not defined
2025-05-01 20:26:46 | ERROR    | __main__:backup_task:186 - Error in backup task: name 'time' is not defined
2025-05-01 20:26:46 | ERROR    | __main__:backup_task:186 - Error in backup task: name 'time' is not defined
2025-05-01 20:26:46 | ERROR    | __main__:backup_task:186 - Error in backup task: name 'time' is not defined
2025-05-01 20:26:46 | ERROR    | __main__:backup_task:186 - Error in backup task: name 'time' is not defined
2025-05-01 20:26:46 | ERROR    | __main__:backup_task:186 - Error in backup task: name 'time' is not defined
2025-05-01 20:26:46 | ERROR    | __main__:backup_task:186 - Error in backup task: name 'time' is not defined
2025-05-01 20:26:46 | ERROR    | __main__:backup_task:186 - Error in backup task: name 'time' is not defined
2025-05-01 20:26:46 | ERROR    | __main__:backup_task:186 - Error in backup task: name 'time' is not defined
2025-05-01 20:26:46 | ERROR    | __main__:backup_task:186 - Error in backup task: name 'time' is not defined
2025-05-01 20:26:46 | ERROR    | __main__:backup_task:186 - Error in backup task: name 'time' is not defined
2025-05-01 20:26:46 | ERROR    | __main__:backup_task:186 - Error in backup task: name 'time' is not defined
2025-05-01 20:26:46 | ERROR    | __main__:backup_task:186 - Error in backup task: name 'time' is not defined
2025-05-01 20:26:46 | ERROR    | __main__:backup_task:186 - Error in backup task: name 'time' is not defined
2025-05-01 20:26:46 | ERROR    | __main__:backup_task:186 - Error in backup task: name 'time' is not defined
2025-05-01 20:26:46 | ERROR    | __main__:backup_task:186 - Error in backup task: name 'time' is not defined
2025-05-01 20:26:46 | ERROR    | __main__:backup_task:186 - Error in backup task: name 'time' is not defined
2025-05-01 20:26:46 | ERROR    | __main__:backup_task:186 - Error in backup task: name 'time' is not defined
2025-05-01 20:26:46 | ERROR    | __main__:backup_task:186 - Error in backup task: name 'time' is not defined
2025-05-01 20:26:46 | ERROR    | __main__:backup_task:186 - Error in backup task: name 'time' is not defined
2025-05-01 20:26:46 | ERROR    | __main__:backup_task:186 - Error in backup task: name 'time' is not defined
2025-05-01 20:26:46 | ERROR    | __main__:backup_task:186 - Error in backup task: name 'time' is not defined
2025-05-01 20:26:46 | ERROR    | __main__:backup_task:186 - Error in backup task: name 'time' is not defined
2025-05-01 20:26:46 | ERROR    | __main__:backup_task:186 - Error in backup task: name 'time' is not defined
2025-05-01 20:26:46 | ERROR    | __main__:backup_task:186 - Error in backup task: name 'time' is not defined
2025-05-01 20:26:46 | ERROR    | __main__:backup_task:186 - Error in backup task: name 'time' is not defined
2025-05-01 20:26:46 | ERROR    | __main__:backup_task:186 - Error in backup task: name 'time' is not defined
2025-05-01 20:26:46 | ERROR    | __main__:backup_task:186 - Error in backup task: name 'time' is not defined
2025-05-01 20:26:46 | ERROR    | __main__:backup_task:186 - Error in backup task: name 'time' is not defined
2025-05-01 20:26:46 | ERROR    | __main__:backup_task:186 - Error in backup task: name 'time' is not defined
2025-05-01 20:26:46 | ERROR    | __main__:backup_task:186 - Error in backup task: name 'time' is not defined
2025-05-01 20:26:46 | ERROR    | __main__:backup_task:186 - Error in backup task: name 'time' is not defined
2025-05-01 20:26:46 | ERROR    | __main__:backup_task:186 - Error in backup task: name 'time' is not defined
2025-05-01 20:26:46 | ERROR    | __main__:backup_task:186 - Error in backup task: name 'time' is not defined
2025-05-01 20:26:46 | ERROR    | __main__:backup_task:186 - Error in backup task: name 'time' is not defined
2025-05-01 20:26:46 | ERROR    | __main__:backup_task:186 - Error in backup task: name 'time' is not defined
2025-05-01 20:26:46 | ERROR    | __main__:backup_task:186 - Error in backup task: name 'time' is not defined
2025-05-01 20:26:46 | ERROR    | __main__:backup_task:186 - Error in backup task: name 'time' is not defined
2025-05-01 20:26:46 | ERROR    | __main__:backup_task:186 - Error in backup task: name 'time' is not defined
2025-05-01 20:26:46 | ERROR    | __main__:backup_task:186 - Error in backup task: name 'time' is not defined
2025-05-01 20:26:46 | ERROR    | __main__:backup_task:186 - Error in backup task: name 'time' is not defined
2025-05-01 20:26:46 | ERROR    | __main__:backup_task:186 - Error in backup task: name 'time' is not defined
2025-05-01 20:26:46 | ERROR    | __main__:backup_task:186 - Error in backup task: name 'time' is not defined
2025-05-01 20:26:46 | ERROR    | __main__:backup_task:186 - Error in backup task: name 'time' is not defined
2025-05-01 20:26:46 | ERROR    | __main__:backup_task:186 - Error in backup task: name 'time' is not defined
2025-05-01 20:26:46 | ERROR    | __main__:backup_task:186 - Error in backup task: name 'time' is not defined
2025-05-01 20:26:46 | ERROR    | __main__:backup_task:186 - Error in backup task: name 'time' is not defined
2025-05-01 20:26:46 | ERROR    | __main__:backup_task:186 - Error in backup task: name 'time' is not defined
2025-05-01 20:26:46 | ERROR    | __main__:backup_task:186 - Error in backup task: name 'time' is not defined
2025-05-01 20:26:46 | ERROR    | __main__:backup_task:186 - Error in backup task: name 'time' is not defined
2025-05-01 20:26:46 | ERROR    | __main__:backup_task:186 - Error in backup task: name 'time' is not defined
2025-05-01 20:26:46 | ERROR    | __main__:backup_task:186 - Error in backup task: name 'time' is not defined
2025-05-01 20:26:46 | ERROR    | __main__:backup_task:186 - Error in backup task: name 'time' is not defined
2025-05-01 20:26:46 | ERROR    | __main__:backup_task:186 - Error in backup task: name 'time' is not defined
2025-05-01 20:26:46 | ERROR    | __main__:backup_task:186 - Error in backup task: name 'time' is not defined
2025-05-01 20:26:46 | ERROR    | __main__:backup_task:186 - Error in backup task: name 'time' is not defined
2025-05-01 20:26:46 | ERROR    | __main__:backup_task:186 - Error in backup task: name 'time' is not defined
2025-05-01 20:26:46 | ERROR    | __main__:backup_task:186 - Error in backup task: name 'time' is not defined
2025-05-01 20:26:46 | ERROR    | __main__:backup_task:186 - Error in backup task: name 'time' is not defined
2025-05-01 20:26:46 | ERROR    | __main__:backup_task:186 - Error in backup task: name 'time' is not defined
2025-05-01 20:26:46 | ERROR    | __main__:backup_task:186 - Error in backup task: name 'time' is not defined
2025-05-01 20:26:46 | ERROR    | __main__:backup_task:186 - Error in backup task: name 'time' is not defined
2025-05-01 20:26:46 | ERROR    | __main__:backup_task:186 - Error in backup task: name 'time' is not defined
2025-05-01 20:26:46 | ERROR    | __main__:backup_task:186 - Error in backup task: name 'time' is not defined
2025-05-01 20:26:46 | ERROR    | __main__:backup_task:186 - Error in backup task: name 'time' is not defined
2025-05-01 20:26:46 | ERROR    | __main__:backup_task:186 - Error in backup task: name 'time' is not defined
2025-05-01 20:26:46 | ERROR    | __main__:backup_task:186 - Error in backup task: name 'time' is not defined
2025-05-01 20:26:46 | ERROR    | __main__:backup_task:186 - Error in backup task: name 'time' is not defined
2025-05-01 20:26:46 | ERROR    | __main__:backup_task:186 - Error in backup task: name 'time' is not defined
2025-05-01 20:26:46 | ERROR    | __main__:backup_task:186 - Error in backup task: name 'time' is not defined
2025-05-01 20:26:46 | ERROR    | __main__:backup_task:186 - Error in backup task: name 'time' is not defined
2025-05-01 20:26:46 | ERROR    | __main__:backup_task:186 - Error in backup task: name 'time' is not defined
2025-05-01 20:26:46 | ERROR    | __main__:backup_task:186 - Error in backup task: name 'time' is not defined
2025-05-01 20:26:46 | ERROR    | __main__:backup_task:186 - Error in backup task: name 'time' is not defined
2025-05-01 20:26:46 | ERROR    | __main__:backup_task:186 - Error in backup task: name 'time' is not defined
2025-05-01 20:26:46 | ERROR    | __main__:backup_task:186 - Error in backup task: name 'time' is not defined
2025-05-01 20:26:46 | ERROR    | __main__:backup_task:186 - Error in backup task: name 'time' is not defined
2025-05-01 20:26:46 | ERROR    | __main__:backup_task:186 - Error in backup task: name 'time' is not defined
2025-05-01 20:26:46 | ERROR    | __main__:backup_task:186 - Error in backup task: name 'time' is not defined
2025-05-01 20:26:46 | ERROR    | __main__:backup_task:186 - Error in backup task: name 'time' is not defined
2025-05-01 20:26:46 | ERROR    | __main__:backup_task:186 - Error in backup task: name 'time' is not defined
2025-05-01 20:26:46 | ERROR    | __main__:backup_task:186 - Error in backup task: name 'time' is not defined
2025-05-01 20:26:46 | ERROR    | __main__:backup_task:186 - Error in backup task: name 'time' is not defined
2025-05-01 20:26:46 | ERROR    | __main__:backup_task:186 - Error in backup task: name 'time' is not defined
2025-05-01 20:26:46 | ERROR    | __main__:backup_task:186 - Error in backup task: name 'time' is not defined
2025-05-01 20:26:46 | ERROR    | __main__:backup_task:186 - Error in backup task: name 'time' is not defined
2025-05-01 20:26:46 | ERROR    | __main__:backup_task:186 - Error in backup task: name 'time' is not defined
2025-05-01 20:26:46 | ERROR    | __main__:backup_task:186 - Error in backup task: name 'time' is not defined
2025-05-01 20:26:46 | ERROR    | __main__:backup_task:186 - Error in backup task: name 'time' is not defined
2025-05-01 20:26:46 | ERROR    | __main__:backup_task:186 - Error in backup task: name 'time' is not defined
2025-05-01 20:26:46 | ERROR    | __main__:backup_task:186 - Error in backup task: name 'time' is not defined
2025-05-01 20:26:46 | ERROR    | __main__:backup_task:186 - Error in backup task: name 'time' is not defined
2025-05-01 20:26:46 | ERROR    | __main__:backup_task:186 - Error in backup task: name 'time' is not defined
2025-05-01 20:26:46 | ERROR    | __main__:backup_task:186 - Error in backup task: name 'time' is not defined
2025-05-01 20:26:46 | ERROR    | __main__:backup_task:186 - Error in backup task: name 'time' is not defined
2025-05-01 20:26:46 | ERROR    | __main__:backup_task:186 - Error in backup task: name 'time' is not defined
2025-05-01 20:26:46 | ERROR    | __main__:backup_task:186 - Error in backup task: name 'time' is not defined
2025-05-01 20:26:46 | ERROR    | __main__:backup_task:186 - Error in backup task: name 'time' is not defined
2025-05-01 20:26:46 | ERROR    | __main__:backup_task:186 - Error in backup task: name 'time' is not defined
2025-05-01 20:26:46 | ERROR    | __main__:backup_task:186 - Error in backup task: name 'time' is not defined
2025-05-01 20:26:46 | ERROR    | __main__:backup_task:186 - Error in backup task: name 'time' is not defined
2025-05-01 20:26:46 | ERROR    | __main__:backup_task:186 - Error in backup task: name 'time' is not defined
2025-05-01 20:26:46 | ERROR    | __main__:backup_task:186 - Error in backup task: name 'time' is not defined
2025-05-01 20:26:46 | ERROR    | __main__:backup_task:186 - Error in backup task: name 'time' is not defined
2025-05-01 20:26:46 | ERROR    | __main__:backup_task:186 - Error in backup task: name 'time' is not defined
2025-05-01 20:26:46 | ERROR    | __main__:backup_task:186 - Error in backup task: name 'time' is not defined
2025-05-01 20:26:46 | ERROR    | __main__:backup_task:186 - Error in backup task: name 'time' is not defined
2025-05-01 20:26:46 | ERROR    | __main__:backup_task:186 - Error in backup task: name 'time' is not defined
2025-05-01 20:26:46 | ERROR    | __main__:backup_task:186 - Error in backup task: name 'time' is not defined
2025-05-01 20:26:46 | ERROR    | __main__:backup_task:186 - Error in backup task: name 'time' is not defined
2025-05-01 20:26:46 | ERROR    | __main__:backup_task:186 - Error in backup task: name 'time' is not defined
2025-05-01 20:26:46 | ERROR    | __main__:backup_task:186 - Error in backup task: name 'time' is not defined
2025-05-01 20:26:46 | ERROR    | __main__:backup_task:186 - Error in backup task: name 'time' is not defined
2025-05-01 20:26:46 | ERROR    | __main__:backup_task:186 - Error in backup task: name 'time' is not defined
2025-05-01 20:26:46 | ERROR    | __main__:backup_task:186 - Error in backup task: name 'time' is not defined
2025-05-01 20:26:46 | ERROR    | __main__:backup_task:186 - Error in backup task: name 'time' is not defined
2025-05-01 20:26:46 | ERROR    | __main__:backup_task:186 - Error in backup task: name 'time' is not defined
2025-05-01 20:26:46 | ERROR    | __main__:backup_task:186 - Error in backup task: name 'time' is not defined
2025-05-01 20:26:46 | ERROR    | __main__:backup_task:186 - Error in backup task: name 'time' is not defined
2025-05-01 20:26:46 | ERROR    | __main__:backup_task:186 - Error in backup task: name 'time' is not defined
2025-05-01 20:26:46 | ERROR    | __main__:backup_task:186 - Error in backup task: name 'time' is not defined
2025-05-01 20:26:46 | ERROR    | __main__:backup_task:186 - Error in backup task: name 'time' is not defined
2025-05-01 20:26:46 | ERROR    | __main__:backup_task:186 - Error in backup task: name 'time' is not defined
2025-05-01 20:26:46 | ERROR    | __main__:backup_task:186 - Error in backup task: name 'time' is not defined
2025-05-01 20:26:46 | ERROR    | __main__:backup_task:186 - Error in backup task: name 'time' is not defined
2025-05-01 20:26:46 | ERROR    | __main__:backup_task:186 - Error in backup task: name 'time' is not defined
2025-05-01 20:26:46 | ERROR    | __main__:backup_task:186 - Error in backup task: name 'time' is not defined
2025-05-01 20:26:46 | ERROR    | __main__:backup_task:186 - Error in backup task: name 'time' is not defined
2025-05-01 20:26:46 | ERROR    | __main__:backup_task:186 - Error in backup task: name 'time' is not defined
2025-05-01 20:26:46 | ERROR    | __main__:backup_task:186 - Error in backup task: name 'time' is not defined
2025-05-01 20:26:46 | ERROR    | __main__:backup_task:186 - Error in backup task: name 'time' is not defined
2025-05-01 20:26:46 | ERROR    | __main__:backup_task:186 - Error in backup task: name 'time' is not defined
2025-05-01 20:26:46 | ERROR    | __main__:backup_task:186 - Error in backup task: name 'time' is not defined
2025-05-01 20:26:46 | ERROR    | __main__:backup_task:186 - Error in backup task: name 'time' is not defined
2025-05-01 20:26:46 | ERROR    | __main__:backup_task:186 - Error in backup task: name 'time' is not defined
2025-05-01 20:26:46 | ERROR    | __main__:backup_task:186 - Error in backup task: name 'time' is not defined
2025-05-01 20:26:46 | ERROR    | __main__:backup_task:186 - Error in backup task: name 'time' is not defined
2025-05-01 20:26:46 | ERROR    | __main__:backup_task:186 - Error in backup task: name 'time' is not defined
2025-05-01 20:26:46 | ERROR    | __main__:backup_task:186 - Error in backup task: name 'time' is not defined
2025-05-01 20:26:46 | ERROR    | __main__:backup_task:186 - Error in backup task: name 'time' is not defined
2025-05-01 20:26:46 | ERROR    | __main__:backup_task:186 - Error in backup task: name 'time' is not defined
2025-05-01 20:26:46 | ERROR    | __main__:backup_task:186 - Error in backup task: name 'time' is not defined
2025-05-01 20:26:46 | ERROR    | __main__:backup_task:186 - Error in backup task: name 'time' is not defined
2025-05-01 20:26:46 | ERROR    | __main__:backup_task:186 - Error in backup task: name 'time' is not defined
2025-05-01 20:26:46 | ERROR    | __main__:backup_task:186 - Error in backup task: name 'time' is not defined
2025-05-01 20:26:46 | ERROR    | __main__:backup_task:186 - Error in backup task: name 'time' is not defined
2025-05-01 20:26:46 | ERROR    | __main__:backup_task:186 - Error in backup task: name 'time' is not defined
2025-05-01 20:26:46 | ERROR    | __main__:backup_task:186 - Error in backup task: name 'time' is not defined
2025-05-01 20:26:46 | ERROR    | __main__:backup_task:186 - Error in backup task: name 'time' is not defined
2025-05-01 20:26:46 | ERROR    | __main__:backup_task:186 - Error in backup task: name 'time' is not defined
2025-05-01 20:26:46 | ERROR    | __main__:backup_task:186 - Error in backup task: name 'time' is not defined
2025-05-01 20:26:46 | ERROR    | __main__:backup_task:186 - Error in backup task: name 'time' is not defined
2025-05-01 20:26:46 | ERROR    | __main__:backup_task:186 - Error in backup task: name 'time' is not defined
2025-05-01 20:26:46 | ERROR    | __main__:backup_task:186 - Error in backup task: name 'time' is not defined
2025-05-01 20:26:46 | ERROR    | __main__:backup_task:186 - Error in backup task: name 'time' is not defined
2025-05-01 20:26:46 | ERROR    | __main__:backup_task:186 - Error in backup task: name 'time' is not defined
2025-05-01 20:26:46 | ERROR    | __main__:backup_task:186 - Error in backup task: name 'time' is not defined
2025-05-01 20:26:46 | ERROR    | __main__:backup_task:186 - Error in backup task: name 'time' is not defined
2025-05-01 20:26:46 | ERROR    | __main__:backup_task:186 - Error in backup task: name 'time' is not defined
2025-05-01 20:26:46 | ERROR    | __main__:backup_task:186 - Error in backup task: name 'time' is not defined
2025-05-01 20:26:46 | ERROR    | __main__:backup_task:186 - Error in backup task: name 'time' is not defined
2025-05-01 20:26:46 | ERROR    | __main__:backup_task:186 - Error in backup task: name 'time' is not defined
2025-05-01 20:26:46 | ERROR    | __main__:backup_task:186 - Error in backup task: name 'time' is not defined
2025-05-01 20:26:46 | ERROR    | __main__:backup_task:186 - Error in backup task: name 'time' is not defined
2025-05-01 20:26:46 | ERROR    | __main__:backup_task:186 - Error in backup task: name 'time' is not defined
2025-05-01 20:26:46 | ERROR    | __main__:backup_task:186 - Error in backup task: name 'time' is not defined
2025-05-01 20:26:46 | ERROR    | __main__:backup_task:186 - Error in backup task: name 'time' is not defined
2025-05-01 20:26:46 | ERROR    | __main__:backup_task:186 - Error in backup task: name 'time' is not defined
2025-05-01 20:26:46 | ERROR    | __main__:backup_task:186 - Error in backup task: name 'time' is not defined
2025-05-01 20:26:46 | ERROR    | __main__:backup_task:186 - Error in backup task: name 'time' is not defined
2025-05-01 20:26:46 | ERROR    | __main__:backup_task:186 - Error in backup task: name 'time' is not defined
2025-05-01 20:26:46 | ERROR    | __main__:backup_task:186 - Error in backup task: name 'time' is not defined
2025-05-01 20:26:46 | ERROR    | __main__:backup_task:186 - Error in backup task: name 'time' is not defined
2025-05-01 20:26:46 | ERROR    | __main__:backup_task:186 - Error in backup task: name 'time' is not defined
2025-05-01 20:26:46 | ERROR    | __main__:backup_task:186 - Error in backup task: name 'time' is not defined
2025-05-01 20:26:46 | ERROR    | __main__:backup_task:186 - Error in backup task: name 'time' is not defined
2025-05-01 20:26:46 | ERROR    | __main__:backup_task:186 - Error in backup task: name 'time' is not defined
2025-05-01 20:26:46 | ERROR    | __main__:backup_task:186 - Error in backup task: name 'time' is not defined
2025-05-01 20:26:46 | ERROR    | __main__:backup_task:186 - Error in backup task: name 'time' is not defined
2025-05-01 20:26:46 | ERROR    | __main__:backup_task:186 - Error in backup task: name 'time' is not defined
2025-05-01 20:26:46 | ERROR    | __main__:backup_task:186 - Error in backup task: name 'time' is not defined
2025-05-01 20:26:46 | ERROR    | __main__:backup_task:186 - Error in backup task: name 'time' is not defined
2025-05-01 20:26:46 | ERROR    | __main__:backup_task:186 - Error in backup task: name 'time' is not defined
2025-05-01 20:26:46 | ERROR    | __main__:backup_task:186 - Error in backup task: name 'time' is not defined
2025-05-01 20:26:46 | ERROR    | __main__:backup_task:186 - Error in backup task: name 'time' is not defined
2025-05-01 20:26:46 | ERROR    | __main__:backup_task:186 - Error in backup task: name 'time' is not defined
2025-05-01 20:26:46 | ERROR    | __main__:backup_task:186 - Error in backup task: name 'time' is not defined
2025-05-01 20:26:46 | ERROR    | __main__:backup_task:186 - Error in backup task: name 'time' is not defined
2025-05-01 20:26:46 | ERROR    | __main__:backup_task:186 - Error in backup task: name 'time' is not defined
2025-05-01 20:26:46 | ERROR    | __main__:backup_task:186 - Error in backup task: name 'time' is not defined
2025-05-01 20:26:46 | ERROR    | __main__:backup_task:186 - Error in backup task: name 'time' is not defined
2025-05-01 20:26:46 | ERROR    | __main__:backup_task:186 - Error in backup task: name 'time' is not defined
2025-05-01 20:26:46 | ERROR    | __main__:backup_task:186 - Error in backup task: name 'time' is not defined
2025-05-01 20:26:46 | ERROR    | __main__:backup_task:186 - Error in backup task: name 'time' is not defined
2025-05-01 20:26:46 | ERROR    | __main__:backup_task:186 - Error in backup task: name 'time' is not defined
2025-05-01 20:26:46 | ERROR    | __main__:backup_task:186 - Error in backup task: name 'time' is not defined
2025-05-01 20:26:46 | ERROR    | __main__:backup_task:186 - Error in backup task: name 'time' is not defined
2025-05-01 20:26:46 | ERROR    | __main__:backup_task:186 - Error in backup task: name 'time' is not defined
2025-05-01 20:26:46 | ERROR    | __main__:backup_task:186 - Error in backup task: name 'time' is not defined
2025-05-01 20:26:46 | ERROR    | __main__:backup_task:186 - Error in backup task: name 'time' is not defined
2025-05-01 20:26:46 | ERROR    | __main__:backup_task:186 - Error in backup task: name 'time' is not defined
2025-05-01 20:26:46 | ERROR    | __main__:backup_task:186 - Error in backup task: name 'time' is not defined
2025-05-01 20:26:46 | ERROR    | __main__:backup_task:186 - Error in backup task: name 'time' is not defined
2025-05-01 20:26:46 | ERROR    | __main__:backup_task:186 - Error in backup task: name 'time' is not defined
2025-05-01 20:26:46 | ERROR    | __main__:backup_task:186 - Error in backup task: name 'time' is not defined
2025-05-01 20:26:46 | ERROR    | __main__:backup_task:186 - Error in backup task: name 'time' is not defined
2025-05-01 20:26:46 | ERROR    | __main__:backup_task:186 - Error in backup task: name 'time' is not defined
2025-05-01 20:26:46 | ERROR    | __main__:backup_task:186 - Error in backup task: name 'time' is not defined
2025-05-01 20:26:46 | ERROR    | __main__:backup_task:186 - Error in backup task: name 'time' is not defined
2025-05-01 20:26:46 | ERROR    | __main__:backup_task:186 - Error in backup task: name 'time' is not defined
2025-05-01 20:26:46 | ERROR    | __main__:backup_task:186 - Error in backup task: name 'time' is not defined
2025-05-01 20:26:46 | ERROR    | __main__:backup_task:186 - Error in backup task: name 'time' is not defined
2025-05-01 20:26:46 | ERROR    | __main__:backup_task:186 - Error in backup task: name 'time' is not defined
2025-05-01 20:26:46 | ERROR    | __main__:backup_task:186 - Error in backup task: name 'time' is not defined
2025-05-01 20:26:46 | ERROR    | __main__:backup_task:186 - Error in backup task: name 'time' is not defined
2025-05-01 20:26:46 | ERROR    | __main__:backup_task:186 - Error in backup task: name 'time' is not defined
2025-05-01 20:26:46 | ERROR    | __main__:backup_task:186 - Error in backup task: name 'time' is not defined
2025-05-01 20:26:46 | ERROR    | __main__:backup_task:186 - Error in backup task: name 'time' is not defined
2025-05-01 20:26:46 | ERROR    | __main__:backup_task:186 - Error in backup task: name 'time' is not defined
2025-05-01 20:26:46 | ERROR    | __main__:backup_task:186 - Error in backup task: name 'time' is not defined
2025-05-01 20:26:46 | ERROR    | __main__:backup_task:186 - Error in backup task: name 'time' is not defined
2025-05-01 20:26:46 | ERROR    | __main__:backup_task:186 - Error in backup task: name 'time' is not defined
2025-05-01 20:26:46 | ERROR    | __main__:backup_task:186 - Error in backup task: name 'time' is not defined
2025-05-01 20:26:46 | ERROR    | __main__:backup_task:186 - Error in backup task: name 'time' is not defined
2025-05-01 20:26:46 | ERROR    | __main__:backup_task:186 - Error in backup task: name 'time' is not defined
2025-05-01 20:26:46 | ERROR    | __main__:backup_task:186 - Error in backup task: name 'time' is not defined
2025-05-01 20:26:46 | ERROR    | __main__:backup_task:186 - Error in backup task: name 'time' is not defined
2025-05-01 20:26:46 | ERROR    | __main__:backup_task:186 - Error in backup task: name 'time' is not defined
2025-05-01 20:26:46 | ERROR    | __main__:backup_task:186 - Error in backup task: name 'time' is not defined
2025-05-01 20:26:46 | ERROR    | __main__:backup_task:186 - Error in backup task: name 'time' is not defined
2025-05-01 20:26:46 | ERROR    | __main__:backup_task:186 - Error in backup task: name 'time' is not defined
2025-05-01 20:26:46 | ERROR    | __main__:backup_task:186 - Error in backup task: name 'time' is not defined
2025-05-01 20:26:46 | ERROR    | __main__:backup_task:186 - Error in backup task: name 'time' is not defined
2025-05-01 20:26:46 | ERROR    | __main__:backup_task:186 - Error in backup task: name 'time' is not defined
2025-05-01 20:26:46 | ERROR    | __main__:backup_task:186 - Error in backup task: name 'time' is not defined
2025-05-01 20:26:46 | ERROR    | __main__:backup_task:186 - Error in backup task: name 'time' is not defined
2025-05-01 20:26:46 | ERROR    | __main__:backup_task:186 - Error in backup task: name 'time' is not defined
2025-05-01 20:26:46 | ERROR    | __main__:backup_task:186 - Error in backup task: name 'time' is not defined
2025-05-01 20:26:46 | ERROR    | __main__:backup_task:186 - Error in backup task: name 'time' is not defined
2025-05-01 20:26:46 | ERROR    | __main__:backup_task:186 - Error in backup task: name 'time' is not defined
2025-05-01 20:26:46 | ERROR    | __main__:backup_task:186 - Error in backup task: name 'time' is not defined
2025-05-01 20:26:46 | ERROR    | __main__:backup_task:186 - Error in backup task: name 'time' is not defined
2025-05-01 20:26:46 | ERROR    | __main__:backup_task:186 - Error in backup task: name 'time' is not defined
2025-05-01 20:26:46 | ERROR    | __main__:backup_task:186 - Error in backup task: name 'time' is not defined
2025-05-01 20:26:46 | ERROR    | __main__:backup_task:186 - Error in backup task: name 'time' is not defined
2025-05-01 20:26:46 | ERROR    | __main__:backup_task:186 - Error in backup task: name 'time' is not defined
2025-05-01 20:26:46 | ERROR    | __main__:backup_task:186 - Error in backup task: name 'time' is not defined
2025-05-01 20:26:46 | ERROR    | __main__:backup_task:186 - Error in backup task: name 'time' is not defined
2025-05-01 20:26:46 | ERROR    | __main__:backup_task:186 - Error in backup task: name 'time' is not defined
2025-05-01 20:26:46 | ERROR    | __main__:backup_task:186 - Error in backup task: name 'time' is not defined
2025-05-01 20:26:46 | ERROR    | __main__:backup_task:186 - Error in backup task: name 'time' is not defined
2025-05-01 20:26:46 | ERROR    | __main__:backup_task:186 - Error in backup task: name 'time' is not defined
2025-05-01 20:26:46 | ERROR    | __main__:backup_task:186 - Error in backup task: name 'time' is not defined
2025-05-01 20:26:46 | ERROR    | __main__:backup_task:186 - Error in backup task: name 'time' is not defined
2025-05-01 20:26:46 | ERROR    | __main__:backup_task:186 - Error in backup task: name 'time' is not defined
2025-05-01 20:26:46 | ERROR    | __main__:backup_task:186 - Error in backup task: name 'time' is not defined
2025-05-01 20:26:46 | ERROR    | __main__:backup_task:186 - Error in backup task: name 'time' is not defined
2025-05-01 20:26:46 | ERROR    | __main__:backup_task:186 - Error in backup task: name 'time' is not defined
2025-05-01 20:26:46 | ERROR    | __main__:backup_task:186 - Error in backup task: name 'time' is not defined
2025-05-01 20:26:46 | ERROR    | __main__:backup_task:186 - Error in backup task: name 'time' is not defined
2025-05-01 20:26:46 | ERROR    | __main__:backup_task:186 - Error in backup task: name 'time' is not defined
2025-05-01 20:26:46 | ERROR    | __main__:backup_task:186 - Error in backup task: name 'time' is not defined
2025-05-01 20:26:46 | ERROR    | __main__:backup_task:186 - Error in backup task: name 'time' is not defined
2025-05-01 20:26:46 | ERROR    | __main__:backup_task:186 - Error in backup task: name 'time' is not defined
2025-05-01 20:26:46 | ERROR    | __main__:backup_task:186 - Error in backup task: name 'time' is not defined
2025-05-01 20:26:46 | ERROR    | __main__:backup_task:186 - Error in backup task: name 'time' is not defined
2025-05-01 20:26:46 | ERROR    | __main__:backup_task:186 - Error in backup task: name 'time' is not defined
2025-05-01 20:26:46 | ERROR    | __main__:backup_task:186 - Error in backup task: name 'time' is not defined
2025-05-01 20:26:46 | ERROR    | __main__:backup_task:186 - Error in backup task: name 'time' is not defined
2025-05-01 20:26:46 | ERROR    | __main__:backup_task:186 - Error in backup task: name 'time' is not defined
2025-05-01 20:26:46 | ERROR    | __main__:backup_task:186 - Error in backup task: name 'time' is not defined
2025-05-01 20:26:46 | ERROR    | __main__:backup_task:186 - Error in backup task: name 'time' is not defined
2025-05-01 20:26:46 | ERROR    | __main__:backup_task:186 - Error in backup task: name 'time' is not defined
2025-05-01 20:26:46 | ERROR    | __main__:backup_task:186 - Error in backup task: name 'time' is not defined
2025-05-01 20:26:46 | ERROR    | __main__:backup_task:186 - Error in backup task: name 'time' is not defined
2025-05-01 20:26:46 | ERROR    | __main__:backup_task:186 - Error in backup task: name 'time' is not defined
2025-05-01 20:26:46 | ERROR    | __main__:backup_task:186 - Error in backup task: name 'time' is not defined
2025-05-01 20:26:46 | ERROR    | __main__:backup_task:186 - Error in backup task: name 'time' is not defined
2025-05-01 20:26:46 | ERROR    | __main__:backup_task:186 - Error in backup task: name 'time' is not defined
2025-05-01 20:26:46 | ERROR    | __main__:backup_task:186 - Error in backup task: name 'time' is not defined
2025-05-01 20:26:46 | ERROR    | __main__:backup_task:186 - Error in backup task: name 'time' is not defined
2025-05-01 20:26:46 | ERROR    | __main__:backup_task:186 - Error in backup task: name 'time' is not defined
2025-05-01 20:26:46 | ERROR    | __main__:backup_task:186 - Error in backup task: name 'time' is not defined
2025-05-01 20:26:46 | ERROR    | __main__:backup_task:186 - Error in backup task: name 'time' is not defined
2025-05-01 20:26:46 | ERROR    | __main__:backup_task:186 - Error in backup task: name 'time' is not defined
2025-05-01 20:26:46 | ERROR    | __main__:backup_task:186 - Error in backup task: name 'time' is not defined
2025-05-01 20:26:46 | ERROR    | __main__:backup_task:186 - Error in backup task: name 'time' is not defined
2025-05-01 20:26:46 | ERROR    | __main__:backup_task:186 - Error in backup task: name 'time' is not defined
2025-05-01 20:26:46 | ERROR    | __main__:backup_task:186 - Error in backup task: name 'time' is not defined
2025-05-01 20:26:46 | ERROR    | __main__:backup_task:186 - Error in backup task: name 'time' is not defined
2025-05-01 20:26:46 | ERROR    | __main__:backup_task:186 - Error in backup task: name 'time' is not defined
2025-05-01 20:26:46 | ERROR    | __main__:backup_task:186 - Error in backup task: name 'time' is not defined
2025-05-01 20:26:46 | ERROR    | __main__:backup_task:186 - Error in backup task: name 'time' is not defined
2025-05-01 20:26:46 | ERROR    | __main__:backup_task:186 - Error in backup task: name 'time' is not defined
2025-05-01 20:26:46 | ERROR    | __main__:backup_task:186 - Error in backup task: name 'time' is not defined
2025-05-01 20:26:46 | ERROR    | __main__:backup_task:186 - Error in backup task: name 'time' is not defined
2025-05-01 20:26:46 | ERROR    | __main__:backup_task:186 - Error in backup task: name 'time' is not defined
2025-05-01 20:26:46 | ERROR    | __main__:backup_task:186 - Error in backup task: name 'time' is not defined
2025-05-01 20:26:46 | ERROR    | __main__:backup_task:186 - Error in backup task: name 'time' is not defined
2025-05-01 20:26:46 | ERROR    | __main__:backup_task:186 - Error in backup task: name 'time' is not defined
2025-05-01 20:26:46 | ERROR    | __main__:backup_task:186 - Error in backup task: name 'time' is not defined
2025-05-01 20:26:46 | ERROR    | __main__:backup_task:186 - Error in backup task: name 'time' is not defined
2025-05-01 20:26:46 | ERROR    | __main__:backup_task:186 - Error in backup task: name 'time' is not defined
2025-05-01 20:26:46 | ERROR    | __main__:backup_task:186 - Error in backup task: name 'time' is not defined
2025-05-01 20:26:46 | ERROR    | __main__:backup_task:186 - Error in backup task: name 'time' is not defined
2025-05-01 20:26:46 | ERROR    | __main__:backup_task:186 - Error in backup task: name 'time' is not defined
2025-05-01 20:26:46 | ERROR    | __main__:backup_task:186 - Error in backup task: name 'time' is not defined
2025-05-01 20:26:46 | ERROR    | __main__:backup_task:186 - Error in backup task: name 'time' is not defined
2025-05-01 20:26:46 | ERROR    | __main__:backup_task:186 - Error in backup task: name 'time' is not defined
2025-05-01 20:26:46 | ERROR    | __main__:backup_task:186 - Error in backup task: name 'time' is not defined
2025-05-01 20:26:46 | ERROR    | __main__:backup_task:186 - Error in backup task: name 'time' is not defined
2025-05-01 20:26:46 | ERROR    | __main__:backup_task:186 - Error in backup task: name 'time' is not defined
2025-05-01 20:26:46 | ERROR    | __main__:backup_task:186 - Error in backup task: name 'time' is not defined
2025-05-01 20:26:46 | ERROR    | __main__:backup_task:186 - Error in backup task: name 'time' is not defined
2025-05-01 20:26:46 | ERROR    | __main__:backup_task:186 - Error in backup task: name 'time' is not defined
2025-05-01 20:26:46 | ERROR    | __main__:backup_task:186 - Error in backup task: name 'time' is not defined
2025-05-01 20:26:46 | ERROR    | __main__:backup_task:186 - Error in backup task: name 'time' is not defined
2025-05-01 20:26:46 | ERROR    | __main__:backup_task:186 - Error in backup task: name 'time' is not defined
2025-05-01 20:26:46 | ERROR    | __main__:backup_task:186 - Error in backup task: name 'time' is not defined
2025-05-01 20:26:46 | ERROR    | __main__:backup_task:186 - Error in backup task: name 'time' is not defined
2025-05-01 20:26:46 | ERROR    | __main__:backup_task:186 - Error in backup task: name 'time' is not defined
2025-05-01 20:26:46 | ERROR    | __main__:backup_task:186 - Error in backup task: name 'time' is not defined
2025-05-01 20:26:46 | ERROR    | __main__:backup_task:186 - Error in backup task: name 'time' is not defined
2025-05-01 20:26:46 | ERROR    | __main__:backup_task:186 - Error in backup task: name 'time' is not defined
2025-05-01 20:26:46 | ERROR    | __main__:backup_task:186 - Error in backup task: name 'time' is not defined
2025-05-01 20:26:46 | ERROR    | __main__:backup_task:186 - Error in backup task: name 'time' is not defined
2025-05-01 20:26:46 | ERROR    | __main__:backup_task:186 - Error in backup task: name 'time' is not defined
2025-05-01 20:26:46 | ERROR    | __main__:backup_task:186 - Error in backup task: name 'time' is not defined
2025-05-01 20:26:46 | ERROR    | __main__:backup_task:186 - Error in backup task: name 'time' is not defined
2025-05-01 20:26:46 | ERROR    | __main__:backup_task:186 - Error in backup task: name 'time' is not defined
2025-05-01 20:26:46 | ERROR    | __main__:backup_task:186 - Error in backup task: name 'time' is not defined
2025-05-01 20:26:46 | ERROR    | __main__:backup_task:186 - Error in backup task: name 'time' is not defined
2025-05-01 20:26:46 | ERROR    | __main__:backup_task:186 - Error in backup task: name 'time' is not defined
2025-05-01 20:26:46 | ERROR    | __main__:backup_task:186 - Error in backup task: name 'time' is not defined
2025-05-01 20:26:46 | ERROR    | __main__:backup_task:186 - Error in backup task: name 'time' is not defined
2025-05-01 20:26:46 | ERROR    | __main__:backup_task:186 - Error in backup task: name 'time' is not defined
2025-05-01 20:26:46 | ERROR    | __main__:backup_task:186 - Error in backup task: name 'time' is not defined
2025-05-01 20:26:46 | ERROR    | __main__:backup_task:186 - Error in backup task: name 'time' is not defined
2025-05-01 20:26:46 | ERROR    | __main__:backup_task:186 - Error in backup task: name 'time' is not defined
2025-05-01 20:26:46 | ERROR    | __main__:backup_task:186 - Error in backup task: name 'time' is not defined
2025-05-01 20:26:46 | ERROR    | __main__:backup_task:186 - Error in backup task: name 'time' is not defined
2025-05-01 20:26:46 | ERROR    | __main__:backup_task:186 - Error in backup task: name 'time' is not defined
2025-05-01 20:26:46 | ERROR    | __main__:backup_task:186 - Error in backup task: name 'time' is not defined
2025-05-01 20:26:46 | ERROR    | __main__:backup_task:186 - Error in backup task: name 'time' is not defined
2025-05-01 20:26:46 | ERROR    | __main__:backup_task:186 - Error in backup task: name 'time' is not defined
2025-05-01 20:26:46 | ERROR    | __main__:backup_task:186 - Error in backup task: name 'time' is not defined
2025-05-01 20:26:46 | ERROR    | __main__:backup_task:186 - Error in backup task: name 'time' is not defined
2025-05-01 20:26:46 | ERROR    | __main__:backup_task:186 - Error in backup task: name 'time' is not defined
2025-05-01 20:26:46 | ERROR    | __main__:backup_task:186 - Error in backup task: name 'time' is not defined
2025-05-01 20:26:46 | ERROR    | __main__:backup_task:186 - Error in backup task: name 'time' is not defined
2025-05-01 20:26:46 | ERROR    | __main__:backup_task:186 - Error in backup task: name 'time' is not defined
2025-05-01 20:26:46 | ERROR    | __main__:backup_task:186 - Error in backup task: name 'time' is not defined
2025-05-01 20:26:46 | ERROR    | __main__:backup_task:186 - Error in backup task: name 'time' is not defined
2025-05-01 20:26:46 | ERROR    | __main__:backup_task:186 - Error in backup task: name 'time' is not defined
2025-05-01 20:26:46 | ERROR    | __main__:backup_task:186 - Error in backup task: name 'time' is not defined
2025-05-01 20:26:46 | ERROR    | __main__:backup_task:186 - Error in backup task: name 'time' is not defined
2025-05-01 20:26:46 | ERROR    | __main__:backup_task:186 - Error in backup task: name 'time' is not defined
2025-05-01 20:26:46 | ERROR    | __main__:backup_task:186 - Error in backup task: name 'time' is not defined
2025-05-01 20:26:46 | ERROR    | __main__:backup_task:186 - Error in backup task: name 'time' is not defined
2025-05-01 20:26:46 | ERROR    | __main__:backup_task:186 - Error in backup task: name 'time' is not defined
2025-05-01 20:26:46 | ERROR    | __main__:backup_task:186 - Error in backup task: name 'time' is not defined
2025-05-01 20:26:46 | ERROR    | __main__:backup_task:186 - Error in backup task: name 'time' is not defined
2025-05-01 20:26:46 | ERROR    | __main__:backup_task:186 - Error in backup task: name 'time' is not defined
2025-05-01 20:26:46 | ERROR    | __main__:backup_task:186 - Error in backup task: name 'time' is not defined
2025-05-01 20:26:46 | ERROR    | __main__:backup_task:186 - Error in backup task: name 'time' is not defined
2025-05-01 20:26:46 | ERROR    | __main__:backup_task:186 - Error in backup task: name 'time' is not defined
2025-05-01 20:26:46 | ERROR    | __main__:backup_task:186 - Error in backup task: name 'time' is not defined
2025-05-01 20:26:46 | ERROR    | __main__:backup_task:186 - Error in backup task: name 'time' is not defined
2025-05-01 20:26:46 | ERROR    | __main__:backup_task:186 - Error in backup task: name 'time' is not defined
2025-05-01 20:26:46 | ERROR    | __main__:backup_task:186 - Error in backup task: name 'time' is not defined
2025-05-01 20:26:46 | ERROR    | __main__:backup_task:186 - Error in backup task: name 'time' is not defined
2025-05-01 20:26:46 | ERROR    | __main__:backup_task:186 - Error in backup task: name 'time' is not defined
2025-05-01 20:26:46 | ERROR    | __main__:backup_task:186 - Error in backup task: name 'time' is not defined
2025-05-01 20:26:46 | ERROR    | __main__:backup_task:186 - Error in backup task: name 'time' is not defined
2025-05-01 20:26:46 | ERROR    | __main__:backup_task:186 - Error in backup task: name 'time' is not defined
2025-05-01 20:26:46 | ERROR    | __main__:backup_task:186 - Error in backup task: name 'time' is not defined
2025-05-01 20:26:46 | ERROR    | __main__:backup_task:186 - Error in backup task: name 'time' is not defined
2025-05-01 20:26:46 | ERROR    | __main__:backup_task:186 - Error in backup task: name 'time' is not defined
2025-05-01 20:26:46 | ERROR    | __main__:backup_task:186 - Error in backup task: name 'time' is not defined
2025-05-01 20:26:46 | ERROR    | __main__:backup_task:186 - Error in backup task: name 'time' is not defined
2025-05-01 20:26:46 | ERROR    | __main__:backup_task:186 - Error in backup task: name 'time' is not defined
2025-05-01 20:26:46 | ERROR    | __main__:backup_task:186 - Error in backup task: name 'time' is not defined
2025-05-01 20:26:46 | ERROR    | __main__:backup_task:186 - Error in backup task: name 'time' is not defined
2025-05-01 20:26:46 | ERROR    | __main__:backup_task:186 - Error in backup task: name 'time' is not defined
2025-05-01 20:26:46 | ERROR    | __main__:backup_task:186 - Error in backup task: name 'time' is not defined
2025-05-01 20:26:46 | ERROR    | __main__:backup_task:186 - Error in backup task: name 'time' is not defined
2025-05-01 20:26:46 | ERROR    | __main__:backup_task:186 - Error in backup task: name 'time' is not defined
2025-05-01 20:26:46 | ERROR    | __main__:backup_task:186 - Error in backup task: name 'time' is not defined
2025-05-01 20:26:46 | ERROR    | __main__:backup_task:186 - Error in backup task: name 'time' is not defined
2025-05-01 20:26:46 | ERROR    | __main__:backup_task:186 - Error in backup task: name 'time' is not defined
2025-05-01 20:26:46 | ERROR    | __main__:backup_task:186 - Error in backup task: name 'time' is not defined
2025-05-01 20:26:46 | ERROR    | __main__:backup_task:186 - Error in backup task: name 'time' is not defined
2025-05-01 20:26:46 | ERROR    | __main__:backup_task:186 - Error in backup task: name 'time' is not defined
2025-05-01 20:26:46 | ERROR    | __main__:backup_task:186 - Error in backup task: name 'time' is not defined
2025-05-01 20:26:46 | ERROR    | __main__:backup_task:186 - Error in backup task: name 'time' is not defined
2025-05-01 20:26:46 | ERROR    | __main__:backup_task:186 - Error in backup task: name 'time' is not defined
2025-05-01 20:26:46 | ERROR    | __main__:backup_task:186 - Error in backup task: name 'time' is not defined
2025-05-01 20:26:46 | ERROR    | __main__:backup_task:186 - Error in backup task: name 'time' is not defined
2025-05-01 20:26:46 | ERROR    | __main__:backup_task:186 - Error in backup task: name 'time' is not defined
2025-05-01 20:26:46 | ERROR    | __main__:backup_task:186 - Error in backup task: name 'time' is not defined
2025-05-01 20:26:46 | ERROR    | __main__:backup_task:186 - Error in backup task: name 'time' is not defined
2025-05-01 20:26:46 | ERROR    | __main__:backup_task:186 - Error in backup task: name 'time' is not defined
2025-05-01 20:26:46 | ERROR    | __main__:backup_task:186 - Error in backup task: name 'time' is not defined
2025-05-01 20:26:46 | ERROR    | __main__:backup_task:186 - Error in backup task: name 'time' is not defined
2025-05-01 20:26:46 | ERROR    | __main__:backup_task:186 - Error in backup task: name 'time' is not defined
2025-05-01 20:26:46 | ERROR    | __main__:backup_task:186 - Error in backup task: name 'time' is not defined
2025-05-01 20:26:46 | ERROR    | __main__:backup_task:186 - Error in backup task: name 'time' is not defined
2025-05-01 20:26:46 | ERROR    | __main__:backup_task:186 - Error in backup task: name 'time' is not defined
2025-05-01 20:26:46 | ERROR    | __main__:backup_task:186 - Error in backup task: name 'time' is not defined
2025-05-01 20:26:46 | ERROR    | __main__:backup_task:186 - Error in backup task: name 'time' is not defined
2025-05-01 20:26:46 | ERROR    | __main__:backup_task:186 - Error in backup task: name 'time' is not defined
2025-05-01 20:26:46 | ERROR    | __main__:backup_task:186 - Error in backup task: name 'time' is not defined
2025-05-01 20:26:46 | ERROR    | __main__:backup_task:186 - Error in backup task: name 'time' is not defined
2025-05-01 20:26:46 | ERROR    | __main__:backup_task:186 - Error in backup task: name 'time' is not defined
2025-05-01 20:26:46 | ERROR    | __main__:backup_task:186 - Error in backup task: name 'time' is not defined
2025-05-01 20:26:46 | ERROR    | __main__:backup_task:186 - Error in backup task: name 'time' is not defined
2025-05-01 20:26:46 | ERROR    | __main__:backup_task:186 - Error in backup task: name 'time' is not defined
2025-05-01 20:26:46 | ERROR    | __main__:backup_task:186 - Error in backup task: name 'time' is not defined
2025-05-01 20:26:46 | ERROR    | __main__:backup_task:186 - Error in backup task: name 'time' is not defined
2025-05-01 20:26:46 | ERROR    | __main__:backup_task:186 - Error in backup task: name 'time' is not defined
2025-05-01 20:26:46 | ERROR    | __main__:backup_task:186 - Error in backup task: name 'time' is not defined
2025-05-01 20:26:46 | ERROR    | __main__:backup_task:186 - Error in backup task: name 'time' is not defined
2025-05-01 20:26:46 | ERROR    | __main__:backup_task:186 - Error in backup task: name 'time' is not defined
2025-05-01 20:26:46 | ERROR    | __main__:backup_task:186 - Error in backup task: name 'time' is not defined
2025-05-01 20:26:46 | ERROR    | __main__:backup_task:186 - Error in backup task: name 'time' is not defined
2025-05-01 20:26:46 | ERROR    | __main__:backup_task:186 - Error in backup task: name 'time' is not defined
2025-05-01 20:26:46 | ERROR    | __main__:backup_task:186 - Error in backup task: name 'time' is not defined
2025-05-01 20:26:46 | ERROR    | __main__:backup_task:186 - Error in backup task: name 'time' is not defined
2025-05-01 20:26:46 | ERROR    | __main__:backup_task:186 - Error in backup task: name 'time' is not defined
2025-05-01 20:26:46 | ERROR    | __main__:backup_task:186 - Error in backup task: name 'time' is not defined
2025-05-01 20:26:46 | ERROR    | __main__:backup_task:186 - Error in backup task: name 'time' is not defined
2025-05-01 20:26:46 | ERROR    | __main__:backup_task:186 - Error in backup task: name 'time' is not defined
2025-05-01 20:26:46 | ERROR    | __main__:backup_task:186 - Error in backup task: name 'time' is not defined
2025-05-01 20:26:46 | ERROR    | __main__:backup_task:186 - Error in backup task: name 'time' is not defined
2025-05-01 20:26:46 | ERROR    | __main__:backup_task:186 - Error in backup task: name 'time' is not defined
2025-05-01 20:26:46 | ERROR    | __main__:backup_task:186 - Error in backup task: name 'time' is not defined
2025-05-01 20:26:46 | ERROR    | __main__:backup_task:186 - Error in backup task: name 'time' is not defined
2025-05-01 20:26:46 | ERROR    | __main__:backup_task:186 - Error in backup task: name 'time' is not defined
2025-05-01 20:26:46 | ERROR    | __main__:backup_task:186 - Error in backup task: name 'time' is not defined
2025-05-01 20:26:46 | ERROR    | __main__:backup_task:186 - Error in backup task: name 'time' is not defined
2025-05-01 20:26:46 | ERROR    | __main__:backup_task:186 - Error in backup task: name 'time' is not defined
2025-05-01 20:26:46 | ERROR    | __main__:backup_task:186 - Error in backup task: name 'time' is not defined
2025-05-01 20:26:46 | ERROR    | __main__:backup_task:186 - Error in backup task: name 'time' is not defined
2025-05-01 20:26:46 | ERROR    | __main__:backup_task:186 - Error in backup task: name 'time' is not defined
2025-05-01 20:26:46 | ERROR    | __main__:backup_task:186 - Error in backup task: name 'time' is not defined
2025-05-01 20:26:46 | ERROR    | __main__:backup_task:186 - Error in backup task: name 'time' is not defined
2025-05-01 20:26:46 | ERROR    | __main__:backup_task:186 - Error in backup task: name 'time' is not defined
2025-05-01 20:26:46 | ERROR    | __main__:backup_task:186 - Error in backup task: name 'time' is not defined
2025-05-01 20:26:46 | ERROR    | __main__:backup_task:186 - Error in backup task: name 'time' is not defined
2025-05-01 20:26:46 | ERROR    | __main__:backup_task:186 - Error in backup task: name 'time' is not defined
2025-05-01 20:26:46 | ERROR    | __main__:backup_task:186 - Error in backup task: name 'time' is not defined
2025-05-01 20:26:46 | ERROR    | __main__:backup_task:186 - Error in backup task: name 'time' is not defined
2025-05-01 20:26:46 | ERROR    | __main__:backup_task:186 - Error in backup task: name 'time' is not defined
2025-05-01 20:26:46 | ERROR    | __main__:backup_task:186 - Error in backup task: name 'time' is not defined
2025-05-01 20:26:46 | ERROR    | __main__:backup_task:186 - Error in backup task: name 'time' is not defined
2025-05-01 20:26:46 | ERROR    | __main__:backup_task:186 - Error in backup task: name 'time' is not defined
2025-05-01 20:26:46 | ERROR    | __main__:backup_task:186 - Error in backup task: name 'time' is not defined
2025-05-01 20:26:46 | ERROR    | __main__:backup_task:186 - Error in backup task: name 'time' is not defined
2025-05-01 20:26:46 | ERROR    | __main__:backup_task:186 - Error in backup task: name 'time' is not defined
2025-05-01 20:26:46 | ERROR    | __main__:backup_task:186 - Error in backup task: name 'time' is not defined
2025-05-01 20:26:46 | ERROR    | __main__:backup_task:186 - Error in backup task: name 'time' is not defined
2025-05-01 20:26:46 | ERROR    | __main__:backup_task:186 - Error in backup task: name 'time' is not defined
2025-05-01 20:26:46 | ERROR    | __main__:backup_task:186 - Error in backup task: name 'time' is not defined
2025-05-01 20:26:46 | ERROR    | __main__:backup_task:186 - Error in backup task: name 'time' is not defined
2025-05-01 20:26:46 | ERROR    | __main__:backup_task:186 - Error in backup task: name 'time' is not defined
2025-05-01 20:26:46 | ERROR    | __main__:backup_task:186 - Error in backup task: name 'time' is not defined
2025-05-01 20:26:46 | ERROR    | __main__:backup_task:186 - Error in backup task: name 'time' is not defined
2025-05-01 20:26:46 | ERROR    | __main__:backup_task:186 - Error in backup task: name 'time' is not defined
2025-05-01 20:26:46 | ERROR    | __main__:backup_task:186 - Error in backup task: name 'time' is not defined
2025-05-01 20:26:46 | ERROR    | __main__:backup_task:186 - Error in backup task: name 'time' is not defined
2025-05-01 20:26:46 | ERROR    | __main__:backup_task:186 - Error in backup task: name 'time' is not defined
2025-05-01 20:26:46 | ERROR    | __main__:backup_task:186 - Error in backup task: name 'time' is not defined
2025-05-01 20:26:46 | ERROR    | __main__:backup_task:186 - Error in backup task: name 'time' is not defined
2025-05-01 20:26:46 | ERROR    | __main__:backup_task:186 - Error in backup task: name 'time' is not defined
2025-05-01 20:26:46 | ERROR    | __main__:backup_task:186 - Error in backup task: name 'time' is not defined
2025-05-01 20:26:46 | ERROR    | __main__:backup_task:186 - Error in backup task: name 'time' is not defined
2025-05-01 20:26:46 | ERROR    | __main__:backup_task:186 - Error in backup task: name 'time' is not defined
2025-05-01 20:26:46 | ERROR    | __main__:backup_task:186 - Error in backup task: name 'time' is not defined
2025-05-01 20:26:46 | ERROR    | __main__:backup_task:186 - Error in backup task: name 'time' is not defined
2025-05-01 20:26:46 | ERROR    | __main__:backup_task:186 - Error in backup task: name 'time' is not defined
2025-05-01 20:26:46 | ERROR    | __main__:backup_task:186 - Error in backup task: name 'time' is not defined
2025-05-01 20:26:46 | ERROR    | __main__:backup_task:186 - Error in backup task: name 'time' is not defined
2025-05-01 20:26:46 | ERROR    | __main__:backup_task:186 - Error in backup task: name 'time' is not defined
2025-05-01 20:26:46 | ERROR    | __main__:backup_task:186 - Error in backup task: name 'time' is not defined
2025-05-01 20:26:46 | ERROR    | __main__:backup_task:186 - Error in backup task: name 'time' is not defined
2025-05-01 20:26:46 | ERROR    | __main__:backup_task:186 - Error in backup task: name 'time' is not defined
2025-05-01 20:26:46 | ERROR    | __main__:backup_task:186 - Error in backup task: name 'time' is not defined
2025-05-01 20:26:46 | ERROR    | __main__:backup_task:186 - Error in backup task: name 'time' is not defined
2025-05-01 20:26:46 | ERROR    | __main__:backup_task:186 - Error in backup task: name 'time' is not defined
2025-05-01 20:26:46 | ERROR    | __main__:backup_task:186 - Error in backup task: name 'time' is not defined
2025-05-01 20:26:46 | ERROR    | __main__:backup_task:186 - Error in backup task: name 'time' is not defined
2025-05-01 20:26:46 | ERROR    | __main__:backup_task:186 - Error in backup task: name 'time' is not defined
2025-05-01 20:26:46 | ERROR    | __main__:backup_task:186 - Error in backup task: name 'time' is not defined
2025-05-01 20:26:46 | ERROR    | __main__:backup_task:186 - Error in backup task: name 'time' is not defined
2025-05-01 20:26:46 | ERROR    | __main__:backup_task:186 - Error in backup task: name 'time' is not defined
2025-05-01 20:26:46 | ERROR    | __main__:backup_task:186 - Error in backup task: name 'time' is not defined
2025-05-01 20:26:46 | ERROR    | __main__:backup_task:186 - Error in backup task: name 'time' is not defined
2025-05-01 20:26:46 | ERROR    | __main__:backup_task:186 - Error in backup task: name 'time' is not defined
2025-05-01 20:26:46 | ERROR    | __main__:backup_task:186 - Error in backup task: name 'time' is not defined
2025-05-01 20:26:46 | ERROR    | __main__:backup_task:186 - Error in backup task: name 'time' is not defined
2025-05-01 20:26:46 | ERROR    | __main__:backup_task:186 - Error in backup task: name 'time' is not defined
2025-05-01 20:26:46 | ERROR    | __main__:backup_task:186 - Error in backup task: name 'time' is not defined
2025-05-01 20:26:46 | ERROR    | __main__:backup_task:186 - Error in backup task: name 'time' is not defined
2025-05-01 20:26:46 | ERROR    | __main__:backup_task:186 - Error in backup task: name 'time' is not defined
2025-05-01 20:26:46 | ERROR    | __main__:backup_task:186 - Error in backup task: name 'time' is not defined
2025-05-01 20:26:46 | ERROR    | __main__:backup_task:186 - Error in backup task: name 'time' is not defined
2025-05-01 20:26:46 | ERROR    | __main__:backup_task:186 - Error in backup task: name 'time' is not defined
2025-05-01 20:26:46 | ERROR    | __main__:backup_task:186 - Error in backup task: name 'time' is not defined
2025-05-01 20:26:46 | ERROR    | __main__:backup_task:186 - Error in backup task: name 'time' is not defined
2025-05-01 20:26:46 | ERROR    | __main__:backup_task:186 - Error in backup task: name 'time' is not defined
2025-05-01 20:26:46 | ERROR    | __main__:backup_task:186 - Error in backup task: name 'time' is not defined
2025-05-01 20:26:46 | ERROR    | __main__:backup_task:186 - Error in backup task: name 'time' is not defined
2025-05-01 20:26:46 | ERROR    | __main__:backup_task:186 - Error in backup task: name 'time' is not defined
2025-05-01 20:26:46 | ERROR    | __main__:backup_task:186 - Error in backup task: name 'time' is not defined
2025-05-01 20:26:46 | ERROR    | __main__:backup_task:186 - Error in backup task: name 'time' is not defined
2025-05-01 20:26:46 | ERROR    | __main__:backup_task:186 - Error in backup task: name 'time' is not defined
2025-05-01 20:26:46 | ERROR    | __main__:backup_task:186 - Error in backup task: name 'time' is not defined
2025-05-01 20:26:46 | ERROR    | __main__:backup_task:186 - Error in backup task: name 'time' is not defined
2025-05-01 20:26:46 | ERROR    | __main__:backup_task:186 - Error in backup task: name 'time' is not defined
2025-05-01 20:26:46 | ERROR    | __main__:backup_task:186 - Error in backup task: name 'time' is not defined
2025-05-01 20:26:46 | ERROR    | __main__:backup_task:186 - Error in backup task: name 'time' is not defined
2025-05-01 20:26:46 | ERROR    | __main__:backup_task:186 - Error in backup task: name 'time' is not defined
2025-05-01 20:26:46 | ERROR    | __main__:backup_task:186 - Error in backup task: name 'time' is not defined
2025-05-01 20:26:46 | ERROR    | __main__:backup_task:186 - Error in backup task: name 'time' is not defined
2025-05-01 20:26:46 | ERROR    | __main__:backup_task:186 - Error in backup task: name 'time' is not defined
2025-05-01 20:26:46 | ERROR    | __main__:backup_task:186 - Error in backup task: name 'time' is not defined
2025-05-01 20:26:46 | ERROR    | __main__:backup_task:186 - Error in backup task: name 'time' is not defined
2025-05-01 20:26:46 | ERROR    | __main__:backup_task:186 - Error in backup task: name 'time' is not defined
2025-05-01 20:26:46 | ERROR    | __main__:backup_task:186 - Error in backup task: name 'time' is not defined
2025-05-01 20:26:46 | ERROR    | __main__:backup_task:186 - Error in backup task: name 'time' is not defined
2025-05-01 20:26:46 | ERROR    | __main__:backup_task:186 - Error in backup task: name 'time' is not defined
2025-05-01 20:26:46 | ERROR    | __main__:backup_task:186 - Error in backup task: name 'time' is not defined
2025-05-01 20:26:46 | ERROR    | __main__:backup_task:186 - Error in backup task: name 'time' is not defined
2025-05-01 20:26:46 | ERROR    | __main__:backup_task:186 - Error in backup task: name 'time' is not defined
2025-05-01 20:26:46 | ERROR    | __main__:backup_task:186 - Error in backup task: name 'time' is not defined
2025-05-01 20:26:46 | ERROR    | __main__:backup_task:186 - Error in backup task: name 'time' is not defined
2025-05-01 20:26:46 | ERROR    | __main__:backup_task:186 - Error in backup task: name 'time' is not defined
2025-05-01 20:26:46 | ERROR    | __main__:backup_task:186 - Error in backup task: name 'time' is not defined
2025-05-01 20:26:46 | ERROR    | __main__:backup_task:186 - Error in backup task: name 'time' is not defined
2025-05-01 20:26:46 | ERROR    | __main__:backup_task:186 - Error in backup task: name 'time' is not defined
2025-05-01 20:26:46 | ERROR    | __main__:backup_task:186 - Error in backup task: name 'time' is not defined
2025-05-01 20:26:46 | ERROR    | __main__:backup_task:186 - Error in backup task: name 'time' is not defined
2025-05-01 20:26:46 | ERROR    | __main__:backup_task:186 - Error in backup task: name 'time' is not defined
2025-05-01 20:26:46 | ERROR    | __main__:backup_task:186 - Error in backup task: name 'time' is not defined
2025-05-01 20:26:46 | ERROR    | __main__:backup_task:186 - Error in backup task: name 'time' is not defined
2025-05-01 20:26:46 | ERROR    | __main__:backup_task:186 - Error in backup task: name 'time' is not defined
2025-05-01 20:26:46 | ERROR    | __main__:backup_task:186 - Error in backup task: name 'time' is not defined
2025-05-01 20:26:46 | ERROR    | __main__:backup_task:186 - Error in backup task: name 'time' is not defined
2025-05-01 20:26:46 | ERROR    | __main__:backup_task:186 - Error in backup task: name 'time' is not defined
2025-05-01 20:26:46 | ERROR    | __main__:backup_task:186 - Error in backup task: name 'time' is not defined
2025-05-01 20:26:46 | ERROR    | __main__:backup_task:186 - Error in backup task: name 'time' is not defined
2025-05-01 20:26:46 | ERROR    | __main__:backup_task:186 - Error in backup task: name 'time' is not defined
2025-05-01 20:26:46 | ERROR    | __main__:backup_task:186 - Error in backup task: name 'time' is not defined
2025-05-01 20:26:46 | ERROR    | __main__:backup_task:186 - Error in backup task: name 'time' is not defined
2025-05-01 20:26:46 | ERROR    | __main__:backup_task:186 - Error in backup task: name 'time' is not defined
2025-05-01 20:26:46 | ERROR    | __main__:backup_task:186 - Error in backup task: name 'time' is not defined
2025-05-01 20:26:46 | ERROR    | __main__:backup_task:186 - Error in backup task: name 'time' is not defined
2025-05-01 20:26:46 | ERROR    | __main__:backup_task:186 - Error in backup task: name 'time' is not defined
2025-05-01 20:26:46 | ERROR    | __main__:backup_task:186 - Error in backup task: name 'time' is not defined
2025-05-01 20:26:46 | ERROR    | __main__:backup_task:186 - Error in backup task: name 'time' is not defined
2025-05-01 20:26:46 | ERROR    | __main__:backup_task:186 - Error in backup task: name 'time' is not defined
2025-05-01 20:26:46 | ERROR    | __main__:backup_task:186 - Error in backup task: name 'time' is not defined
2025-05-01 20:26:46 | ERROR    | __main__:backup_task:186 - Error in backup task: name 'time' is not defined
2025-05-01 20:26:46 | ERROR    | __main__:backup_task:186 - Error in backup task: name 'time' is not defined
2025-05-01 20:26:46 | ERROR    | __main__:backup_task:186 - Error in backup task: name 'time' is not defined
2025-05-01 20:26:46 | ERROR    | __main__:backup_task:186 - Error in backup task: name 'time' is not defined
2025-05-01 20:26:46 | ERROR    | __main__:backup_task:186 - Error in backup task: name 'time' is not defined
2025-05-01 20:26:46 | ERROR    | __main__:backup_task:186 - Error in backup task: name 'time' is not defined
2025-05-01 20:26:46 | ERROR    | __main__:backup_task:186 - Error in backup task: name 'time' is not defined
2025-05-01 20:26:46 | ERROR    | __main__:backup_task:186 - Error in backup task: name 'time' is not defined
2025-05-01 20:26:46 | ERROR    | __main__:backup_task:186 - Error in backup task: name 'time' is not defined
2025-05-01 20:26:46 | ERROR    | __main__:backup_task:186 - Error in backup task: name 'time' is not defined
2025-05-01 20:26:46 | ERROR    | __main__:backup_task:186 - Error in backup task: name 'time' is not defined
2025-05-01 20:26:46 | ERROR    | __main__:backup_task:186 - Error in backup task: name 'time' is not defined
2025-05-01 20:26:46 | ERROR    | __main__:backup_task:186 - Error in backup task: name 'time' is not defined
2025-05-01 20:26:46 | ERROR    | __main__:backup_task:186 - Error in backup task: name 'time' is not defined
2025-05-01 20:26:46 | ERROR    | __main__:backup_task:186 - Error in backup task: name 'time' is not defined
2025-05-01 20:26:46 | ERROR    | __main__:backup_task:186 - Error in backup task: name 'time' is not defined
2025-05-01 20:26:46 | ERROR    | __main__:backup_task:186 - Error in backup task: name 'time' is not defined
2025-05-01 20:26:46 | ERROR    | __main__:backup_task:186 - Error in backup task: name 'time' is not defined
2025-05-01 20:26:46 | ERROR    | __main__:backup_task:186 - Error in backup task: name 'time' is not defined
2025-05-01 20:26:46 | ERROR    | __main__:backup_task:186 - Error in backup task: name 'time' is not defined
2025-05-01 20:26:46 | ERROR    | __main__:backup_task:186 - Error in backup task: name 'time' is not defined
2025-05-01 20:26:46 | ERROR    | __main__:backup_task:186 - Error in backup task: name 'time' is not defined
2025-05-01 20:26:46 | ERROR    | __main__:backup_task:186 - Error in backup task: name 'time' is not defined
2025-05-01 20:26:46 | ERROR    | __main__:backup_task:186 - Error in backup task: name 'time' is not defined
2025-05-01 20:26:46 | ERROR    | __main__:backup_task:186 - Error in backup task: name 'time' is not defined
2025-05-01 20:26:46 | ERROR    | __main__:backup_task:186 - Error in backup task: name 'time' is not defined
2025-05-01 20:26:46 | ERROR    | __main__:backup_task:186 - Error in backup task: name 'time' is not defined
2025-05-01 20:26:46 | ERROR    | __main__:backup_task:186 - Error in backup task: name 'time' is not defined
2025-05-01 20:26:46 | ERROR    | __main__:backup_task:186 - Error in backup task: name 'time' is not defined
2025-05-01 20:26:46 | ERROR    | __main__:backup_task:186 - Error in backup task: name 'time' is not defined
2025-05-01 20:26:46 | ERROR    | __main__:backup_task:186 - Error in backup task: name 'time' is not defined
2025-05-01 20:26:46 | ERROR    | __main__:backup_task:186 - Error in backup task: name 'time' is not defined
2025-05-01 20:26:46 | ERROR    | __main__:backup_task:186 - Error in backup task: name 'time' is not defined
2025-05-01 20:26:46 | ERROR    | __main__:backup_task:186 - Error in backup task: name 'time' is not defined
2025-05-01 20:26:46 | ERROR    | __main__:backup_task:186 - Error in backup task: name 'time' is not defined
2025-05-01 20:26:46 | ERROR    | __main__:backup_task:186 - Error in backup task: name 'time' is not defined
2025-05-01 20:26:46 | ERROR    | __main__:backup_task:186 - Error in backup task: name 'time' is not defined
2025-05-01 20:26:46 | ERROR    | __main__:backup_task:186 - Error in backup task: name 'time' is not defined
2025-05-01 20:26:46 | ERROR    | __main__:backup_task:186 - Error in backup task: name 'time' is not defined
2025-05-01 20:26:46 | ERROR    | __main__:backup_task:186 - Error in backup task: name 'time' is not defined
2025-05-01 20:26:46 | ERROR    | __main__:backup_task:186 - Error in backup task: name 'time' is not defined
2025-05-01 20:26:46 | ERROR    | __main__:backup_task:186 - Error in backup task: name 'time' is not defined
2025-05-01 20:26:46 | ERROR    | __main__:backup_task:186 - Error in backup task: name 'time' is not defined
2025-05-01 20:26:46 | ERROR    | __main__:backup_task:186 - Error in backup task: name 'time' is not defined
2025-05-01 20:26:46 | ERROR    | __main__:backup_task:186 - Error in backup task: name 'time' is not defined
2025-05-01 20:26:46 | ERROR    | __main__:backup_task:186 - Error in backup task: name 'time' is not defined
2025-05-01 20:26:46 | ERROR    | __main__:backup_task:186 - Error in backup task: name 'time' is not defined
2025-05-01 20:26:46 | ERROR    | __main__:backup_task:186 - Error in backup task: name 'time' is not defined
2025-05-01 20:26:46 | ERROR    | __main__:backup_task:186 - Error in backup task: name 'time' is not defined
2025-05-01 20:26:46 | ERROR    | __main__:backup_task:186 - Error in backup task: name 'time' is not defined
2025-05-01 20:26:46 | ERROR    | __main__:backup_task:186 - Error in backup task: name 'time' is not defined
2025-05-01 20:26:46 | ERROR    | __main__:backup_task:186 - Error in backup task: name 'time' is not defined
2025-05-01 20:26:46 | ERROR    | __main__:backup_task:186 - Error in backup task: name 'time' is not defined
2025-05-01 20:26:46 | ERROR    | __main__:backup_task:186 - Error in backup task: name 'time' is not defined
2025-05-01 20:26:46 | ERROR    | __main__:backup_task:186 - Error in backup task: name 'time' is not defined
2025-05-01 20:26:46 | ERROR    | __main__:backup_task:186 - Error in backup task: name 'time' is not defined
2025-05-01 20:26:46 | ERROR    | __main__:backup_task:186 - Error in backup task: name 'time' is not defined
2025-05-01 20:26:46 | ERROR    | __main__:backup_task:186 - Error in backup task: name 'time' is not defined
2025-05-01 20:26:46 | ERROR    | __main__:backup_task:186 - Error in backup task: name 'time' is not defined
2025-05-01 20:26:46 | ERROR    | __main__:backup_task:186 - Error in backup task: name 'time' is not defined
2025-05-01 20:26:46 | ERROR    | __main__:backup_task:186 - Error in backup task: name 'time' is not defined
2025-05-01 20:26:46 | ERROR    | __main__:backup_task:186 - Error in backup task: name 'time' is not defined
2025-05-01 20:26:46 | ERROR    | __main__:backup_task:186 - Error in backup task: name 'time' is not defined
2025-05-01 20:26:46 | ERROR    | __main__:backup_task:186 - Error in backup task: name 'time' is not defined
2025-05-01 20:26:46 | ERROR    | __main__:backup_task:186 - Error in backup task: name 'time' is not defined
2025-05-01 20:26:46 | ERROR    | __main__:backup_task:186 - Error in backup task: name 'time' is not defined
2025-05-01 20:26:46 | ERROR    | __main__:backup_task:186 - Error in backup task: name 'time' is not defined
2025-05-01 20:26:46 | ERROR    | __main__:backup_task:186 - Error in backup task: name 'time' is not defined
2025-05-01 20:26:46 | ERROR    | __main__:backup_task:186 - Error in backup task: name 'time' is not defined
2025-05-01 20:26:46 | ERROR    | __main__:backup_task:186 - Error in backup task: name 'time' is not defined
2025-05-01 20:26:46 | ERROR    | __main__:backup_task:186 - Error in backup task: name 'time' is not defined
2025-05-01 20:26:46 | ERROR    | __main__:backup_task:186 - Error in backup task: name 'time' is not defined
2025-05-01 20:26:46 | ERROR    | __main__:backup_task:186 - Error in backup task: name 'time' is not defined
2025-05-01 20:26:46 | ERROR    | __main__:backup_task:186 - Error in backup task: name 'time' is not defined
2025-05-01 20:26:46 | ERROR    | __main__:backup_task:186 - Error in backup task: name 'time' is not defined
2025-05-01 20:26:46 | ERROR    | __main__:backup_task:186 - Error in backup task: name 'time' is not defined
2025-05-01 20:26:46 | ERROR    | __main__:backup_task:186 - Error in backup task: name 'time' is not defined
2025-05-01 20:26:46 | ERROR    | __main__:backup_task:186 - Error in backup task: name 'time' is not defined
2025-05-01 20:26:46 | ERROR    | __main__:backup_task:186 - Error in backup task: name 'time' is not defined
2025-05-01 20:26:46 | ERROR    | __main__:backup_task:186 - Error in backup task: name 'time' is not defined
2025-05-01 20:26:46 | ERROR    | __main__:backup_task:186 - Error in backup task: name 'time' is not defined
2025-05-01 20:26:46 | ERROR    | __main__:backup_task:186 - Error in backup task: name 'time' is not defined
2025-05-01 20:26:46 | ERROR    | __main__:backup_task:186 - Error in backup task: name 'time' is not defined
2025-05-01 20:26:46 | ERROR    | __main__:backup_task:186 - Error in backup task: name 'time' is not defined
2025-05-01 20:26:46 | ERROR    | __main__:backup_task:186 - Error in backup task: name 'time' is not defined
2025-05-01 20:26:46 | ERROR    | __main__:backup_task:186 - Error in backup task: name 'time' is not defined
2025-05-01 20:26:46 | ERROR    | __main__:backup_task:186 - Error in backup task: name 'time' is not defined
2025-05-01 20:26:46 | ERROR    | __main__:backup_task:186 - Error in backup task: name 'time' is not defined
2025-05-01 20:26:46 | ERROR    | __main__:backup_task:186 - Error in backup task: name 'time' is not defined
2025-05-01 20:26:46 | ERROR    | __main__:backup_task:186 - Error in backup task: name 'time' is not defined
2025-05-01 20:26:46 | ERROR    | __main__:backup_task:186 - Error in backup task: name 'time' is not defined
2025-05-01 20:26:46 | ERROR    | __main__:backup_task:186 - Error in backup task: name 'time' is not defined
2025-05-01 20:26:46 | ERROR    | __main__:backup_task:186 - Error in backup task: name 'time' is not defined
2025-05-01 20:26:46 | ERROR    | __main__:backup_task:186 - Error in backup task: name 'time' is not defined
2025-05-01 20:26:46 | ERROR    | __main__:backup_task:186 - Error in backup task: name 'time' is not defined
2025-05-01 20:26:46 | ERROR    | __main__:backup_task:186 - Error in backup task: name 'time' is not defined
2025-05-01 20:26:46 | ERROR    | __main__:backup_task:186 - Error in backup task: name 'time' is not defined
2025-05-01 20:26:46 | ERROR    | __main__:backup_task:186 - Error in backup task: name 'time' is not defined
2025-05-01 20:26:46 | ERROR    | __main__:backup_task:186 - Error in backup task: name 'time' is not defined
2025-05-01 20:26:46 | ERROR    | __main__:backup_task:186 - Error in backup task: name 'time' is not defined
2025-05-01 20:26:46 | ERROR    | __main__:backup_task:186 - Error in backup task: name 'time' is not defined
2025-05-01 20:26:46 | ERROR    | __main__:backup_task:186 - Error in backup task: name 'time' is not defined
2025-05-01 20:26:46 | ERROR    | __main__:backup_task:186 - Error in backup task: name 'time' is not defined
2025-05-01 20:26:46 | ERROR    | __main__:backup_task:186 - Error in backup task: name 'time' is not defined
2025-05-01 20:26:46 | ERROR    | __main__:backup_task:186 - Error in backup task: name 'time' is not defined
2025-05-01 20:26:46 | ERROR    | __main__:backup_task:186 - Error in backup task: name 'time' is not defined
2025-05-01 20:26:46 | ERROR    | __main__:backup_task:186 - Error in backup task: name 'time' is not defined
2025-05-01 20:26:46 | ERROR    | __main__:backup_task:186 - Error in backup task: name 'time' is not defined
2025-05-01 20:26:46 | ERROR    | __main__:backup_task:186 - Error in backup task: name 'time' is not defined
2025-05-01 20:26:46 | ERROR    | __main__:backup_task:186 - Error in backup task: name 'time' is not defined
2025-05-01 20:26:46 | ERROR    | __main__:backup_task:186 - Error in backup task: name 'time' is not defined
2025-05-01 20:26:46 | ERROR    | __main__:backup_task:186 - Error in backup task: name 'time' is not defined
2025-05-01 20:26:46 | ERROR    | __main__:backup_task:186 - Error in backup task: name 'time' is not defined
2025-05-01 20:26:46 | ERROR    | __main__:backup_task:186 - Error in backup task: name 'time' is not defined
2025-05-01 20:26:46 | ERROR    | __main__:backup_task:186 - Error in backup task: name 'time' is not defined
2025-05-01 20:26:46 | ERROR    | __main__:backup_task:186 - Error in backup task: name 'time' is not defined
2025-05-01 20:26:46 | ERROR    | __main__:backup_task:186 - Error in backup task: name 'time' is not defined
2025-05-01 20:26:46 | ERROR    | __main__:backup_task:186 - Error in backup task: name 'time' is not defined
2025-05-01 20:26:46 | ERROR    | __main__:backup_task:186 - Error in backup task: name 'time' is not defined
2025-05-01 20:26:46 | ERROR    | __main__:backup_task:186 - Error in backup task: name 'time' is not defined
2025-05-01 20:26:46 | ERROR    | __main__:backup_task:186 - Error in backup task: name 'time' is not defined
2025-05-01 20:26:46 | ERROR    | __main__:backup_task:186 - Error in backup task: name 'time' is not defined
2025-05-01 20:26:46 | ERROR    | __main__:backup_task:186 - Error in backup task: name 'time' is not defined
2025-05-01 20:26:46 | ERROR    | __main__:backup_task:186 - Error in backup task: name 'time' is not defined
2025-05-01 20:26:46 | ERROR    | __main__:backup_task:186 - Error in backup task: name 'time' is not defined
2025-05-01 20:26:46 | ERROR    | __main__:backup_task:186 - Error in backup task: name 'time' is not defined
2025-05-01 20:26:46 | ERROR    | __main__:backup_task:186 - Error in backup task: name 'time' is not defined
2025-05-01 20:26:46 | ERROR    | __main__:backup_task:186 - Error in backup task: name 'time' is not defined
2025-05-01 20:26:46 | ERROR    | __main__:backup_task:186 - Error in backup task: name 'time' is not defined
2025-05-01 20:26:46 | ERROR    | __main__:backup_task:186 - Error in backup task: name 'time' is not defined
2025-05-01 20:26:46 | ERROR    | __main__:backup_task:186 - Error in backup task: name 'time' is not defined
2025-05-01 20:26:46 | ERROR    | __main__:backup_task:186 - Error in backup task: name 'time' is not defined
2025-05-01 20:26:46 | ERROR    | __main__:backup_task:186 - Error in backup task: name 'time' is not defined
2025-05-01 20:26:46 | ERROR    | __main__:backup_task:186 - Error in backup task: name 'time' is not defined
2025-05-01 20:26:46 | ERROR    | __main__:backup_task:186 - Error in backup task: name 'time' is not defined
2025-05-01 20:26:46 | ERROR    | __main__:backup_task:186 - Error in backup task: name 'time' is not defined
2025-05-01 20:26:46 | ERROR    | __main__:backup_task:186 - Error in backup task: name 'time' is not defined
2025-05-01 20:26:46 | ERROR    | __main__:backup_task:186 - Error in backup task: name 'time' is not defined
2025-05-01 20:26:46 | ERROR    | __main__:backup_task:186 - Error in backup task: name 'time' is not defined
2025-05-01 20:26:46 | ERROR    | __main__:backup_task:186 - Error in backup task: name 'time' is not defined
2025-05-01 20:26:46 | ERROR    | __main__:backup_task:186 - Error in backup task: name 'time' is not defined
2025-05-01 20:26:46 | ERROR    | __main__:backup_task:186 - Error in backup task: name 'time' is not defined
2025-05-01 20:26:46 | ERROR    | __main__:backup_task:186 - Error in backup task: name 'time' is not defined
2025-05-01 20:26:46 | ERROR    | __main__:backup_task:186 - Error in backup task: name 'time' is not defined
2025-05-01 20:26:46 | ERROR    | __main__:backup_task:186 - Error in backup task: name 'time' is not defined
2025-05-01 20:26:46 | ERROR    | __main__:backup_task:186 - Error in backup task: name 'time' is not defined
2025-05-01 20:26:46 | ERROR    | __main__:backup_task:186 - Error in backup task: name 'time' is not defined
2025-05-01 20:26:46 | ERROR    | __main__:backup_task:186 - Error in backup task: name 'time' is not defined
2025-05-01 20:26:46 | ERROR    | __main__:backup_task:186 - Error in backup task: name 'time' is not defined
2025-05-01 20:26:46 | ERROR    | __main__:backup_task:186 - Error in backup task: name 'time' is not defined
2025-05-01 20:26:46 | ERROR    | __main__:backup_task:186 - Error in backup task: name 'time' is not defined
2025-05-01 20:26:46 | ERROR    | __main__:backup_task:186 - Error in backup task: name 'time' is not defined
2025-05-01 20:26:46 | ERROR    | __main__:backup_task:186 - Error in backup task: name 'time' is not defined
2025-05-01 20:26:46 | ERROR    | __main__:backup_task:186 - Error in backup task: name 'time' is not defined
2025-05-01 20:26:46 | ERROR    | __main__:backup_task:186 - Error in backup task: name 'time' is not defined
2025-05-01 20:26:46 | ERROR    | __main__:backup_task:186 - Error in backup task: name 'time' is not defined
2025-05-01 20:26:46 | ERROR    | __main__:backup_task:186 - Error in backup task: name 'time' is not defined
2025-05-01 20:26:46 | ERROR    | __main__:backup_task:186 - Error in backup task: name 'time' is not defined
2025-05-01 20:26:46 | ERROR    | __main__:backup_task:186 - Error in backup task: name 'time' is not defined
2025-05-01 20:26:46 | ERROR    | __main__:backup_task:186 - Error in backup task: name 'time' is not defined
2025-05-01 20:26:46 | ERROR    | __main__:backup_task:186 - Error in backup task: name 'time' is not defined
2025-05-01 20:26:46 | ERROR    | __main__:backup_task:186 - Error in backup task: name 'time' is not defined
2025-05-01 20:26:46 | ERROR    | __main__:backup_task:186 - Error in backup task: name 'time' is not defined
2025-05-01 20:26:46 | ERROR    | __main__:backup_task:186 - Error in backup task: name 'time' is not defined
2025-05-01 20:26:46 | ERROR    | __main__:backup_task:186 - Error in backup task: name 'time' is not defined
2025-05-01 20:26:46 | ERROR    | __main__:backup_task:186 - Error in backup task: name 'time' is not defined
2025-05-01 20:26:46 | ERROR    | __main__:backup_task:186 - Error in backup task: name 'time' is not defined
2025-05-01 20:26:46 | ERROR    | __main__:backup_task:186 - Error in backup task: name 'time' is not defined
2025-05-01 20:26:46 | ERROR    | __main__:backup_task:186 - Error in backup task: name 'time' is not defined
2025-05-01 20:26:46 | ERROR    | __main__:backup_task:186 - Error in backup task: name 'time' is not defined
2025-05-01 20:26:46 | ERROR    | __main__:backup_task:186 - Error in backup task: name 'time' is not defined
2025-05-01 20:26:46 | ERROR    | __main__:backup_task:186 - Error in backup task: name 'time' is not defined
2025-05-01 20:26:46 | ERROR    | __main__:backup_task:186 - Error in backup task: name 'time' is not defined
2025-05-01 20:26:46 | ERROR    | __main__:backup_task:186 - Error in backup task: name 'time' is not defined
2025-05-01 20:26:46 | ERROR    | __main__:backup_task:186 - Error in backup task: name 'time' is not defined
2025-05-01 20:26:46 | ERROR    | __main__:backup_task:186 - Error in backup task: name 'time' is not defined
2025-05-01 20:26:46 | ERROR    | __main__:backup_task:186 - Error in backup task: name 'time' is not defined
2025-05-01 20:26:46 | ERROR    | __main__:backup_task:186 - Error in backup task: name 'time' is not defined
2025-05-01 20:26:46 | ERROR    | __main__:backup_task:186 - Error in backup task: name 'time' is not defined
2025-05-01 20:26:46 | ERROR    | __main__:backup_task:186 - Error in backup task: name 'time' is not defined
2025-05-01 20:26:46 | ERROR    | __main__:backup_task:186 - Error in backup task: name 'time' is not defined
2025-05-01 20:26:46 | ERROR    | __main__:backup_task:186 - Error in backup task: name 'time' is not defined
2025-05-01 20:26:46 | ERROR    | __main__:backup_task:186 - Error in backup task: name 'time' is not defined
2025-05-01 20:26:46 | ERROR    | __main__:backup_task:186 - Error in backup task: name 'time' is not defined
2025-05-01 20:26:46 | ERROR    | __main__:backup_task:186 - Error in backup task: name 'time' is not defined
2025-05-01 20:26:46 | ERROR    | __main__:backup_task:186 - Error in backup task: name 'time' is not defined
2025-05-01 20:26:46 | ERROR    | __main__:backup_task:186 - Error in backup task: name 'time' is not defined
2025-05-01 20:26:46 | ERROR    | __main__:backup_task:186 - Error in backup task: name 'time' is not defined
2025-05-01 20:26:46 | ERROR    | __main__:backup_task:186 - Error in backup task: name 'time' is not defined
2025-05-01 20:26:46 | ERROR    | __main__:backup_task:186 - Error in backup task: name 'time' is not defined
2025-05-01 20:26:46 | ERROR    | __main__:backup_task:186 - Error in backup task: name 'time' is not defined
2025-05-01 20:26:46 | ERROR    | __main__:backup_task:186 - Error in backup task: name 'time' is not defined
2025-05-01 20:26:46 | ERROR    | __main__:backup_task:186 - Error in backup task: name 'time' is not defined
2025-05-01 20:26:46 | ERROR    | __main__:backup_task:186 - Error in backup task: name 'time' is not defined
2025-05-01 20:26:46 | ERROR    | __main__:backup_task:186 - Error in backup task: name 'time' is not defined
2025-05-01 20:26:46 | ERROR    | __main__:backup_task:186 - Error in backup task: name 'time' is not defined
2025-05-01 20:26:46 | ERROR    | __main__:backup_task:186 - Error in backup task: name 'time' is not defined
2025-05-01 20:26:46 | ERROR    | __main__:backup_task:186 - Error in backup task: name 'time' is not defined
2025-05-01 20:26:46 | ERROR    | __main__:backup_task:186 - Error in backup task: name 'time' is not defined
2025-05-01 20:26:46 | ERROR    | __main__:backup_task:186 - Error in backup task: name 'time' is not defined
2025-05-01 20:26:46 | ERROR    | __main__:backup_task:186 - Error in backup task: name 'time' is not defined
2025-05-01 20:26:46 | ERROR    | __main__:backup_task:186 - Error in backup task: name 'time' is not defined
2025-05-01 20:26:46 | ERROR    | __main__:backup_task:186 - Error in backup task: name 'time' is not defined
2025-05-01 20:26:46 | ERROR    | __main__:backup_task:186 - Error in backup task: name 'time' is not defined
2025-05-01 20:26:46 | ERROR    | __main__:backup_task:186 - Error in backup task: name 'time' is not defined
2025-05-01 20:26:46 | ERROR    | __main__:backup_task:186 - Error in backup task: name 'time' is not defined
2025-05-01 20:26:46 | ERROR    | __main__:backup_task:186 - Error in backup task: name 'time' is not defined
2025-05-01 20:26:46 | ERROR    | __main__:backup_task:186 - Error in backup task: name 'time' is not defined
2025-05-01 20:26:46 | ERROR    | __main__:backup_task:186 - Error in backup task: name 'time' is not defined
2025-05-01 20:26:46 | ERROR    | __main__:backup_task:186 - Error in backup task: name 'time' is not defined
2025-05-01 20:26:46 | ERROR    | __main__:backup_task:186 - Error in backup task: name 'time' is not defined
2025-05-01 20:26:46 | ERROR    | __main__:backup_task:186 - Error in backup task: name 'time' is not defined
2025-05-01 20:26:46 | ERROR    | __main__:backup_task:186 - Error in backup task: name 'time' is not defined
2025-05-01 20:26:46 | ERROR    | __main__:backup_task:186 - Error in backup task: name 'time' is not defined
2025-05-01 20:26:46 | ERROR    | __main__:backup_task:186 - Error in backup task: name 'time' is not defined
2025-05-01 20:26:46 | ERROR    | __main__:backup_task:186 - Error in backup task: name 'time' is not defined
2025-05-01 20:26:46 | ERROR    | __main__:backup_task:186 - Error in backup task: name 'time' is not defined
2025-05-01 20:26:46 | ERROR    | __main__:backup_task:186 - Error in backup task: name 'time' is not defined
2025-05-01 20:26:46 | ERROR    | __main__:backup_task:186 - Error in backup task: name 'time' is not defined
2025-05-01 20:26:46 | ERROR    | __main__:backup_task:186 - Error in backup task: name 'time' is not defined
2025-05-01 20:26:46 | ERROR    | __main__:backup_task:186 - Error in backup task: name 'time' is not defined
2025-05-01 20:26:46 | ERROR    | __main__:backup_task:186 - Error in backup task: name 'time' is not defined
2025-05-01 20:26:46 | ERROR    | __main__:backup_task:186 - Error in backup task: name 'time' is not defined
2025-05-01 20:26:46 | ERROR    | __main__:backup_task:186 - Error in backup task: name 'time' is not defined
2025-05-01 20:26:46 | ERROR    | __main__:backup_task:186 - Error in backup task: name 'time' is not defined
2025-05-01 20:26:46 | ERROR    | __main__:backup_task:186 - Error in backup task: name 'time' is not defined
2025-05-01 20:26:46 | ERROR    | __main__:backup_task:186 - Error in backup task: name 'time' is not defined
2025-05-01 20:26:46 | ERROR    | __main__:backup_task:186 - Error in backup task: name 'time' is not defined
2025-05-01 20:26:46 | ERROR    | __main__:backup_task:186 - Error in backup task: name 'time' is not defined
2025-05-01 20:26:46 | ERROR    | __main__:backup_task:186 - Error in backup task: name 'time' is not defined
2025-05-01 20:26:46 | ERROR    | __main__:backup_task:186 - Error in backup task: name 'time' is not defined
2025-05-01 20:26:46 | ERROR    | __main__:backup_task:186 - Error in backup task: name 'time' is not defined
2025-05-01 20:26:46 | ERROR    | __main__:backup_task:186 - Error in backup task: name 'time' is not defined
2025-05-01 20:26:46 | ERROR    | __main__:backup_task:186 - Error in backup task: name 'time' is not defined
2025-05-01 20:26:46 | ERROR    | __main__:backup_task:186 - Error in backup task: name 'time' is not defined
2025-05-01 20:26:46 | ERROR    | __main__:backup_task:186 - Error in backup task: name 'time' is not defined
2025-05-01 20:26:46 | ERROR    | __main__:backup_task:186 - Error in backup task: name 'time' is not defined
2025-05-01 20:26:46 | ERROR    | __main__:backup_task:186 - Error in backup task: name 'time' is not defined
2025-05-01 20:26:46 | ERROR    | __main__:backup_task:186 - Error in backup task: name 'time' is not defined
2025-05-01 20:26:46 | ERROR    | __main__:backup_task:186 - Error in backup task: name 'time' is not defined
2025-05-01 20:26:46 | ERROR    | __main__:backup_task:186 - Error in backup task: name 'time' is not defined
2025-05-01 20:26:46 | ERROR    | __main__:backup_task:186 - Error in backup task: name 'time' is not defined
2025-05-01 20:26:46 | ERROR    | __main__:backup_task:186 - Error in backup task: name 'time' is not defined
2025-05-01 20:26:46 | ERROR    | __main__:backup_task:186 - Error in backup task: name 'time' is not defined
2025-05-01 20:26:46 | ERROR    | __main__:backup_task:186 - Error in backup task: name 'time' is not defined
2025-05-01 20:26:46 | ERROR    | __main__:backup_task:186 - Error in backup task: name 'time' is not defined
2025-05-01 20:26:46 | ERROR    | __main__:backup_task:186 - Error in backup task: name 'time' is not defined
2025-05-01 20:26:46 | ERROR    | __main__:backup_task:186 - Error in backup task: name 'time' is not defined
2025-05-01 20:26:46 | ERROR    | __main__:backup_task:186 - Error in backup task: name 'time' is not defined
2025-05-01 20:26:46 | ERROR    | __main__:backup_task:186 - Error in backup task: name 'time' is not defined
2025-05-01 20:26:46 | ERROR    | __main__:backup_task:186 - Error in backup task: name 'time' is not defined
2025-05-01 20:26:46 | ERROR    | __main__:backup_task:186 - Error in backup task: name 'time' is not defined
2025-05-01 20:26:46 | ERROR    | __main__:backup_task:186 - Error in backup task: name 'time' is not defined
2025-05-01 20:26:46 | ERROR    | __main__:backup_task:186 - Error in backup task: name 'time' is not defined
2025-05-01 20:26:46 | ERROR    | __main__:backup_task:186 - Error in backup task: name 'time' is not defined
2025-05-01 20:26:46 | ERROR    | __main__:backup_task:186 - Error in backup task: name 'time' is not defined
2025-05-01 20:26:46 | ERROR    | __main__:backup_task:186 - Error in backup task: name 'time' is not defined
2025-05-01 20:26:46 | ERROR    | __main__:backup_task:186 - Error in backup task: name 'time' is not defined
2025-05-01 20:26:46 | ERROR    | __main__:backup_task:186 - Error in backup task: name 'time' is not defined
2025-05-01 20:26:46 | ERROR    | __main__:backup_task:186 - Error in backup task: name 'time' is not defined
2025-05-01 20:26:46 | ERROR    | __main__:backup_task:186 - Error in backup task: name 'time' is not defined
2025-05-01 20:26:46 | ERROR    | __main__:backup_task:186 - Error in backup task: name 'time' is not defined
2025-05-01 20:26:46 | ERROR    | __main__:backup_task:186 - Error in backup task: name 'time' is not defined
2025-05-01 20:26:46 | ERROR    | __main__:backup_task:186 - Error in backup task: name 'time' is not defined
2025-05-01 20:26:46 | ERROR    | __main__:backup_task:186 - Error in backup task: name 'time' is not defined
2025-05-01 20:26:46 | ERROR    | __main__:backup_task:186 - Error in backup task: name 'time' is not defined
2025-05-01 20:26:46 | ERROR    | __main__:backup_task:186 - Error in backup task: name 'time' is not defined
2025-05-01 20:26:46 | ERROR    | __main__:backup_task:186 - Error in backup task: name 'time' is not defined
2025-05-01 20:26:46 | ERROR    | __main__:backup_task:186 - Error in backup task: name 'time' is not defined
2025-05-01 20:26:46 | ERROR    | __main__:backup_task:186 - Error in backup task: name 'time' is not defined
2025-05-01 20:26:46 | ERROR    | __main__:backup_task:186 - Error in backup task: name 'time' is not defined
2025-05-01 20:26:46 | ERROR    | __main__:backup_task:186 - Error in backup task: name 'time' is not defined
2025-05-01 20:26:46 | ERROR    | __main__:backup_task:186 - Error in backup task: name 'time' is not defined
2025-05-01 20:26:46 | ERROR    | __main__:backup_task:186 - Error in backup task: name 'time' is not defined
2025-05-01 20:26:46 | ERROR    | __main__:backup_task:186 - Error in backup task: name 'time' is not defined
2025-05-01 20:26:46 | ERROR    | __main__:backup_task:186 - Error in backup task: name 'time' is not defined
2025-05-01 20:26:46 | ERROR    | __main__:backup_task:186 - Error in backup task: name 'time' is not defined
2025-05-01 20:26:46 | ERROR    | __main__:backup_task:186 - Error in backup task: name 'time' is not defined
2025-05-01 20:26:46 | ERROR    | __main__:backup_task:186 - Error in backup task: name 'time' is not defined
2025-05-01 20:26:46 | ERROR    | __main__:backup_task:186 - Error in backup task: name 'time' is not defined
2025-05-01 20:26:46 | ERROR    | __main__:backup_task:186 - Error in backup task: name 'time' is not defined
2025-05-01 20:26:46 | ERROR    | __main__:backup_task:186 - Error in backup task: name 'time' is not defined
2025-05-01 20:26:46 | ERROR    | __main__:backup_task:186 - Error in backup task: name 'time' is not defined
2025-05-01 20:26:46 | ERROR    | __main__:backup_task:186 - Error in backup task: name 'time' is not defined
2025-05-01 20:26:46 | ERROR    | __main__:backup_task:186 - Error in backup task: name 'time' is not defined
2025-05-01 20:26:46 | ERROR    | __main__:backup_task:186 - Error in backup task: name 'time' is not defined
2025-05-01 20:26:46 | ERROR    | __main__:backup_task:186 - Error in backup task: name 'time' is not defined
2025-05-01 20:26:46 | ERROR    | __main__:backup_task:186 - Error in backup task: name 'time' is not defined
2025-05-01 20:26:46 | ERROR    | __main__:backup_task:186 - Error in backup task: name 'time' is not defined
2025-05-01 20:26:46 | ERROR    | __main__:backup_task:186 - Error in backup task: name 'time' is not defined
2025-05-01 20:26:46 | ERROR    | __main__:backup_task:186 - Error in backup task: name 'time' is not defined
2025-05-01 20:26:46 | ERROR    | __main__:backup_task:186 - Error in backup task: name 'time' is not defined
2025-05-01 20:26:46 | ERROR    | __main__:backup_task:186 - Error in backup task: name 'time' is not defined
2025-05-01 20:26:46 | ERROR    | __main__:backup_task:186 - Error in backup task: name 'time' is not defined
2025-05-01 20:26:46 | ERROR    | __main__:backup_task:186 - Error in backup task: name 'time' is not defined
2025-05-01 20:26:46 | ERROR    | __main__:backup_task:186 - Error in backup task: name 'time' is not defined
2025-05-01 20:26:46 | ERROR    | __main__:backup_task:186 - Error in backup task: name 'time' is not defined
2025-05-01 20:26:46 | ERROR    | __main__:backup_task:186 - Error in backup task: name 'time' is not defined
2025-05-01 20:26:46 | ERROR    | __main__:backup_task:186 - Error in backup task: name 'time' is not defined
2025-05-01 20:26:46 | ERROR    | __main__:backup_task:186 - Error in backup task: name 'time' is not defined
2025-05-01 20:26:46 | ERROR    | __main__:backup_task:186 - Error in backup task: name 'time' is not defined
2025-05-01 20:26:46 | ERROR    | __main__:backup_task:186 - Error in backup task: name 'time' is not defined
2025-05-01 20:26:46 | ERROR    | __main__:backup_task:186 - Error in backup task: name 'time' is not defined
2025-05-01 20:26:46 | ERROR    | __main__:backup_task:186 - Error in backup task: name 'time' is not defined
2025-05-01 20:26:46 | ERROR    | __main__:backup_task:186 - Error in backup task: name 'time' is not defined
2025-05-01 20:26:46 | ERROR    | __main__:backup_task:186 - Error in backup task: name 'time' is not defined
2025-05-01 20:26:46 | ERROR    | __main__:backup_task:186 - Error in backup task: name 'time' is not defined
2025-05-01 20:26:46 | ERROR    | __main__:backup_task:186 - Error in backup task: name 'time' is not defined
2025-05-01 20:26:46 | ERROR    | __main__:backup_task:186 - Error in backup task: name 'time' is not defined
2025-05-01 20:26:46 | ERROR    | __main__:backup_task:186 - Error in backup task: name 'time' is not defined
2025-05-01 20:26:46 | ERROR    | __main__:backup_task:186 - Error in backup task: name 'time' is not defined
2025-05-01 20:26:46 | ERROR    | __main__:backup_task:186 - Error in backup task: name 'time' is not defined
2025-05-01 20:26:46 | ERROR    | __main__:backup_task:186 - Error in backup task: name 'time' is not defined
2025-05-01 20:26:46 | ERROR    | __main__:backup_task:186 - Error in backup task: name 'time' is not defined
2025-05-01 20:26:46 | ERROR    | __main__:backup_task:186 - Error in backup task: name 'time' is not defined
2025-05-01 20:26:46 | ERROR    | __main__:backup_task:186 - Error in backup task: name 'time' is not defined
2025-05-01 20:26:46 | ERROR    | __main__:backup_task:186 - Error in backup task: name 'time' is not defined
2025-05-01 20:26:46 | ERROR    | __main__:backup_task:186 - Error in backup task: name 'time' is not defined
2025-05-01 20:26:46 | ERROR    | __main__:backup_task:186 - Error in backup task: name 'time' is not defined
2025-05-01 20:26:46 | ERROR    | __main__:backup_task:186 - Error in backup task: name 'time' is not defined
2025-05-01 20:26:46 | ERROR    | __main__:backup_task:186 - Error in backup task: name 'time' is not defined
2025-05-01 20:26:46 | ERROR    | __main__:backup_task:186 - Error in backup task: name 'time' is not defined
2025-05-01 20:26:46 | ERROR    | __main__:backup_task:186 - Error in backup task: name 'time' is not defined
2025-05-01 20:26:46 | ERROR    | __main__:backup_task:186 - Error in backup task: name 'time' is not defined
2025-05-01 20:26:46 | ERROR    | __main__:backup_task:186 - Error in backup task: name 'time' is not defined
2025-05-01 20:26:46 | ERROR    | __main__:backup_task:186 - Error in backup task: name 'time' is not defined
2025-05-01 20:26:46 | ERROR    | __main__:backup_task:186 - Error in backup task: name 'time' is not defined
2025-05-01 20:26:46 | ERROR    | __main__:backup_task:186 - Error in backup task: name 'time' is not defined
2025-05-01 20:26:46 | ERROR    | __main__:backup_task:186 - Error in backup task: name 'time' is not defined
2025-05-01 20:26:46 | ERROR    | __main__:backup_task:186 - Error in backup task: name 'time' is not defined
2025-05-01 20:26:46 | ERROR    | __main__:backup_task:186 - Error in backup task: name 'time' is not defined
2025-05-01 20:26:46 | ERROR    | __main__:backup_task:186 - Error in backup task: name 'time' is not defined
2025-05-01 20:26:46 | ERROR    | __main__:backup_task:186 - Error in backup task: name 'time' is not defined
2025-05-01 20:26:46 | ERROR    | __main__:backup_task:186 - Error in backup task: name 'time' is not defined
2025-05-01 20:26:46 | ERROR    | __main__:backup_task:186 - Error in backup task: name 'time' is not defined
2025-05-01 20:26:46 | ERROR    | __main__:backup_task:186 - Error in backup task: name 'time' is not defined
2025-05-01 20:26:46 | ERROR    | __main__:backup_task:186 - Error in backup task: name 'time' is not defined
2025-05-01 20:26:46 | ERROR    | __main__:backup_task:186 - Error in backup task: name 'time' is not defined
2025-05-01 20:26:46 | ERROR    | __main__:backup_task:186 - Error in backup task: name 'time' is not defined
2025-05-01 20:26:46 | ERROR    | __main__:backup_task:186 - Error in backup task: name 'time' is not defined
2025-05-01 20:26:46 | ERROR    | __main__:backup_task:186 - Error in backup task: name 'time' is not defined
2025-05-01 20:26:46 | ERROR    | __main__:backup_task:186 - Error in backup task: name 'time' is not defined
2025-05-01 20:26:46 | ERROR    | __main__:backup_task:186 - Error in backup task: name 'time' is not defined
2025-05-01 20:26:46 | ERROR    | __main__:backup_task:186 - Error in backup task: name 'time' is not defined
2025-05-01 20:26:46 | ERROR    | __main__:backup_task:186 - Error in backup task: name 'time' is not defined
2025-05-01 20:26:46 | ERROR    | __main__:backup_task:186 - Error in backup task: name 'time' is not defined
2025-05-01 20:26:46 | ERROR    | __main__:backup_task:186 - Error in backup task: name 'time' is not defined
2025-05-01 20:26:46 | ERROR    | __main__:backup_task:186 - Error in backup task: name 'time' is not defined
2025-05-01 20:26:46 | ERROR    | __main__:backup_task:186 - Error in backup task: name 'time' is not defined
2025-05-01 20:26:46 | ERROR    | __main__:backup_task:186 - Error in backup task: name 'time' is not defined
2025-05-01 20:26:46 | ERROR    | __main__:backup_task:186 - Error in backup task: name 'time' is not defined
2025-05-01 20:26:46 | ERROR    | __main__:backup_task:186 - Error in backup task: name 'time' is not defined
2025-05-01 20:26:46 | ERROR    | __main__:backup_task:186 - Error in backup task: name 'time' is not defined
2025-05-01 20:26:46 | ERROR    | __main__:backup_task:186 - Error in backup task: name 'time' is not defined
2025-05-01 20:26:46 | ERROR    | __main__:backup_task:186 - Error in backup task: name 'time' is not defined
2025-05-01 20:26:46 | ERROR    | __main__:backup_task:186 - Error in backup task: name 'time' is not defined
2025-05-01 20:26:46 | ERROR    | __main__:backup_task:186 - Error in backup task: name 'time' is not defined
2025-05-01 20:26:46 | ERROR    | __main__:backup_task:186 - Error in backup task: name 'time' is not defined
2025-05-01 20:26:46 | ERROR    | __main__:backup_task:186 - Error in backup task: name 'time' is not defined
2025-05-01 20:26:46 | ERROR    | __main__:backup_task:186 - Error in backup task: name 'time' is not defined
2025-05-01 20:26:46 | ERROR    | __main__:backup_task:186 - Error in backup task: name 'time' is not defined
2025-05-01 20:26:46 | ERROR    | __main__:backup_task:186 - Error in backup task: name 'time' is not defined
2025-05-01 20:26:46 | ERROR    | __main__:backup_task:186 - Error in backup task: name 'time' is not defined
2025-05-01 20:26:46 | ERROR    | __main__:backup_task:186 - Error in backup task: name 'time' is not defined
2025-05-01 20:26:46 | ERROR    | __main__:backup_task:186 - Error in backup task: name 'time' is not defined
2025-05-01 20:26:46 | ERROR    | __main__:backup_task:186 - Error in backup task: name 'time' is not defined
2025-05-01 20:26:46 | ERROR    | __main__:backup_task:186 - Error in backup task: name 'time' is not defined
2025-05-01 20:26:46 | ERROR    | __main__:backup_task:186 - Error in backup task: name 'time' is not defined
2025-05-01 20:26:46 | ERROR    | __main__:backup_task:186 - Error in backup task: name 'time' is not defined
2025-05-01 20:26:46 | ERROR    | __main__:backup_task:186 - Error in backup task: name 'time' is not defined
2025-05-01 20:26:46 | ERROR    | __main__:backup_task:186 - Error in backup task: name 'time' is not defined
2025-05-01 20:26:46 | ERROR    | __main__:backup_task:186 - Error in backup task: name 'time' is not defined
2025-05-01 20:26:46 | ERROR    | __main__:backup_task:186 - Error in backup task: name 'time' is not defined
2025-05-01 20:26:46 | ERROR    | __main__:backup_task:186 - Error in backup task: name 'time' is not defined
2025-05-01 20:26:46 | ERROR    | __main__:backup_task:186 - Error in backup task: name 'time' is not defined
2025-05-01 20:26:46 | ERROR    | __main__:backup_task:186 - Error in backup task: name 'time' is not defined
2025-05-01 20:26:46 | ERROR    | __main__:backup_task:186 - Error in backup task: name 'time' is not defined
2025-05-01 20:26:46 | ERROR    | __main__:backup_task:186 - Error in backup task: name 'time' is not defined
2025-05-01 20:26:46 | ERROR    | __main__:backup_task:186 - Error in backup task: name 'time' is not defined
2025-05-01 20:26:46 | ERROR    | __main__:backup_task:186 - Error in backup task: name 'time' is not defined
2025-05-01 20:26:46 | ERROR    | __main__:backup_task:186 - Error in backup task: name 'time' is not defined
2025-05-01 20:26:46 | ERROR    | __main__:backup_task:186 - Error in backup task: name 'time' is not defined
2025-05-01 20:26:46 | ERROR    | __main__:backup_task:186 - Error in backup task: name 'time' is not defined
2025-05-01 20:26:46 | ERROR    | __main__:backup_task:186 - Error in backup task: name 'time' is not defined
2025-05-01 20:26:46 | ERROR    | __main__:backup_task:186 - Error in backup task: name 'time' is not defined
2025-05-01 20:26:46 | ERROR    | __main__:backup_task:186 - Error in backup task: name 'time' is not defined
2025-05-01 20:26:46 | ERROR    | __main__:backup_task:186 - Error in backup task: name 'time' is not defined
2025-05-01 20:26:46 | ERROR    | __main__:backup_task:186 - Error in backup task: name 'time' is not defined
2025-05-01 20:26:46 | ERROR    | __main__:backup_task:186 - Error in backup task: name 'time' is not defined
2025-05-01 20:26:46 | ERROR    | __main__:backup_task:186 - Error in backup task: name 'time' is not defined
2025-05-01 20:26:46 | ERROR    | __main__:backup_task:186 - Error in backup task: name 'time' is not defined
2025-05-01 20:26:46 | ERROR    | __main__:backup_task:186 - Error in backup task: name 'time' is not defined
2025-05-01 20:26:46 | ERROR    | __main__:backup_task:186 - Error in backup task: name 'time' is not defined
2025-05-01 20:26:46 | ERROR    | __main__:backup_task:186 - Error in backup task: name 'time' is not defined
2025-05-01 20:26:46 | ERROR    | __main__:backup_task:186 - Error in backup task: name 'time' is not defined
2025-05-01 20:26:46 | ERROR    | __main__:backup_task:186 - Error in backup task: name 'time' is not defined
2025-05-01 20:26:46 | ERROR    | __main__:backup_task:186 - Error in backup task: name 'time' is not defined
2025-05-01 20:26:46 | ERROR    | __main__:backup_task:186 - Error in backup task: name 'time' is not defined
2025-05-01 20:26:46 | ERROR    | __main__:backup_task:186 - Error in backup task: name 'time' is not defined
2025-05-01 20:26:46 | ERROR    | __main__:backup_task:186 - Error in backup task: name 'time' is not defined
2025-05-01 20:26:46 | ERROR    | __main__:backup_task:186 - Error in backup task: name 'time' is not defined
2025-05-01 20:26:46 | ERROR    | __main__:backup_task:186 - Error in backup task: name 'time' is not defined
2025-05-01 20:26:46 | ERROR    | __main__:backup_task:186 - Error in backup task: name 'time' is not defined
2025-05-01 20:26:46 | ERROR    | __main__:backup_task:186 - Error in backup task: name 'time' is not defined
2025-05-01 20:26:46 | ERROR    | __main__:backup_task:186 - Error in backup task: name 'time' is not defined
2025-05-01 20:26:46 | ERROR    | __main__:backup_task:186 - Error in backup task: name 'time' is not defined
2025-05-01 20:26:46 | ERROR    | __main__:backup_task:186 - Error in backup task: name 'time' is not defined
2025-05-01 20:26:46 | ERROR    | __main__:backup_task:186 - Error in backup task: name 'time' is not defined
2025-05-01 20:26:46 | ERROR    | __main__:backup_task:186 - Error in backup task: name 'time' is not defined
2025-05-01 20:26:46 | ERROR    | __main__:backup_task:186 - Error in backup task: name 'time' is not defined
2025-05-01 20:26:46 | ERROR    | __main__:backup_task:186 - Error in backup task: name 'time' is not defined
2025-05-01 20:26:46 | ERROR    | __main__:backup_task:186 - Error in backup task: name 'time' is not defined
2025-05-01 20:26:46 | ERROR    | __main__:backup_task:186 - Error in backup task: name 'time' is not defined
2025-05-01 20:26:46 | ERROR    | __main__:backup_task:186 - Error in backup task: name 'time' is not defined
2025-05-01 20:26:46 | ERROR    | __main__:backup_task:186 - Error in backup task: name 'time' is not defined
2025-05-01 20:26:46 | ERROR    | __main__:backup_task:186 - Error in backup task: name 'time' is not defined
2025-05-01 20:26:46 | ERROR    | __main__:backup_task:186 - Error in backup task: name 'time' is not defined
2025-05-01 20:26:46 | ERROR    | __main__:backup_task:186 - Error in backup task: name 'time' is not defined
2025-05-01 20:26:46 | ERROR    | __main__:backup_task:186 - Error in backup task: name 'time' is not defined
2025-05-01 20:26:46 | ERROR    | __main__:backup_task:186 - Error in backup task: name 'time' is not defined
2025-05-01 20:26:46 | ERROR    | __main__:backup_task:186 - Error in backup task: name 'time' is not defined
2025-05-01 20:26:46 | ERROR    | __main__:backup_task:186 - Error in backup task: name 'time' is not defined
2025-05-01 20:26:46 | ERROR    | __main__:backup_task:186 - Error in backup task: name 'time' is not defined
2025-05-01 20:26:46 | ERROR    | __main__:backup_task:186 - Error in backup task: name 'time' is not defined
2025-05-01 20:26:46 | ERROR    | __main__:backup_task:186 - Error in backup task: name 'time' is not defined
2025-05-01 20:26:46 | ERROR    | __main__:backup_task:186 - Error in backup task: name 'time' is not defined
2025-05-01 20:26:46 | ERROR    | __main__:backup_task:186 - Error in backup task: name 'time' is not defined
2025-05-01 20:26:46 | ERROR    | __main__:backup_task:186 - Error in backup task: name 'time' is not defined
2025-05-01 20:26:46 | ERROR    | __main__:backup_task:186 - Error in backup task: name 'time' is not defined
2025-05-01 20:26:46 | ERROR    | __main__:backup_task:186 - Error in backup task: name 'time' is not defined
2025-05-01 20:26:46 | ERROR    | __main__:backup_task:186 - Error in backup task: name 'time' is not defined
2025-05-01 20:26:46 | ERROR    | __main__:backup_task:186 - Error in backup task: name 'time' is not defined
2025-05-01 20:26:46 | ERROR    | __main__:backup_task:186 - Error in backup task: name 'time' is not defined
2025-05-01 20:26:46 | ERROR    | __main__:backup_task:186 - Error in backup task: name 'time' is not defined
2025-05-01 20:26:46 | ERROR    | __main__:backup_task:186 - Error in backup task: name 'time' is not defined
2025-05-01 20:26:46 | ERROR    | __main__:backup_task:186 - Error in backup task: name 'time' is not defined
2025-05-01 20:26:46 | ERROR    | __main__:backup_task:186 - Error in backup task: name 'time' is not defined
2025-05-01 20:26:46 | ERROR    | __main__:backup_task:186 - Error in backup task: name 'time' is not defined
2025-05-01 20:26:46 | ERROR    | __main__:backup_task:186 - Error in backup task: name 'time' is not defined
2025-05-01 20:26:46 | ERROR    | __main__:backup_task:186 - Error in backup task: name 'time' is not defined
2025-05-01 20:26:46 | ERROR    | __main__:backup_task:186 - Error in backup task: name 'time' is not defined
2025-05-01 20:26:46 | ERROR    | __main__:backup_task:186 - Error in backup task: name 'time' is not defined
2025-05-01 20:26:46 | ERROR    | __main__:backup_task:186 - Error in backup task: name 'time' is not defined
2025-05-01 20:26:46 | ERROR    | __main__:backup_task:186 - Error in backup task: name 'time' is not defined
2025-05-01 20:26:46 | ERROR    | __main__:backup_task:186 - Error in backup task: name 'time' is not defined
2025-05-01 20:26:46 | ERROR    | __main__:backup_task:186 - Error in backup task: name 'time' is not defined
2025-05-01 20:26:46 | ERROR    | __main__:backup_task:186 - Error in backup task: name 'time' is not defined
2025-05-01 20:26:46 | ERROR    | __main__:backup_task:186 - Error in backup task: name 'time' is not defined
2025-05-01 20:26:46 | ERROR    | __main__:backup_task:186 - Error in backup task: name 'time' is not defined
2025-05-01 20:26:46 | ERROR    | __main__:backup_task:186 - Error in backup task: name 'time' is not defined
2025-05-01 20:26:46 | ERROR    | __main__:backup_task:186 - Error in backup task: name 'time' is not defined
2025-05-01 20:26:46 | ERROR    | __main__:backup_task:186 - Error in backup task: name 'time' is not defined
2025-05-01 20:26:46 | ERROR    | __main__:backup_task:186 - Error in backup task: name 'time' is not defined
2025-05-01 20:26:46 | ERROR    | __main__:backup_task:186 - Error in backup task: name 'time' is not defined
2025-05-01 20:26:46 | ERROR    | __main__:backup_task:186 - Error in backup task: name 'time' is not defined
2025-05-01 20:26:46 | ERROR    | __main__:backup_task:186 - Error in backup task: name 'time' is not defined
2025-05-01 20:26:46 | ERROR    | __main__:backup_task:186 - Error in backup task: name 'time' is not defined
2025-05-01 20:26:46 | ERROR    | __main__:backup_task:186 - Error in backup task: name 'time' is not defined
2025-05-01 20:26:46 | ERROR    | __main__:backup_task:186 - Error in backup task: name 'time' is not defined
2025-05-01 20:26:46 | ERROR    | __main__:backup_task:186 - Error in backup task: name 'time' is not defined
2025-05-01 20:26:46 | ERROR    | __main__:backup_task:186 - Error in backup task: name 'time' is not defined
2025-05-01 20:26:46 | ERROR    | __main__:backup_task:186 - Error in backup task: name 'time' is not defined
2025-05-01 20:26:46 | ERROR    | __main__:backup_task:186 - Error in backup task: name 'time' is not defined
2025-05-01 20:26:46 | ERROR    | __main__:backup_task:186 - Error in backup task: name 'time' is not defined
2025-05-01 20:26:46 | ERROR    | __main__:backup_task:186 - Error in backup task: name 'time' is not defined
2025-05-01 20:26:46 | ERROR    | __main__:backup_task:186 - Error in backup task: name 'time' is not defined
2025-05-01 20:26:46 | ERROR    | __main__:backup_task:186 - Error in backup task: name 'time' is not defined
2025-05-01 20:26:46 | ERROR    | __main__:backup_task:186 - Error in backup task: name 'time' is not defined
2025-05-01 20:26:46 | ERROR    | __main__:backup_task:186 - Error in backup task: name 'time' is not defined
2025-05-01 20:26:46 | ERROR    | __main__:backup_task:186 - Error in backup task: name 'time' is not defined
2025-05-01 20:26:46 | ERROR    | __main__:backup_task:186 - Error in backup task: name 'time' is not defined
2025-05-01 20:26:46 | ERROR    | __main__:backup_task:186 - Error in backup task: name 'time' is not defined
2025-05-01 20:26:46 | ERROR    | __main__:backup_task:186 - Error in backup task: name 'time' is not defined
2025-05-01 20:26:46 | ERROR    | __main__:backup_task:186 - Error in backup task: name 'time' is not defined
2025-05-01 20:26:46 | ERROR    | __main__:backup_task:186 - Error in backup task: name 'time' is not defined
2025-05-01 20:26:46 | ERROR    | __main__:backup_task:186 - Error in backup task: name 'time' is not defined
2025-05-01 20:26:46 | ERROR    | __main__:backup_task:186 - Error in backup task: name 'time' is not defined
2025-05-01 20:26:46 | ERROR    | __main__:backup_task:186 - Error in backup task: name 'time' is not defined
2025-05-01 20:26:46 | ERROR    | __main__:backup_task:186 - Error in backup task: name 'time' is not defined
2025-05-01 20:26:46 | ERROR    | __main__:backup_task:186 - Error in backup task: name 'time' is not defined
2025-05-01 20:26:46 | ERROR    | __main__:backup_task:186 - Error in backup task: name 'time' is not defined
2025-05-01 20:26:46 | ERROR    | __main__:backup_task:186 - Error in backup task: name 'time' is not defined
2025-05-01 20:26:46 | ERROR    | __main__:backup_task:186 - Error in backup task: name 'time' is not defined
2025-05-01 20:26:46 | ERROR    | __main__:backup_task:186 - Error in backup task: name 'time' is not defined
2025-05-01 20:26:46 | ERROR    | __main__:backup_task:186 - Error in backup task: name 'time' is not defined
2025-05-01 20:26:46 | ERROR    | __main__:backup_task:186 - Error in backup task: name 'time' is not defined
2025-05-01 20:26:46 | ERROR    | __main__:backup_task:186 - Error in backup task: name 'time' is not defined
2025-05-01 20:26:46 | ERROR    | __main__:backup_task:186 - Error in backup task: name 'time' is not defined
2025-05-01 20:26:46 | ERROR    | __main__:backup_task:186 - Error in backup task: name 'time' is not defined
2025-05-01 20:26:46 | ERROR    | __main__:backup_task:186 - Error in backup task: name 'time' is not defined
2025-05-01 20:26:46 | ERROR    | __main__:backup_task:186 - Error in backup task: name 'time' is not defined
2025-05-01 20:26:46 | ERROR    | __main__:backup_task:186 - Error in backup task: name 'time' is not defined
2025-05-01 20:26:46 | ERROR    | __main__:backup_task:186 - Error in backup task: name 'time' is not defined
2025-05-01 20:26:46 | ERROR    | __main__:backup_task:186 - Error in backup task: name 'time' is not defined
2025-05-01 20:26:46 | ERROR    | __main__:backup_task:186 - Error in backup task: name 'time' is not defined
2025-05-01 20:26:46 | ERROR    | __main__:backup_task:186 - Error in backup task: name 'time' is not defined
2025-05-01 20:26:46 | ERROR    | __main__:backup_task:186 - Error in backup task: name 'time' is not defined
2025-05-01 20:26:46 | ERROR    | __main__:backup_task:186 - Error in backup task: name 'time' is not defined
2025-05-01 20:26:46 | ERROR    | __main__:backup_task:186 - Error in backup task: name 'time' is not defined
2025-05-01 20:26:46 | ERROR    | __main__:backup_task:186 - Error in backup task: name 'time' is not defined
2025-05-01 20:26:46 | ERROR    | __main__:backup_task:186 - Error in backup task: name 'time' is not defined
2025-05-01 20:26:46 | ERROR    | __main__:backup_task:186 - Error in backup task: name 'time' is not defined
2025-05-01 20:26:46 | ERROR    | __main__:backup_task:186 - Error in backup task: name 'time' is not defined
2025-05-01 20:26:46 | ERROR    | __main__:backup_task:186 - Error in backup task: name 'time' is not defined
2025-05-01 20:26:46 | ERROR    | __main__:backup_task:186 - Error in backup task: name 'time' is not defined
2025-05-01 20:26:46 | ERROR    | __main__:backup_task:186 - Error in backup task: name 'time' is not defined
2025-05-01 20:26:46 | ERROR    | __main__:backup_task:186 - Error in backup task: name 'time' is not defined
2025-05-01 20:26:46 | ERROR    | __main__:backup_task:186 - Error in backup task: name 'time' is not defined
2025-05-01 20:26:46 | ERROR    | __main__:backup_task:186 - Error in backup task: name 'time' is not defined
2025-05-01 20:26:46 | ERROR    | __main__:backup_task:186 - Error in backup task: name 'time' is not defined
2025-05-01 20:26:46 | ERROR    | __main__:backup_task:186 - Error in backup task: name 'time' is not defined
2025-05-01 20:26:46 | ERROR    | __main__:backup_task:186 - Error in backup task: name 'time' is not defined
2025-05-01 20:26:46 | ERROR    | __main__:backup_task:186 - Error in backup task: name 'time' is not defined
2025-05-01 20:26:46 | ERROR    | __main__:backup_task:186 - Error in backup task: name 'time' is not defined
2025-05-01 20:26:46 | ERROR    | __main__:backup_task:186 - Error in backup task: name 'time' is not defined
2025-05-01 20:26:46 | ERROR    | __main__:backup_task:186 - Error in backup task: name 'time' is not defined
2025-05-01 20:26:46 | ERROR    | __main__:backup_task:186 - Error in backup task: name 'time' is not defined
2025-05-01 20:26:46 | ERROR    | __main__:backup_task:186 - Error in backup task: name 'time' is not defined
2025-05-01 20:26:46 | ERROR    | __main__:backup_task:186 - Error in backup task: name 'time' is not defined
2025-05-01 20:26:46 | ERROR    | __main__:backup_task:186 - Error in backup task: name 'time' is not defined
2025-05-01 20:26:46 | ERROR    | __main__:backup_task:186 - Error in backup task: name 'time' is not defined
2025-05-01 20:26:46 | ERROR    | __main__:backup_task:186 - Error in backup task: name 'time' is not defined
2025-05-01 20:26:46 | ERROR    | __main__:backup_task:186 - Error in backup task: name 'time' is not defined
2025-05-01 20:26:46 | ERROR    | __main__:backup_task:186 - Error in backup task: name 'time' is not defined
2025-05-01 20:26:46 | ERROR    | __main__:backup_task:186 - Error in backup task: name 'time' is not defined
2025-05-01 20:26:46 | ERROR    | __main__:backup_task:186 - Error in backup task: name 'time' is not defined
2025-05-01 20:26:46 | ERROR    | __main__:backup_task:186 - Error in backup task: name 'time' is not defined
2025-05-01 20:26:46 | ERROR    | __main__:backup_task:186 - Error in backup task: name 'time' is not defined
2025-05-01 20:26:46 | ERROR    | __main__:backup_task:186 - Error in backup task: name 'time' is not defined
2025-05-01 20:26:46 | ERROR    | __main__:backup_task:186 - Error in backup task: name 'time' is not defined
2025-05-01 20:26:46 | ERROR    | __main__:backup_task:186 - Error in backup task: name 'time' is not defined
2025-05-01 20:26:46 | ERROR    | __main__:backup_task:186 - Error in backup task: name 'time' is not defined
2025-05-01 20:26:46 | ERROR    | __main__:backup_task:186 - Error in backup task: name 'time' is not defined
2025-05-01 20:26:46 | ERROR    | __main__:backup_task:186 - Error in backup task: name 'time' is not defined
2025-05-01 20:26:46 | ERROR    | __main__:backup_task:186 - Error in backup task: name 'time' is not defined
2025-05-01 20:26:46 | ERROR    | __main__:backup_task:186 - Error in backup task: name 'time' is not defined
2025-05-01 20:26:46 | ERROR    | __main__:backup_task:186 - Error in backup task: name 'time' is not defined
2025-05-01 20:26:46 | ERROR    | __main__:backup_task:186 - Error in backup task: name 'time' is not defined
2025-05-01 20:26:46 | ERROR    | __main__:backup_task:186 - Error in backup task: name 'time' is not defined
2025-05-01 20:26:46 | ERROR    | __main__:backup_task:186 - Error in backup task: name 'time' is not defined
2025-05-01 20:26:46 | ERROR    | __main__:backup_task:186 - Error in backup task: name 'time' is not defined
2025-05-01 20:26:46 | ERROR    | __main__:backup_task:186 - Error in backup task: name 'time' is not defined
2025-05-01 20:26:46 | ERROR    | __main__:backup_task:186 - Error in backup task: name 'time' is not defined
2025-05-01 20:26:46 | ERROR    | __main__:backup_task:186 - Error in backup task: name 'time' is not defined
2025-05-01 20:26:46 | ERROR    | __main__:backup_task:186 - Error in backup task: name 'time' is not defined
2025-05-01 20:26:46 | ERROR    | __main__:backup_task:186 - Error in backup task: name 'time' is not defined
2025-05-01 20:26:46 | ERROR    | __main__:backup_task:186 - Error in backup task: name 'time' is not defined
2025-05-01 20:26:46 | ERROR    | __main__:backup_task:186 - Error in backup task: name 'time' is not defined
2025-05-01 20:26:46 | ERROR    | __main__:backup_task:186 - Error in backup task: name 'time' is not defined
2025-05-01 20:26:46 | ERROR    | __main__:backup_task:186 - Error in backup task: name 'time' is not defined
2025-05-01 20:26:46 | ERROR    | __main__:backup_task:186 - Error in backup task: name 'time' is not defined
2025-05-01 20:26:46 | ERROR    | __main__:backup_task:186 - Error in backup task: name 'time' is not defined
2025-05-01 20:26:46 | ERROR    | __main__:backup_task:186 - Error in backup task: name 'time' is not defined
2025-05-01 20:26:46 | ERROR    | __main__:backup_task:186 - Error in backup task: name 'time' is not defined
2025-05-01 20:26:46 | ERROR    | __main__:backup_task:186 - Error in backup task: name 'time' is not defined
2025-05-01 20:26:46 | ERROR    | __main__:backup_task:186 - Error in backup task: name 'time' is not defined
2025-05-01 20:26:46 | ERROR    | __main__:backup_task:186 - Error in backup task: name 'time' is not defined
2025-05-01 20:26:46 | ERROR    | __main__:backup_task:186 - Error in backup task: name 'time' is not defined
2025-05-01 20:26:46 | ERROR    | __main__:backup_task:186 - Error in backup task: name 'time' is not defined
2025-05-01 20:26:46 | ERROR    | __main__:backup_task:186 - Error in backup task: name 'time' is not defined
2025-05-01 20:26:46 | ERROR    | __main__:backup_task:186 - Error in backup task: name 'time' is not defined
2025-05-01 20:26:46 | ERROR    | __main__:backup_task:186 - Error in backup task: name 'time' is not defined
2025-05-01 20:26:46 | ERROR    | __main__:backup_task:186 - Error in backup task: name 'time' is not defined
2025-05-01 20:26:46 | ERROR    | __main__:backup_task:186 - Error in backup task: name 'time' is not defined
2025-05-01 20:26:46 | ERROR    | __main__:backup_task:186 - Error in backup task: name 'time' is not defined
2025-05-01 20:26:46 | ERROR    | __main__:backup_task:186 - Error in backup task: name 'time' is not defined
2025-05-01 20:26:46 | ERROR    | __main__:backup_task:186 - Error in backup task: name 'time' is not defined
2025-05-01 20:26:46 | ERROR    | __main__:backup_task:186 - Error in backup task: name 'time' is not defined
2025-05-01 20:26:46 | ERROR    | __main__:backup_task:186 - Error in backup task: name 'time' is not defined
2025-05-01 20:26:46 | ERROR    | __main__:backup_task:186 - Error in backup task: name 'time' is not defined
2025-05-01 20:26:46 | ERROR    | __main__:backup_task:186 - Error in backup task: name 'time' is not defined
2025-05-01 20:26:46 | ERROR    | __main__:backup_task:186 - Error in backup task: name 'time' is not defined
2025-05-01 20:26:46 | ERROR    | __main__:backup_task:186 - Error in backup task: name 'time' is not defined
2025-05-01 20:26:46 | ERROR    | __main__:backup_task:186 - Error in backup task: name 'time' is not defined
2025-05-01 20:26:46 | ERROR    | __main__:backup_task:186 - Error in backup task: name 'time' is not defined
2025-05-01 20:26:46 | ERROR    | __main__:backup_task:186 - Error in backup task: name 'time' is not defined
2025-05-01 20:26:46 | ERROR    | __main__:backup_task:186 - Error in backup task: name 'time' is not defined
2025-05-01 20:26:46 | ERROR    | __main__:backup_task:186 - Error in backup task: name 'time' is not defined
2025-05-01 20:26:46 | ERROR    | __main__:backup_task:186 - Error in backup task: name 'time' is not defined
2025-05-01 20:26:46 | ERROR    | __main__:backup_task:186 - Error in backup task: name 'time' is not defined
2025-05-01 20:26:46 | ERROR    | __main__:backup_task:186 - Error in backup task: name 'time' is not defined
2025-05-01 20:26:46 | ERROR    | __main__:backup_task:186 - Error in backup task: name 'time' is not defined
2025-05-01 20:26:46 | ERROR    | __main__:backup_task:186 - Error in backup task: name 'time' is not defined
2025-05-01 20:26:46 | ERROR    | __main__:backup_task:186 - Error in backup task: name 'time' is not defined
2025-05-01 20:26:46 | ERROR    | __main__:backup_task:186 - Error in backup task: name 'time' is not defined
2025-05-01 20:26:46 | ERROR    | __main__:backup_task:186 - Error in backup task: name 'time' is not defined
2025-05-01 20:26:46 | ERROR    | __main__:backup_task:186 - Error in backup task: name 'time' is not defined
2025-05-01 20:26:46 | ERROR    | __main__:backup_task:186 - Error in backup task: name 'time' is not defined
2025-05-01 20:26:46 | ERROR    | __main__:backup_task:186 - Error in backup task: name 'time' is not defined
2025-05-01 20:26:46 | ERROR    | __main__:backup_task:186 - Error in backup task: name 'time' is not defined
2025-05-01 20:26:46 | ERROR    | __main__:backup_task:186 - Error in backup task: name 'time' is not defined
2025-05-01 20:26:46 | ERROR    | __main__:backup_task:186 - Error in backup task: name 'time' is not defined
2025-05-01 20:26:46 | ERROR    | __main__:backup_task:186 - Error in backup task: name 'time' is not defined
2025-05-01 20:26:46 | ERROR    | __main__:backup_task:186 - Error in backup task: name 'time' is not defined
2025-05-01 20:26:46 | ERROR    | __main__:backup_task:186 - Error in backup task: name 'time' is not defined
2025-05-01 20:26:46 | ERROR    | __main__:backup_task:186 - Error in backup task: name 'time' is not defined
2025-05-01 20:26:46 | ERROR    | __main__:backup_task:186 - Error in backup task: name 'time' is not defined
2025-05-01 20:26:46 | ERROR    | __main__:backup_task:186 - Error in backup task: name 'time' is not defined
2025-05-01 20:26:46 | ERROR    | __main__:backup_task:186 - Error in backup task: name 'time' is not defined
2025-05-01 20:26:46 | ERROR    | __main__:backup_task:186 - Error in backup task: name 'time' is not defined
2025-05-01 20:26:46 | ERROR    | __main__:backup_task:186 - Error in backup task: name 'time' is not defined
2025-05-01 20:26:46 | ERROR    | __main__:backup_task:186 - Error in backup task: name 'time' is not defined
2025-05-01 20:26:46 | ERROR    | __main__:backup_task:186 - Error in backup task: name 'time' is not defined
2025-05-01 20:26:46 | ERROR    | __main__:backup_task:186 - Error in backup task: name 'time' is not defined
2025-05-01 20:26:46 | ERROR    | __main__:backup_task:186 - Error in backup task: name 'time' is not defined
2025-05-01 20:26:46 | ERROR    | __main__:backup_task:186 - Error in backup task: name 'time' is not defined
2025-05-01 20:26:46 | ERROR    | __main__:backup_task:186 - Error in backup task: name 'time' is not defined
2025-05-01 20:26:46 | ERROR    | __main__:backup_task:186 - Error in backup task: name 'time' is not defined
2025-05-01 20:26:46 | ERROR    | __main__:backup_task:186 - Error in backup task: name 'time' is not defined
2025-05-01 20:26:46 | ERROR    | __main__:backup_task:186 - Error in backup task: name 'time' is not defined
2025-05-01 20:26:46 | ERROR    | __main__:backup_task:186 - Error in backup task: name 'time' is not defined
2025-05-01 20:26:46 | ERROR    | __main__:backup_task:186 - Error in backup task: name 'time' is not defined
2025-05-01 20:26:46 | ERROR    | __main__:backup_task:186 - Error in backup task: name 'time' is not defined
2025-05-01 20:26:46 | ERROR    | __main__:backup_task:186 - Error in backup task: name 'time' is not defined
2025-05-01 20:26:46 | ERROR    | __main__:backup_task:186 - Error in backup task: name 'time' is not defined
2025-05-01 20:26:46 | ERROR    | __main__:backup_task:186 - Error in backup task: name 'time' is not defined
2025-05-01 20:26:46 | ERROR    | __main__:backup_task:186 - Error in backup task: name 'time' is not defined
2025-05-01 20:26:46 | ERROR    | __main__:backup_task:186 - Error in backup task: name 'time' is not defined
2025-05-01 20:26:46 | ERROR    | __main__:backup_task:186 - Error in backup task: name 'time' is not defined
2025-05-01 20:26:46 | ERROR    | __main__:backup_task:186 - Error in backup task: name 'time' is not defined
2025-05-01 20:26:46 | ERROR    | __main__:backup_task:186 - Error in backup task: name 'time' is not defined
2025-05-01 20:26:46 | ERROR    | __main__:backup_task:186 - Error in backup task: name 'time' is not defined
2025-05-01 20:26:46 | ERROR    | __main__:backup_task:186 - Error in backup task: name 'time' is not defined
2025-05-01 20:26:46 | ERROR    | __main__:backup_task:186 - Error in backup task: name 'time' is not defined
2025-05-01 20:26:46 | ERROR    | __main__:backup_task:186 - Error in backup task: name 'time' is not defined
2025-05-01 20:26:46 | ERROR    | __main__:backup_task:186 - Error in backup task: name 'time' is not defined
2025-05-01 20:26:46 | ERROR    | __main__:backup_task:186 - Error in backup task: name 'time' is not defined
2025-05-01 20:26:46 | ERROR    | __main__:backup_task:186 - Error in backup task: name 'time' is not defined
2025-05-01 20:26:46 | ERROR    | __main__:backup_task:186 - Error in backup task: name 'time' is not defined
2025-05-01 20:26:46 | ERROR    | __main__:backup_task:186 - Error in backup task: name 'time' is not defined
2025-05-01 20:26:46 | ERROR    | __main__:backup_task:186 - Error in backup task: name 'time' is not defined
2025-05-01 20:26:46 | ERROR    | __main__:backup_task:186 - Error in backup task: name 'time' is not defined
2025-05-01 20:26:46 | ERROR    | __main__:backup_task:186 - Error in backup task: name 'time' is not defined
2025-05-01 20:26:46 | ERROR    | __main__:backup_task:186 - Error in backup task: name 'time' is not defined
2025-05-01 20:26:46 | ERROR    | __main__:backup_task:186 - Error in backup task: name 'time' is not defined
2025-05-01 20:26:46 | ERROR    | __main__:backup_task:186 - Error in backup task: name 'time' is not defined
2025-05-01 20:26:46 | ERROR    | __main__:backup_task:186 - Error in backup task: name 'time' is not defined
2025-05-01 20:26:46 | ERROR    | __main__:backup_task:186 - Error in backup task: name 'time' is not defined
2025-05-01 20:26:46 | ERROR    | __main__:backup_task:186 - Error in backup task: name 'time' is not defined
2025-05-01 20:26:46 | ERROR    | __main__:backup_task:186 - Error in backup task: name 'time' is not defined
2025-05-01 20:26:46 | ERROR    | __main__:backup_task:186 - Error in backup task: name 'time' is not defined
2025-05-01 20:26:46 | ERROR    | __main__:backup_task:186 - Error in backup task: name 'time' is not defined
2025-05-01 20:26:46 | ERROR    | __main__:backup_task:186 - Error in backup task: name 'time' is not defined
2025-05-01 20:26:46 | ERROR    | __main__:backup_task:186 - Error in backup task: name 'time' is not defined
2025-05-01 20:26:46 | ERROR    | __main__:backup_task:186 - Error in backup task: name 'time' is not defined
2025-05-01 20:26:46 | ERROR    | __main__:backup_task:186 - Error in backup task: name 'time' is not defined
2025-05-01 20:26:46 | ERROR    | __main__:backup_task:186 - Error in backup task: name 'time' is not defined
2025-05-01 20:26:46 | ERROR    | __main__:backup_task:186 - Error in backup task: name 'time' is not defined
2025-05-01 20:26:46 | ERROR    | __main__:backup_task:186 - Error in backup task: name 'time' is not defined
2025-05-01 20:26:46 | ERROR    | __main__:backup_task:186 - Error in backup task: name 'time' is not defined
2025-05-01 20:26:46 | ERROR    | __main__:backup_task:186 - Error in backup task: name 'time' is not defined
2025-05-01 20:26:46 | ERROR    | __main__:backup_task:186 - Error in backup task: name 'time' is not defined
2025-05-01 20:26:46 | ERROR    | __main__:backup_task:186 - Error in backup task: name 'time' is not defined
2025-05-01 20:26:46 | ERROR    | __main__:backup_task:186 - Error in backup task: name 'time' is not defined
2025-05-01 20:26:46 | ERROR    | __main__:backup_task:186 - Error in backup task: name 'time' is not defined
2025-05-01 20:26:46 | ERROR    | __main__:backup_task:186 - Error in backup task: name 'time' is not defined
2025-05-01 20:26:46 | ERROR    | __main__:backup_task:186 - Error in backup task: name 'time' is not defined
2025-05-01 20:26:46 | ERROR    | __main__:backup_task:186 - Error in backup task: name 'time' is not defined
2025-05-01 20:26:46 | ERROR    | __main__:backup_task:186 - Error in backup task: name 'time' is not defined
2025-05-01 20:26:46 | ERROR    | __main__:backup_task:186 - Error in backup task: name 'time' is not defined
2025-05-01 20:26:46 | ERROR    | __main__:backup_task:186 - Error in backup task: name 'time' is not defined
2025-05-01 20:26:46 | ERROR    | __main__:backup_task:186 - Error in backup task: name 'time' is not defined
2025-05-01 20:26:46 | ERROR    | __main__:backup_task:186 - Error in backup task: name 'time' is not defined
2025-05-01 20:26:46 | ERROR    | __main__:backup_task:186 - Error in backup task: name 'time' is not defined
2025-05-01 20:26:46 | ERROR    | __main__:backup_task:186 - Error in backup task: name 'time' is not defined
2025-05-01 20:26:46 | ERROR    | __main__:backup_task:186 - Error in backup task: name 'time' is not defined
2025-05-01 20:26:46 | ERROR    | __main__:backup_task:186 - Error in backup task: name 'time' is not defined
2025-05-01 20:26:46 | ERROR    | __main__:backup_task:186 - Error in backup task: name 'time' is not defined
2025-05-01 20:26:46 | ERROR    | __main__:backup_task:186 - Error in backup task: name 'time' is not defined
2025-05-01 20:26:46 | ERROR    | __main__:backup_task:186 - Error in backup task: name 'time' is not defined
2025-05-01 20:26:46 | ERROR    | __main__:backup_task:186 - Error in backup task: name 'time' is not defined
2025-05-01 20:26:46 | ERROR    | __main__:backup_task:186 - Error in backup task: name 'time' is not defined
2025-05-01 20:26:46 | ERROR    | __main__:backup_task:186 - Error in backup task: name 'time' is not defined
2025-05-01 20:26:46 | ERROR    | __main__:backup_task:186 - Error in backup task: name 'time' is not defined
2025-05-01 20:26:46 | ERROR    | __main__:backup_task:186 - Error in backup task: name 'time' is not defined
2025-05-01 20:26:46 | ERROR    | __main__:backup_task:186 - Error in backup task: name 'time' is not defined
2025-05-01 20:26:46 | ERROR    | __main__:backup_task:186 - Error in backup task: name 'time' is not defined
2025-05-01 20:26:46 | ERROR    | __main__:backup_task:186 - Error in backup task: name 'time' is not defined
2025-05-01 20:26:46 | ERROR    | __main__:backup_task:186 - Error in backup task: name 'time' is not defined
2025-05-01 20:26:46 | ERROR    | __main__:backup_task:186 - Error in backup task: name 'time' is not defined
2025-05-01 20:26:46 | ERROR    | __main__:backup_task:186 - Error in backup task: name 'time' is not defined
2025-05-01 20:26:46 | ERROR    | __main__:backup_task:186 - Error in backup task: name 'time' is not defined
2025-05-01 20:26:46 | ERROR    | __main__:backup_task:186 - Error in backup task: name 'time' is not defined
2025-05-01 20:26:46 | ERROR    | __main__:backup_task:186 - Error in backup task: name 'time' is not defined
2025-05-01 20:26:46 | ERROR    | __main__:backup_task:186 - Error in backup task: name 'time' is not defined
2025-05-01 20:26:46 | ERROR    | __main__:backup_task:186 - Error in backup task: name 'time' is not defined
2025-05-01 20:26:46 | ERROR    | __main__:backup_task:186 - Error in backup task: name 'time' is not defined
2025-05-01 20:26:46 | ERROR    | __main__:backup_task:186 - Error in backup task: name 'time' is not defined
2025-05-01 20:26:46 | ERROR    | __main__:backup_task:186 - Error in backup task: name 'time' is not defined
2025-05-01 20:26:46 | ERROR    | __main__:backup_task:186 - Error in backup task: name 'time' is not defined
2025-05-01 20:26:46 | ERROR    | __main__:backup_task:186 - Error in backup task: name 'time' is not defined
2025-05-01 20:26:46 | ERROR    | __main__:backup_task:186 - Error in backup task: name 'time' is not defined
2025-05-01 20:26:46 | ERROR    | __main__:backup_task:186 - Error in backup task: name 'time' is not defined
2025-05-01 20:26:46 | ERROR    | __main__:backup_task:186 - Error in backup task: name 'time' is not defined
2025-05-01 20:26:46 | ERROR    | __main__:backup_task:186 - Error in backup task: name 'time' is not defined
2025-05-01 20:26:46 | ERROR    | __main__:backup_task:186 - Error in backup task: name 'time' is not defined
2025-05-01 20:26:46 | ERROR    | __main__:backup_task:186 - Error in backup task: name 'time' is not defined
2025-05-01 20:26:46 | ERROR    | __main__:backup_task:186 - Error in backup task: name 'time' is not defined
2025-05-01 20:26:46 | ERROR    | __main__:backup_task:186 - Error in backup task: name 'time' is not defined
2025-05-01 20:26:46 | ERROR    | __main__:backup_task:186 - Error in backup task: name 'time' is not defined
2025-05-01 20:26:46 | ERROR    | __main__:backup_task:186 - Error in backup task: name 'time' is not defined
2025-05-01 20:26:46 | ERROR    | __main__:backup_task:186 - Error in backup task: name 'time' is not defined
2025-05-01 20:26:46 | ERROR    | __main__:backup_task:186 - Error in backup task: name 'time' is not defined
2025-05-01 20:26:46 | ERROR    | __main__:backup_task:186 - Error in backup task: name 'time' is not defined
2025-05-01 20:26:46 | ERROR    | __main__:backup_task:186 - Error in backup task: name 'time' is not defined
2025-05-01 20:26:46 | ERROR    | __main__:backup_task:186 - Error in backup task: name 'time' is not defined
2025-05-01 20:26:46 | ERROR    | __main__:backup_task:186 - Error in backup task: name 'time' is not defined
2025-05-01 20:26:46 | ERROR    | __main__:backup_task:186 - Error in backup task: name 'time' is not defined
2025-05-01 20:26:46 | ERROR    | __main__:backup_task:186 - Error in backup task: name 'time' is not defined
2025-05-01 20:26:46 | ERROR    | __main__:backup_task:186 - Error in backup task: name 'time' is not defined
2025-05-01 20:26:46 | ERROR    | __main__:backup_task:186 - Error in backup task: name 'time' is not defined
2025-05-01 20:26:46 | ERROR    | __main__:backup_task:186 - Error in backup task: name 'time' is not defined
2025-05-01 20:26:46 | ERROR    | __main__:backup_task:186 - Error in backup task: name 'time' is not defined
2025-05-01 20:26:46 | ERROR    | __main__:backup_task:186 - Error in backup task: name 'time' is not defined
2025-05-01 20:26:46 | ERROR    | __main__:backup_task:186 - Error in backup task: name 'time' is not defined
2025-05-01 20:26:46 | ERROR    | __main__:backup_task:186 - Error in backup task: name 'time' is not defined
2025-05-01 20:26:46 | ERROR    | __main__:backup_task:186 - Error in backup task: name 'time' is not defined
2025-05-01 20:26:46 | ERROR    | __main__:backup_task:186 - Error in backup task: name 'time' is not defined
2025-05-01 20:26:46 | ERROR    | __main__:backup_task:186 - Error in backup task: name 'time' is not defined
2025-05-01 20:26:46 | ERROR    | __main__:backup_task:186 - Error in backup task: name 'time' is not defined
2025-05-01 20:26:46 | ERROR    | __main__:backup_task:186 - Error in backup task: name 'time' is not defined
2025-05-01 20:26:46 | ERROR    | __main__:backup_task:186 - Error in backup task: name 'time' is not defined
2025-05-01 20:26:46 | ERROR    | __main__:backup_task:186 - Error in backup task: name 'time' is not defined
2025-05-01 20:26:46 | ERROR    | __main__:backup_task:186 - Error in backup task: name 'time' is not defined
2025-05-01 20:26:46 | ERROR    | __main__:backup_task:186 - Error in backup task: name 'time' is not defined
2025-05-01 20:26:46 | ERROR    | __main__:backup_task:186 - Error in backup task: name 'time' is not defined
2025-05-01 20:26:46 | ERROR    | __main__:backup_task:186 - Error in backup task: name 'time' is not defined
2025-05-01 20:26:46 | ERROR    | __main__:backup_task:186 - Error in backup task: name 'time' is not defined
2025-05-01 20:26:46 | ERROR    | __main__:backup_task:186 - Error in backup task: name 'time' is not defined
2025-05-01 20:26:46 | ERROR    | __main__:backup_task:186 - Error in backup task: name 'time' is not defined
2025-05-01 20:26:46 | ERROR    | __main__:backup_task:186 - Error in backup task: name 'time' is not defined
2025-05-01 20:26:46 | ERROR    | __main__:backup_task:186 - Error in backup task: name 'time' is not defined
2025-05-01 20:26:46 | ERROR    | __main__:backup_task:186 - Error in backup task: name 'time' is not defined
2025-05-01 20:26:46 | ERROR    | __main__:backup_task:186 - Error in backup task: name 'time' is not defined
2025-05-01 20:26:46 | ERROR    | __main__:backup_task:186 - Error in backup task: name 'time' is not defined
2025-05-01 20:26:46 | ERROR    | __main__:backup_task:186 - Error in backup task: name 'time' is not defined
2025-05-01 20:26:46 | ERROR    | __main__:backup_task:186 - Error in backup task: name 'time' is not defined
2025-05-01 20:26:46 | ERROR    | __main__:backup_task:186 - Error in backup task: name 'time' is not defined
2025-05-01 20:26:46 | ERROR    | __main__:backup_task:186 - Error in backup task: name 'time' is not defined
2025-05-01 20:26:46 | ERROR    | __main__:backup_task:186 - Error in backup task: name 'time' is not defined
2025-05-01 20:26:46 | ERROR    | __main__:backup_task:186 - Error in backup task: name 'time' is not defined
2025-05-01 20:26:46 | ERROR    | __main__:backup_task:186 - Error in backup task: name 'time' is not defined
2025-05-01 20:26:46 | ERROR    | __main__:backup_task:186 - Error in backup task: name 'time' is not defined
2025-05-01 20:26:46 | ERROR    | __main__:backup_task:186 - Error in backup task: name 'time' is not defined
2025-05-01 20:26:46 | ERROR    | __main__:backup_task:186 - Error in backup task: name 'time' is not defined
2025-05-01 20:26:46 | ERROR    | __main__:backup_task:186 - Error in backup task: name 'time' is not defined
2025-05-01 20:26:46 | ERROR    | __main__:backup_task:186 - Error in backup task: name 'time' is not defined
2025-05-01 20:26:46 | ERROR    | __main__:backup_task:186 - Error in backup task: name 'time' is not defined
2025-05-01 20:26:46 | ERROR    | __main__:backup_task:186 - Error in backup task: name 'time' is not defined
2025-05-01 20:26:46 | ERROR    | __main__:backup_task:186 - Error in backup task: name 'time' is not defined
2025-05-01 20:26:46 | ERROR    | __main__:backup_task:186 - Error in backup task: name 'time' is not defined
2025-05-01 20:26:46 | ERROR    | __main__:backup_task:186 - Error in backup task: name 'time' is not defined
2025-05-01 20:26:46 | ERROR    | __main__:backup_task:186 - Error in backup task: name 'time' is not defined
2025-05-01 20:26:46 | ERROR    | __main__:backup_task:186 - Error in backup task: name 'time' is not defined
2025-05-01 20:26:46 | ERROR    | __main__:backup_task:186 - Error in backup task: name 'time' is not defined
2025-05-01 20:26:46 | ERROR    | __main__:backup_task:186 - Error in backup task: name 'time' is not defined
2025-05-01 20:26:46 | ERROR    | __main__:backup_task:186 - Error in backup task: name 'time' is not defined
2025-05-01 20:26:46 | ERROR    | __main__:backup_task:186 - Error in backup task: name 'time' is not defined
2025-05-01 20:26:46 | ERROR    | __main__:backup_task:186 - Error in backup task: name 'time' is not defined
2025-05-01 20:26:46 | ERROR    | __main__:backup_task:186 - Error in backup task: name 'time' is not defined
2025-05-01 20:26:46 | ERROR    | __main__:backup_task:186 - Error in backup task: name 'time' is not defined
2025-05-01 20:26:46 | ERROR    | __main__:backup_task:186 - Error in backup task: name 'time' is not defined
2025-05-01 20:26:46 | ERROR    | __main__:backup_task:186 - Error in backup task: name 'time' is not defined
2025-05-01 20:26:46 | ERROR    | __main__:backup_task:186 - Error in backup task: name 'time' is not defined
2025-05-01 20:26:46 | ERROR    | __main__:backup_task:186 - Error in backup task: name 'time' is not defined
2025-05-01 20:26:46 | ERROR    | __main__:backup_task:186 - Error in backup task: name 'time' is not defined
2025-05-01 20:26:46 | ERROR    | __main__:backup_task:186 - Error in backup task: name 'time' is not defined
2025-05-01 20:26:46 | ERROR    | __main__:backup_task:186 - Error in backup task: name 'time' is not defined
2025-05-01 20:26:46 | ERROR    | __main__:backup_task:186 - Error in backup task: name 'time' is not defined
2025-05-01 20:26:46 | ERROR    | __main__:backup_task:186 - Error in backup task: name 'time' is not defined
2025-05-01 20:26:46 | ERROR    | __main__:backup_task:186 - Error in backup task: name 'time' is not defined
2025-05-01 20:26:46 | ERROR    | __main__:backup_task:186 - Error in backup task: name 'time' is not defined
2025-05-01 20:26:46 | ERROR    | __main__:backup_task:186 - Error in backup task: name 'time' is not defined
2025-05-01 20:26:46 | ERROR    | __main__:backup_task:186 - Error in backup task: name 'time' is not defined
2025-05-01 20:26:46 | ERROR    | __main__:backup_task:186 - Error in backup task: name 'time' is not defined
2025-05-01 20:26:46 | ERROR    | __main__:backup_task:186 - Error in backup task: name 'time' is not defined
2025-05-01 20:26:46 | ERROR    | __main__:backup_task:186 - Error in backup task: name 'time' is not defined
2025-05-01 20:26:46 | ERROR    | __main__:backup_task:186 - Error in backup task: name 'time' is not defined
2025-05-01 20:26:46 | ERROR    | __main__:backup_task:186 - Error in backup task: name 'time' is not defined
2025-05-01 20:26:46 | ERROR    | __main__:backup_task:186 - Error in backup task: name 'time' is not defined
2025-05-01 20:26:46 | ERROR    | __main__:backup_task:186 - Error in backup task: name 'time' is not defined
2025-05-01 20:26:46 | ERROR    | __main__:backup_task:186 - Error in backup task: name 'time' is not defined
2025-05-01 20:26:46 | ERROR    | __main__:backup_task:186 - Error in backup task: name 'time' is not defined
2025-05-01 20:26:46 | ERROR    | __main__:backup_task:186 - Error in backup task: name 'time' is not defined
2025-05-01 20:26:46 | ERROR    | __main__:backup_task:186 - Error in backup task: name 'time' is not defined
2025-05-01 20:26:46 | ERROR    | __main__:backup_task:186 - Error in backup task: name 'time' is not defined
2025-05-01 20:26:46 | ERROR    | __main__:backup_task:186 - Error in backup task: name 'time' is not defined
2025-05-01 20:26:46 | ERROR    | __main__:backup_task:186 - Error in backup task: name 'time' is not defined
2025-05-01 20:26:46 | ERROR    | __main__:backup_task:186 - Error in backup task: name 'time' is not defined
2025-05-01 20:26:46 | ERROR    | __main__:backup_task:186 - Error in backup task: name 'time' is not defined
2025-05-01 20:26:46 | ERROR    | __main__:backup_task:186 - Error in backup task: name 'time' is not defined
2025-05-01 20:26:46 | ERROR    | __main__:backup_task:186 - Error in backup task: name 'time' is not defined
2025-05-01 20:26:46 | ERROR    | __main__:backup_task:186 - Error in backup task: name 'time' is not defined
2025-05-01 20:26:46 | ERROR    | __main__:backup_task:186 - Error in backup task: name 'time' is not defined
2025-05-01 20:26:46 | ERROR    | __main__:backup_task:186 - Error in backup task: name 'time' is not defined
2025-05-01 20:26:46 | ERROR    | __main__:backup_task:186 - Error in backup task: name 'time' is not defined
2025-05-01 20:26:46 | ERROR    | __main__:backup_task:186 - Error in backup task: name 'time' is not defined
2025-05-01 20:26:46 | ERROR    | __main__:backup_task:186 - Error in backup task: name 'time' is not defined
2025-05-01 20:26:46 | ERROR    | __main__:backup_task:186 - Error in backup task: name 'time' is not defined
2025-05-01 20:26:46 | ERROR    | __main__:backup_task:186 - Error in backup task: name 'time' is not defined
2025-05-01 20:26:46 | ERROR    | __main__:backup_task:186 - Error in backup task: name 'time' is not defined
2025-05-01 20:26:46 | ERROR    | __main__:backup_task:186 - Error in backup task: name 'time' is not defined
2025-05-01 20:26:46 | ERROR    | __main__:backup_task:186 - Error in backup task: name 'time' is not defined
2025-05-01 20:26:46 | ERROR    | __main__:backup_task:186 - Error in backup task: name 'time' is not defined
2025-05-01 20:26:46 | ERROR    | __main__:backup_task:186 - Error in backup task: name 'time' is not defined
2025-05-01 20:26:46 | ERROR    | __main__:backup_task:186 - Error in backup task: name 'time' is not defined
2025-05-01 20:26:46 | ERROR    | __main__:backup_task:186 - Error in backup task: name 'time' is not defined
2025-05-01 20:26:46 | ERROR    | __main__:backup_task:186 - Error in backup task: name 'time' is not defined
2025-05-01 20:26:46 | ERROR    | __main__:backup_task:186 - Error in backup task: name 'time' is not defined
2025-05-01 20:26:46 | ERROR    | __main__:backup_task:186 - Error in backup task: name 'time' is not defined
2025-05-01 20:26:46 | ERROR    | __main__:backup_task:186 - Error in backup task: name 'time' is not defined
2025-05-01 20:26:46 | ERROR    | __main__:backup_task:186 - Error in backup task: name 'time' is not defined
2025-05-01 20:26:46 | ERROR    | __main__:backup_task:186 - Error in backup task: name 'time' is not defined
2025-05-01 20:26:46 | ERROR    | __main__:backup_task:186 - Error in backup task: name 'time' is not defined
2025-05-01 20:26:46 | ERROR    | __main__:backup_task:186 - Error in backup task: name 'time' is not defined
2025-05-01 20:26:46 | ERROR    | __main__:backup_task:186 - Error in backup task: name 'time' is not defined
2025-05-01 20:26:46 | ERROR    | __main__:backup_task:186 - Error in backup task: name 'time' is not defined
2025-05-01 20:26:46 | ERROR    | __main__:backup_task:186 - Error in backup task: name 'time' is not defined
2025-05-01 20:26:46 | ERROR    | __main__:backup_task:186 - Error in backup task: name 'time' is not defined
2025-05-01 20:26:46 | ERROR    | __main__:backup_task:186 - Error in backup task: name 'time' is not defined
2025-05-01 20:26:46 | ERROR    | __main__:backup_task:186 - Error in backup task: name 'time' is not defined
2025-05-01 20:26:46 | ERROR    | __main__:backup_task:186 - Error in backup task: name 'time' is not defined
2025-05-01 20:26:46 | ERROR    | __main__:backup_task:186 - Error in backup task: name 'time' is not defined
2025-05-01 20:26:46 | ERROR    | __main__:backup_task:186 - Error in backup task: name 'time' is not defined
2025-05-01 20:26:46 | ERROR    | __main__:backup_task:186 - Error in backup task: name 'time' is not defined
2025-05-01 20:26:46 | ERROR    | __main__:backup_task:186 - Error in backup task: name 'time' is not defined
2025-05-01 20:26:46 | ERROR    | __main__:backup_task:186 - Error in backup task: name 'time' is not defined
2025-05-01 20:26:46 | ERROR    | __main__:backup_task:186 - Error in backup task: name 'time' is not defined
2025-05-01 20:26:46 | ERROR    | __main__:backup_task:186 - Error in backup task: name 'time' is not defined
2025-05-01 20:26:46 | ERROR    | __main__:backup_task:186 - Error in backup task: name 'time' is not defined
2025-05-01 20:26:46 | ERROR    | __main__:backup_task:186 - Error in backup task: name 'time' is not defined
2025-05-01 20:26:46 | ERROR    | __main__:backup_task:186 - Error in backup task: name 'time' is not defined
2025-05-01 20:26:46 | ERROR    | __main__:backup_task:186 - Error in backup task: name 'time' is not defined
2025-05-01 20:26:46 | ERROR    | __main__:backup_task:186 - Error in backup task: name 'time' is not defined
2025-05-01 20:26:46 | ERROR    | __main__:backup_task:186 - Error in backup task: name 'time' is not defined
2025-05-01 20:26:46 | ERROR    | __main__:backup_task:186 - Error in backup task: name 'time' is not defined
2025-05-01 20:26:46 | ERROR    | __main__:backup_task:186 - Error in backup task: name 'time' is not defined
2025-05-01 20:26:46 | ERROR    | __main__:backup_task:186 - Error in backup task: name 'time' is not defined
2025-05-01 20:26:46 | ERROR    | __main__:backup_task:186 - Error in backup task: name 'time' is not defined
2025-05-01 20:26:46 | ERROR    | __main__:backup_task:186 - Error in backup task: name 'time' is not defined
2025-05-01 20:26:46 | ERROR    | __main__:backup_task:186 - Error in backup task: name 'time' is not defined
2025-05-01 20:26:46 | ERROR    | __main__:backup_task:186 - Error in backup task: name 'time' is not defined
2025-05-01 20:26:46 | ERROR    | __main__:backup_task:186 - Error in backup task: name 'time' is not defined
2025-05-01 20:26:46 | ERROR    | __main__:backup_task:186 - Error in backup task: name 'time' is not defined
2025-05-01 20:26:46 | ERROR    | __main__:backup_task:186 - Error in backup task: name 'time' is not defined
2025-05-01 20:26:46 | ERROR    | __main__:backup_task:186 - Error in backup task: name 'time' is not defined
2025-05-01 20:26:46 | ERROR    | __main__:backup_task:186 - Error in backup task: name 'time' is not defined
2025-05-01 20:26:46 | ERROR    | __main__:backup_task:186 - Error in backup task: name 'time' is not defined
2025-05-01 20:26:46 | ERROR    | __main__:backup_task:186 - Error in backup task: name 'time' is not defined
2025-05-01 20:26:46 | ERROR    | __main__:backup_task:186 - Error in backup task: name 'time' is not defined
2025-05-01 20:26:46 | ERROR    | __main__:backup_task:186 - Error in backup task: name 'time' is not defined
2025-05-01 20:26:46 | ERROR    | __main__:backup_task:186 - Error in backup task: name 'time' is not defined
2025-05-01 20:26:46 | ERROR    | __main__:backup_task:186 - Error in backup task: name 'time' is not defined
2025-05-01 20:26:46 | ERROR    | __main__:backup_task:186 - Error in backup task: name 'time' is not defined
2025-05-01 20:26:46 | ERROR    | __main__:backup_task:186 - Error in backup task: name 'time' is not defined
2025-05-01 20:26:46 | ERROR    | __main__:backup_task:186 - Error in backup task: name 'time' is not defined
2025-05-01 20:26:46 | ERROR    | __main__:backup_task:186 - Error in backup task: name 'time' is not defined
2025-05-01 20:26:46 | ERROR    | __main__:backup_task:186 - Error in backup task: name 'time' is not defined
2025-05-01 20:26:46 | ERROR    | __main__:backup_task:186 - Error in backup task: name 'time' is not defined
2025-05-01 20:26:46 | ERROR    | __main__:backup_task:186 - Error in backup task: name 'time' is not defined
2025-05-01 20:26:46 | ERROR    | __main__:backup_task:186 - Error in backup task: name 'time' is not defined
2025-05-01 20:26:46 | ERROR    | __main__:backup_task:186 - Error in backup task: name 'time' is not defined
2025-05-01 20:26:46 | ERROR    | __main__:backup_task:186 - Error in backup task: name 'time' is not defined
2025-05-01 20:26:46 | ERROR    | __main__:backup_task:186 - Error in backup task: name 'time' is not defined
2025-05-01 20:26:46 | ERROR    | __main__:backup_task:186 - Error in backup task: name 'time' is not defined
2025-05-01 20:26:46 | ERROR    | __main__:backup_task:186 - Error in backup task: name 'time' is not defined
2025-05-01 20:26:46 | ERROR    | __main__:backup_task:186 - Error in backup task: name 'time' is not defined
2025-05-01 20:26:46 | ERROR    | __main__:backup_task:186 - Error in backup task: name 'time' is not defined
2025-05-01 20:26:46 | ERROR    | __main__:backup_task:186 - Error in backup task: name 'time' is not defined
2025-05-01 20:26:46 | ERROR    | __main__:backup_task:186 - Error in backup task: name 'time' is not defined
2025-05-01 20:26:46 | ERROR    | __main__:backup_task:186 - Error in backup task: name 'time' is not defined
2025-05-01 20:26:46 | ERROR    | __main__:backup_task:186 - Error in backup task: name 'time' is not defined
2025-05-01 20:26:46 | ERROR    | __main__:backup_task:186 - Error in backup task: name 'time' is not defined
2025-05-01 20:26:46 | ERROR    | __main__:backup_task:186 - Error in backup task: name 'time' is not defined
2025-05-01 20:26:46 | ERROR    | __main__:backup_task:186 - Error in backup task: name 'time' is not defined
2025-05-01 20:26:46 | ERROR    | __main__:backup_task:186 - Error in backup task: name 'time' is not defined
2025-05-01 20:26:46 | ERROR    | __main__:backup_task:186 - Error in backup task: name 'time' is not defined
2025-05-01 20:26:46 | ERROR    | __main__:backup_task:186 - Error in backup task: name 'time' is not defined
2025-05-01 20:26:46 | ERROR    | __main__:backup_task:186 - Error in backup task: name 'time' is not defined
2025-05-01 20:26:46 | ERROR    | __main__:backup_task:186 - Error in backup task: name 'time' is not defined
2025-05-01 20:26:46 | ERROR    | __main__:backup_task:186 - Error in backup task: name 'time' is not defined
2025-05-01 20:26:46 | ERROR    | __main__:backup_task:186 - Error in backup task: name 'time' is not defined
2025-05-01 20:26:46 | ERROR    | __main__:backup_task:186 - Error in backup task: name 'time' is not defined
2025-05-01 20:26:46 | ERROR    | __main__:backup_task:186 - Error in backup task: name 'time' is not defined
2025-05-01 20:26:46 | ERROR    | __main__:backup_task:186 - Error in backup task: name 'time' is not defined
2025-05-01 20:26:46 | ERROR    | __main__:backup_task:186 - Error in backup task: name 'time' is not defined
2025-05-01 20:26:46 | ERROR    | __main__:backup_task:186 - Error in backup task: name 'time' is not defined
2025-05-01 20:26:46 | ERROR    | __main__:backup_task:186 - Error in backup task: name 'time' is not defined
2025-05-01 20:26:46 | ERROR    | __main__:backup_task:186 - Error in backup task: name 'time' is not defined
2025-05-01 20:26:46 | ERROR    | __main__:backup_task:186 - Error in backup task: name 'time' is not defined
2025-05-01 20:26:46 | ERROR    | __main__:backup_task:186 - Error in backup task: name 'time' is not defined
2025-05-01 20:26:46 | ERROR    | __main__:backup_task:186 - Error in backup task: name 'time' is not defined
2025-05-01 20:26:46 | ERROR    | __main__:backup_task:186 - Error in backup task: name 'time' is not defined
2025-05-01 20:26:46 | ERROR    | __main__:backup_task:186 - Error in backup task: name 'time' is not defined
2025-05-01 20:26:46 | ERROR    | __main__:backup_task:186 - Error in backup task: name 'time' is not defined
2025-05-01 20:26:46 | ERROR    | __main__:backup_task:186 - Error in backup task: name 'time' is not defined
2025-05-01 20:26:46 | ERROR    | __main__:backup_task:186 - Error in backup task: name 'time' is not defined
2025-05-01 20:26:46 | ERROR    | __main__:backup_task:186 - Error in backup task: name 'time' is not defined
2025-05-01 20:26:46 | ERROR    | __main__:backup_task:186 - Error in backup task: name 'time' is not defined
2025-05-01 20:26:46 | ERROR    | __main__:backup_task:186 - Error in backup task: name 'time' is not defined
2025-05-01 20:26:46 | ERROR    | __main__:backup_task:186 - Error in backup task: name 'time' is not defined
2025-05-01 20:26:46 | ERROR    | __main__:backup_task:186 - Error in backup task: name 'time' is not defined
2025-05-01 20:26:46 | ERROR    | __main__:backup_task:186 - Error in backup task: name 'time' is not defined
2025-05-01 20:26:46 | ERROR    | __main__:backup_task:186 - Error in backup task: name 'time' is not defined
2025-05-01 20:26:46 | ERROR    | __main__:backup_task:186 - Error in backup task: name 'time' is not defined
2025-05-01 20:26:46 | ERROR    | __main__:backup_task:186 - Error in backup task: name 'time' is not defined
2025-05-01 20:26:46 | ERROR    | __main__:backup_task:186 - Error in backup task: name 'time' is not defined
2025-05-01 20:26:46 | ERROR    | __main__:backup_task:186 - Error in backup task: name 'time' is not defined
2025-05-01 20:26:46 | ERROR    | __main__:backup_task:186 - Error in backup task: name 'time' is not defined
2025-05-01 20:26:46 | ERROR    | __main__:backup_task:186 - Error in backup task: name 'time' is not defined
2025-05-01 20:26:46 | ERROR    | __main__:backup_task:186 - Error in backup task: name 'time' is not defined
2025-05-01 20:26:46 | ERROR    | __main__:backup_task:186 - Error in backup task: name 'time' is not defined
2025-05-01 20:26:46 | ERROR    | __main__:backup_task:186 - Error in backup task: name 'time' is not defined
2025-05-01 20:26:46 | ERROR    | __main__:backup_task:186 - Error in backup task: name 'time' is not defined
2025-05-01 20:26:46 | ERROR    | __main__:backup_task:186 - Error in backup task: name 'time' is not defined
2025-05-01 20:26:46 | ERROR    | __main__:backup_task:186 - Error in backup task: name 'time' is not defined
2025-05-01 20:26:46 | ERROR    | __main__:backup_task:186 - Error in backup task: name 'time' is not defined
2025-05-01 20:26:46 | ERROR    | __main__:backup_task:186 - Error in backup task: name 'time' is not defined
2025-05-01 20:26:46 | ERROR    | __main__:backup_task:186 - Error in backup task: name 'time' is not defined
2025-05-01 20:26:46 | ERROR    | __main__:backup_task:186 - Error in backup task: name 'time' is not defined
2025-05-01 20:26:46 | ERROR    | __main__:backup_task:186 - Error in backup task: name 'time' is not defined
2025-05-01 20:26:46 | ERROR    | __main__:backup_task:186 - Error in backup task: name 'time' is not defined
2025-05-01 20:26:46 | ERROR    | __main__:backup_task:186 - Error in backup task: name 'time' is not defined
2025-05-01 20:26:46 | ERROR    | __main__:backup_task:186 - Error in backup task: name 'time' is not defined
2025-05-01 20:26:46 | ERROR    | __main__:backup_task:186 - Error in backup task: name 'time' is not defined
2025-05-01 20:26:46 | ERROR    | __main__:backup_task:186 - Error in backup task: name 'time' is not defined
2025-05-01 20:26:46 | ERROR    | __main__:backup_task:186 - Error in backup task: name 'time' is not defined
2025-05-01 20:26:46 | ERROR    | __main__:backup_task:186 - Error in backup task: name 'time' is not defined
2025-05-01 20:26:46 | ERROR    | __main__:backup_task:186 - Error in backup task: name 'time' is not defined
2025-05-01 20:26:46 | ERROR    | __main__:backup_task:186 - Error in backup task: name 'time' is not defined
2025-05-01 20:26:46 | ERROR    | __main__:backup_task:186 - Error in backup task: name 'time' is not defined
2025-05-01 20:26:46 | ERROR    | __main__:backup_task:186 - Error in backup task: name 'time' is not defined
2025-05-01 20:26:46 | ERROR    | __main__:backup_task:186 - Error in backup task: name 'time' is not defined
2025-05-01 20:26:46 | ERROR    | __main__:backup_task:186 - Error in backup task: name 'time' is not defined
2025-05-01 20:26:46 | ERROR    | __main__:backup_task:186 - Error in backup task: name 'time' is not defined
2025-05-01 20:26:46 | ERROR    | __main__:backup_task:186 - Error in backup task: name 'time' is not defined
2025-05-01 20:26:46 | ERROR    | __main__:backup_task:186 - Error in backup task: name 'time' is not defined
2025-05-01 20:26:46 | ERROR    | __main__:backup_task:186 - Error in backup task: name 'time' is not defined
2025-05-01 20:26:46 | ERROR    | __main__:backup_task:186 - Error in backup task: name 'time' is not defined
2025-05-01 20:26:46 | ERROR    | __main__:backup_task:186 - Error in backup task: name 'time' is not defined
2025-05-01 20:26:46 | ERROR    | __main__:backup_task:186 - Error in backup task: name 'time' is not defined
2025-05-01 20:26:46 | ERROR    | __main__:backup_task:186 - Error in backup task: name 'time' is not defined
2025-05-01 20:26:46 | ERROR    | __main__:backup_task:186 - Error in backup task: name 'time' is not defined
2025-05-01 20:26:46 | ERROR    | __main__:backup_task:186 - Error in backup task: name 'time' is not defined
2025-05-01 20:26:46 | ERROR    | __main__:backup_task:186 - Error in backup task: name 'time' is not defined
2025-05-01 20:26:46 | ERROR    | __main__:backup_task:186 - Error in backup task: name 'time' is not defined
2025-05-01 20:26:46 | ERROR    | __main__:backup_task:186 - Error in backup task: name 'time' is not defined
2025-05-01 20:26:46 | ERROR    | __main__:backup_task:186 - Error in backup task: name 'time' is not defined
2025-05-01 20:26:46 | ERROR    | __main__:backup_task:186 - Error in backup task: name 'time' is not defined
2025-05-01 20:26:46 | ERROR    | __main__:backup_task:186 - Error in backup task: name 'time' is not defined
2025-05-01 20:26:46 | ERROR    | __main__:backup_task:186 - Error in backup task: name 'time' is not defined
2025-05-01 20:26:46 | ERROR    | __main__:backup_task:186 - Error in backup task: name 'time' is not defined
2025-05-01 20:26:46 | ERROR    | __main__:backup_task:186 - Error in backup task: name 'time' is not defined
2025-05-01 20:26:46 | ERROR    | __main__:backup_task:186 - Error in backup task: name 'time' is not defined
2025-05-01 20:26:46 | ERROR    | __main__:backup_task:186 - Error in backup task: name 'time' is not defined
2025-05-01 20:26:46 | ERROR    | __main__:backup_task:186 - Error in backup task: name 'time' is not defined
2025-05-01 20:26:46 | ERROR    | __main__:backup_task:186 - Error in backup task: name 'time' is not defined
2025-05-01 20:26:46 | ERROR    | __main__:backup_task:186 - Error in backup task: name 'time' is not defined
2025-05-01 20:26:46 | ERROR    | __main__:backup_task:186 - Error in backup task: name 'time' is not defined
2025-05-01 20:26:46 | ERROR    | __main__:backup_task:186 - Error in backup task: name 'time' is not defined
2025-05-01 20:26:46 | ERROR    | __main__:backup_task:186 - Error in backup task: name 'time' is not defined
2025-05-01 20:26:46 | ERROR    | __main__:backup_task:186 - Error in backup task: name 'time' is not defined
2025-05-01 20:26:46 | ERROR    | __main__:backup_task:186 - Error in backup task: name 'time' is not defined
2025-05-01 20:26:46 | ERROR    | __main__:backup_task:186 - Error in backup task: name 'time' is not defined
2025-05-01 20:26:46 | ERROR    | __main__:backup_task:186 - Error in backup task: name 'time' is not defined
2025-05-01 20:26:46 | ERROR    | __main__:backup_task:186 - Error in backup task: name 'time' is not defined
2025-05-01 20:26:46 | ERROR    | __main__:backup_task:186 - Error in backup task: name 'time' is not defined
2025-05-01 20:26:46 | ERROR    | __main__:backup_task:186 - Error in backup task: name 'time' is not defined
2025-05-01 20:26:46 | ERROR    | __main__:backup_task:186 - Error in backup task: name 'time' is not defined
2025-05-01 20:26:46 | ERROR    | __main__:backup_task:186 - Error in backup task: name 'time' is not defined
2025-05-01 20:26:46 | ERROR    | __main__:backup_task:186 - Error in backup task: name 'time' is not defined
2025-05-01 20:26:46 | ERROR    | __main__:backup_task:186 - Error in backup task: name 'time' is not defined
2025-05-01 20:26:46 | ERROR    | __main__:backup_task:186 - Error in backup task: name 'time' is not defined
2025-05-01 20:26:46 | ERROR    | __main__:backup_task:186 - Error in backup task: name 'time' is not defined
2025-05-01 20:26:46 | ERROR    | __main__:backup_task:186 - Error in backup task: name 'time' is not defined
2025-05-01 20:26:46 | ERROR    | __main__:backup_task:186 - Error in backup task: name 'time' is not defined
2025-05-01 20:26:46 | ERROR    | __main__:backup_task:186 - Error in backup task: name 'time' is not defined
2025-05-01 20:26:46 | ERROR    | __main__:backup_task:186 - Error in backup task: name 'time' is not defined
2025-05-01 20:26:46 | ERROR    | __main__:backup_task:186 - Error in backup task: name 'time' is not defined
2025-05-01 20:26:46 | ERROR    | __main__:backup_task:186 - Error in backup task: name 'time' is not defined
2025-05-01 20:26:46 | ERROR    | __main__:backup_task:186 - Error in backup task: name 'time' is not defined
2025-05-01 20:26:46 | ERROR    | __main__:backup_task:186 - Error in backup task: name 'time' is not defined
2025-05-01 20:26:46 | ERROR    | __main__:backup_task:186 - Error in backup task: name 'time' is not defined
2025-05-01 20:26:46 | ERROR    | __main__:backup_task:186 - Error in backup task: name 'time' is not defined
2025-05-01 20:26:46 | ERROR    | __main__:backup_task:186 - Error in backup task: name 'time' is not defined
2025-05-01 20:26:46 | ERROR    | __main__:backup_task:186 - Error in backup task: name 'time' is not defined
2025-05-01 20:26:46 | ERROR    | __main__:backup_task:186 - Error in backup task: name 'time' is not defined
2025-05-01 20:26:46 | ERROR    | __main__:backup_task:186 - Error in backup task: name 'time' is not defined
2025-05-01 20:26:46 | ERROR    | __main__:backup_task:186 - Error in backup task: name 'time' is not defined
2025-05-01 20:26:46 | ERROR    | __main__:backup_task:186 - Error in backup task: name 'time' is not defined
2025-05-01 20:26:46 | ERROR    | __main__:backup_task:186 - Error in backup task: name 'time' is not defined
2025-05-01 20:26:46 | ERROR    | __main__:backup_task:186 - Error in backup task: name 'time' is not defined
2025-05-01 20:26:46 | ERROR    | __main__:backup_task:186 - Error in backup task: name 'time' is not defined
2025-05-01 20:26:46 | ERROR    | __main__:backup_task:186 - Error in backup task: name 'time' is not defined
2025-05-01 20:26:46 | ERROR    | __main__:backup_task:186 - Error in backup task: name 'time' is not defined
2025-05-01 20:26:46 | ERROR    | __main__:backup_task:186 - Error in backup task: name 'time' is not defined
2025-05-01 20:26:46 | ERROR    | __main__:backup_task:186 - Error in backup task: name 'time' is not defined
2025-05-01 20:26:46 | ERROR    | __main__:backup_task:186 - Error in backup task: name 'time' is not defined
2025-05-01 20:26:46 | ERROR    | __main__:backup_task:186 - Error in backup task: name 'time' is not defined
2025-05-01 20:26:46 | ERROR    | __main__:backup_task:186 - Error in backup task: name 'time' is not defined
2025-05-01 20:26:46 | ERROR    | __main__:backup_task:186 - Error in backup task: name 'time' is not defined
2025-05-01 20:26:46 | ERROR    | __main__:backup_task:186 - Error in backup task: name 'time' is not defined
2025-05-01 20:26:46 | ERROR    | __main__:backup_task:186 - Error in backup task: name 'time' is not defined
2025-05-01 20:26:46 | ERROR    | __main__:backup_task:186 - Error in backup task: name 'time' is not defined
2025-05-01 20:26:46 | ERROR    | __main__:backup_task:186 - Error in backup task: name 'time' is not defined
2025-05-01 20:26:46 | ERROR    | __main__:backup_task:186 - Error in backup task: name 'time' is not defined
2025-05-01 20:26:46 | ERROR    | __main__:backup_task:186 - Error in backup task: name 'time' is not defined
2025-05-01 20:26:46 | ERROR    | __main__:backup_task:186 - Error in backup task: name 'time' is not defined
2025-05-01 20:26:46 | ERROR    | __main__:backup_task:186 - Error in backup task: name 'time' is not defined
2025-05-01 20:26:46 | ERROR    | __main__:backup_task:186 - Error in backup task: name 'time' is not defined
2025-05-01 20:26:46 | ERROR    | __main__:backup_task:186 - Error in backup task: name 'time' is not defined
2025-05-01 20:26:46 | ERROR    | __main__:backup_task:186 - Error in backup task: name 'time' is not defined
2025-05-01 20:26:46 | ERROR    | __main__:backup_task:186 - Error in backup task: name 'time' is not defined
2025-05-01 20:26:46 | ERROR    | __main__:backup_task:186 - Error in backup task: name 'time' is not defined
2025-05-01 20:26:46 | ERROR    | __main__:backup_task:186 - Error in backup task: name 'time' is not defined
2025-05-01 20:26:46 | ERROR    | __main__:backup_task:186 - Error in backup task: name 'time' is not defined
2025-05-01 20:26:46 | ERROR    | __main__:backup_task:186 - Error in backup task: name 'time' is not defined
2025-05-01 20:26:46 | ERROR    | __main__:backup_task:186 - Error in backup task: name 'time' is not defined
2025-05-01 20:26:46 | ERROR    | __main__:backup_task:186 - Error in backup task: name 'time' is not defined
2025-05-01 20:26:46 | ERROR    | __main__:backup_task:186 - Error in backup task: name 'time' is not defined
2025-05-01 20:26:46 | ERROR    | __main__:backup_task:186 - Error in backup task: name 'time' is not defined
2025-05-01 20:26:46 | ERROR    | __main__:backup_task:186 - Error in backup task: name 'time' is not defined
2025-05-01 20:26:46 | ERROR    | __main__:backup_task:186 - Error in backup task: name 'time' is not defined
2025-05-01 20:26:46 | ERROR    | __main__:backup_task:186 - Error in backup task: name 'time' is not defined
2025-05-01 20:26:46 | ERROR    | __main__:backup_task:186 - Error in backup task: name 'time' is not defined
2025-05-01 20:26:46 | ERROR    | __main__:backup_task:186 - Error in backup task: name 'time' is not defined
2025-05-01 20:26:46 | ERROR    | __main__:backup_task:186 - Error in backup task: name 'time' is not defined
2025-05-01 20:26:46 | ERROR    | __main__:backup_task:186 - Error in backup task: name 'time' is not defined
2025-05-01 20:26:46 | ERROR    | __main__:backup_task:186 - Error in backup task: name 'time' is not defined
2025-05-01 20:26:46 | ERROR    | __main__:backup_task:186 - Error in backup task: name 'time' is not defined
2025-05-01 20:26:46 | ERROR    | __main__:backup_task:186 - Error in backup task: name 'time' is not defined
2025-05-01 20:26:46 | ERROR    | __main__:backup_task:186 - Error in backup task: name 'time' is not defined
2025-05-01 20:26:46 | ERROR    | __main__:backup_task:186 - Error in backup task: name 'time' is not defined
2025-05-01 20:26:46 | ERROR    | __main__:backup_task:186 - Error in backup task: name 'time' is not defined
2025-05-01 20:26:46 | ERROR    | __main__:backup_task:186 - Error in backup task: name 'time' is not defined
2025-05-01 20:26:46 | ERROR    | __main__:backup_task:186 - Error in backup task: name 'time' is not defined
2025-05-01 20:26:46 | ERROR    | __main__:backup_task:186 - Error in backup task: name 'time' is not defined
2025-05-01 20:26:46 | ERROR    | __main__:backup_task:186 - Error in backup task: name 'time' is not defined
2025-05-01 20:26:46 | ERROR    | __main__:backup_task:186 - Error in backup task: name 'time' is not defined
2025-05-01 20:26:46 | ERROR    | __main__:backup_task:186 - Error in backup task: name 'time' is not defined
2025-05-01 20:26:46 | ERROR    | __main__:backup_task:186 - Error in backup task: name 'time' is not defined
2025-05-01 20:26:46 | ERROR    | __main__:backup_task:186 - Error in backup task: name 'time' is not defined
2025-05-01 20:26:46 | ERROR    | __main__:backup_task:186 - Error in backup task: name 'time' is not defined
2025-05-01 20:26:46 | ERROR    | __main__:backup_task:186 - Error in backup task: name 'time' is not defined
2025-05-01 20:26:46 | ERROR    | __main__:backup_task:186 - Error in backup task: name 'time' is not defined
2025-05-01 20:26:46 | ERROR    | __main__:backup_task:186 - Error in backup task: name 'time' is not defined
2025-05-01 20:26:46 | ERROR    | __main__:backup_task:186 - Error in backup task: name 'time' is not defined
2025-05-01 20:26:46 | ERROR    | __main__:backup_task:186 - Error in backup task: name 'time' is not defined
2025-05-01 20:26:46 | ERROR    | __main__:backup_task:186 - Error in backup task: name 'time' is not defined
2025-05-01 20:26:46 | ERROR    | __main__:backup_task:186 - Error in backup task: name 'time' is not defined
2025-05-01 20:26:46 | ERROR    | __main__:backup_task:186 - Error in backup task: name 'time' is not defined
2025-05-01 20:26:46 | ERROR    | __main__:backup_task:186 - Error in backup task: name 'time' is not defined
2025-05-01 20:26:46 | ERROR    | __main__:backup_task:186 - Error in backup task: name 'time' is not defined
2025-05-01 20:26:46 | ERROR    | __main__:backup_task:186 - Error in backup task: name 'time' is not defined
2025-05-01 20:26:46 | ERROR    | __main__:backup_task:186 - Error in backup task: name 'time' is not defined
2025-05-01 20:26:46 | ERROR    | __main__:backup_task:186 - Error in backup task: name 'time' is not defined
2025-05-01 20:26:46 | ERROR    | __main__:backup_task:186 - Error in backup task: name 'time' is not defined
2025-05-01 20:26:46 | ERROR    | __main__:backup_task:186 - Error in backup task: name 'time' is not defined
2025-05-01 20:26:46 | ERROR    | __main__:backup_task:186 - Error in backup task: name 'time' is not defined
2025-05-01 20:26:46 | ERROR    | __main__:backup_task:186 - Error in backup task: name 'time' is not defined
2025-05-01 20:26:46 | ERROR    | __main__:backup_task:186 - Error in backup task: name 'time' is not defined
2025-05-01 20:26:46 | ERROR    | __main__:backup_task:186 - Error in backup task: name 'time' is not defined
2025-05-01 20:26:46 | ERROR    | __main__:backup_task:186 - Error in backup task: name 'time' is not defined
2025-05-01 20:26:46 | ERROR    | __main__:backup_task:186 - Error in backup task: name 'time' is not defined
2025-05-01 20:26:46 | ERROR    | __main__:backup_task:186 - Error in backup task: name 'time' is not defined
2025-05-01 20:26:46 | ERROR    | __main__:backup_task:186 - Error in backup task: name 'time' is not defined
2025-05-01 20:26:46 | ERROR    | __main__:backup_task:186 - Error in backup task: name 'time' is not defined
2025-05-01 20:26:46 | ERROR    | __main__:backup_task:186 - Error in backup task: name 'time' is not defined
2025-05-01 20:26:46 | ERROR    | __main__:backup_task:186 - Error in backup task: name 'time' is not defined
2025-05-01 20:26:46 | ERROR    | __main__:backup_task:186 - Error in backup task: name 'time' is not defined
2025-05-01 20:26:46 | ERROR    | __main__:backup_task:186 - Error in backup task: name 'time' is not defined
2025-05-01 20:26:46 | ERROR    | __main__:backup_task:186 - Error in backup task: name 'time' is not defined
2025-05-01 20:26:46 | ERROR    | __main__:backup_task:186 - Error in backup task: name 'time' is not defined
2025-05-01 20:26:46 | ERROR    | __main__:backup_task:186 - Error in backup task: name 'time' is not defined
2025-05-01 20:26:46 | ERROR    | __main__:backup_task:186 - Error in backup task: name 'time' is not defined
2025-05-01 20:26:46 | ERROR    | __main__:backup_task:186 - Error in backup task: name 'time' is not defined
2025-05-01 20:26:46 | ERROR    | __main__:backup_task:186 - Error in backup task: name 'time' is not defined
2025-05-01 20:26:46 | ERROR    | __main__:backup_task:186 - Error in backup task: name 'time' is not defined
2025-05-01 20:26:46 | ERROR    | __main__:backup_task:186 - Error in backup task: name 'time' is not defined
2025-05-01 20:26:46 | ERROR    | __main__:backup_task:186 - Error in backup task: name 'time' is not defined
2025-05-01 20:26:46 | ERROR    | __main__:backup_task:186 - Error in backup task: name 'time' is not defined
2025-05-01 20:26:46 | ERROR    | __main__:backup_task:186 - Error in backup task: name 'time' is not defined
2025-05-01 20:26:46 | ERROR    | __main__:backup_task:186 - Error in backup task: name 'time' is not defined
2025-05-01 20:26:46 | ERROR    | __main__:backup_task:186 - Error in backup task: name 'time' is not defined
2025-05-01 20:26:46 | ERROR    | __main__:backup_task:186 - Error in backup task: name 'time' is not defined
2025-05-01 20:26:46 | ERROR    | __main__:backup_task:186 - Error in backup task: name 'time' is not defined
2025-05-01 20:26:46 | ERROR    | __main__:backup_task:186 - Error in backup task: name 'time' is not defined
2025-05-01 20:26:46 | ERROR    | __main__:backup_task:186 - Error in backup task: name 'time' is not defined
2025-05-01 20:26:46 | ERROR    | __main__:backup_task:186 - Error in backup task: name 'time' is not defined
2025-05-01 20:26:46 | ERROR    | __main__:backup_task:186 - Error in backup task: name 'time' is not defined
2025-05-01 20:26:46 | ERROR    | __main__:backup_task:186 - Error in backup task: name 'time' is not defined
2025-05-01 20:26:46 | ERROR    | __main__:backup_task:186 - Error in backup task: name 'time' is not defined
2025-05-01 20:26:46 | ERROR    | __main__:backup_task:186 - Error in backup task: name 'time' is not defined
2025-05-01 20:26:46 | ERROR    | __main__:backup_task:186 - Error in backup task: name 'time' is not defined
2025-05-01 20:26:46 | ERROR    | __main__:backup_task:186 - Error in backup task: name 'time' is not defined
2025-05-01 20:26:46 | ERROR    | __main__:backup_task:186 - Error in backup task: name 'time' is not defined
2025-05-01 20:26:46 | ERROR    | __main__:backup_task:186 - Error in backup task: name 'time' is not defined
2025-05-01 20:26:46 | ERROR    | __main__:backup_task:186 - Error in backup task: name 'time' is not defined
2025-05-01 20:26:46 | ERROR    | __main__:backup_task:186 - Error in backup task: name 'time' is not defined
2025-05-01 20:26:46 | ERROR    | __main__:backup_task:186 - Error in backup task: name 'time' is not defined
2025-05-01 20:26:46 | ERROR    | __main__:backup_task:186 - Error in backup task: name 'time' is not defined
2025-05-01 20:26:46 | ERROR    | __main__:backup_task:186 - Error in backup task: name 'time' is not defined
2025-05-01 20:26:46 | ERROR    | __main__:backup_task:186 - Error in backup task: name 'time' is not defined
2025-05-01 20:26:46 | ERROR    | __main__:backup_task:186 - Error in backup task: name 'time' is not defined
2025-05-01 20:26:46 | ERROR    | __main__:backup_task:186 - Error in backup task: name 'time' is not defined
2025-05-01 20:26:46 | ERROR    | __main__:backup_task:186 - Error in backup task: name 'time' is not defined
2025-05-01 20:26:46 | ERROR    | __main__:backup_task:186 - Error in backup task: name 'time' is not defined
2025-05-01 20:26:46 | ERROR    | __main__:backup_task:186 - Error in backup task: name 'time' is not defined
2025-05-01 20:26:46 | ERROR    | __main__:backup_task:186 - Error in backup task: name 'time' is not defined
2025-05-01 20:26:46 | ERROR    | __main__:backup_task:186 - Error in backup task: name 'time' is not defined
2025-05-01 20:26:46 | ERROR    | __main__:backup_task:186 - Error in backup task: name 'time' is not defined
2025-05-01 20:26:46 | ERROR    | __main__:backup_task:186 - Error in backup task: name 'time' is not defined
2025-05-01 20:26:46 | ERROR    | __main__:backup_task:186 - Error in backup task: name 'time' is not defined
2025-05-01 20:26:46 | ERROR    | __main__:backup_task:186 - Error in backup task: name 'time' is not defined
2025-05-01 20:26:46 | ERROR    | __main__:backup_task:186 - Error in backup task: name 'time' is not defined
2025-05-01 20:26:46 | ERROR    | __main__:backup_task:186 - Error in backup task: name 'time' is not defined
2025-05-01 20:26:46 | ERROR    | __main__:backup_task:186 - Error in backup task: name 'time' is not defined
2025-05-01 20:26:46 | ERROR    | __main__:backup_task:186 - Error in backup task: name 'time' is not defined
2025-05-01 20:26:46 | ERROR    | __main__:backup_task:186 - Error in backup task: name 'time' is not defined
2025-05-01 20:26:46 | ERROR    | __main__:backup_task:186 - Error in backup task: name 'time' is not defined
2025-05-01 20:26:46 | ERROR    | __main__:backup_task:186 - Error in backup task: name 'time' is not defined
2025-05-01 20:26:46 | ERROR    | __main__:backup_task:186 - Error in backup task: name 'time' is not defined
2025-05-01 20:26:46 | ERROR    | __main__:backup_task:186 - Error in backup task: name 'time' is not defined
2025-05-01 20:26:46 | ERROR    | __main__:backup_task:186 - Error in backup task: name 'time' is not defined
2025-05-01 20:26:46 | ERROR    | __main__:backup_task:186 - Error in backup task: name 'time' is not defined
2025-05-01 20:26:46 | ERROR    | __main__:backup_task:186 - Error in backup task: name 'time' is not defined
2025-05-01 20:26:46 | ERROR    | __main__:backup_task:186 - Error in backup task: name 'time' is not defined
2025-05-01 20:26:46 | ERROR    | __main__:backup_task:186 - Error in backup task: name 'time' is not defined
2025-05-01 20:26:46 | ERROR    | __main__:backup_task:186 - Error in backup task: name 'time' is not defined
2025-05-01 20:26:46 | ERROR    | __main__:backup_task:186 - Error in backup task: name 'time' is not defined
2025-05-01 20:26:46 | ERROR    | __main__:backup_task:186 - Error in backup task: name 'time' is not defined
2025-05-01 20:26:46 | ERROR    | __main__:backup_task:186 - Error in backup task: name 'time' is not defined
2025-05-01 20:26:46 | ERROR    | __main__:backup_task:186 - Error in backup task: name 'time' is not defined
2025-05-01 20:26:46 | ERROR    | __main__:backup_task:186 - Error in backup task: name 'time' is not defined
2025-05-01 20:26:46 | ERROR    | __main__:backup_task:186 - Error in backup task: name 'time' is not defined
2025-05-01 20:26:46 | ERROR    | __main__:backup_task:186 - Error in backup task: name 'time' is not defined
2025-05-01 20:26:46 | ERROR    | __main__:backup_task:186 - Error in backup task: name 'time' is not defined
2025-05-01 20:26:46 | ERROR    | __main__:backup_task:186 - Error in backup task: name 'time' is not defined
2025-05-01 20:26:46 | ERROR    | __main__:backup_task:186 - Error in backup task: name 'time' is not defined
2025-05-01 20:26:46 | ERROR    | __main__:backup_task:186 - Error in backup task: name 'time' is not defined
2025-05-01 20:26:46 | ERROR    | __main__:backup_task:186 - Error in backup task: name 'time' is not defined
2025-05-01 20:26:46 | ERROR    | __main__:backup_task:186 - Error in backup task: name 'time' is not defined
2025-05-01 20:26:46 | ERROR    | __main__:backup_task:186 - Error in backup task: name 'time' is not defined
2025-05-01 20:26:46 | ERROR    | __main__:backup_task:186 - Error in backup task: name 'time' is not defined
2025-05-01 20:26:46 | ERROR    | __main__:backup_task:186 - Error in backup task: name 'time' is not defined
2025-05-01 20:26:46 | ERROR    | __main__:backup_task:186 - Error in backup task: name 'time' is not defined
2025-05-01 20:26:46 | ERROR    | __main__:backup_task:186 - Error in backup task: name 'time' is not defined
2025-05-01 20:26:46 | ERROR    | __main__:backup_task:186 - Error in backup task: name 'time' is not defined
2025-05-01 20:26:46 | ERROR    | __main__:backup_task:186 - Error in backup task: name 'time' is not defined
2025-05-01 20:26:46 | ERROR    | __main__:backup_task:186 - Error in backup task: name 'time' is not defined
2025-05-01 20:26:46 | ERROR    | __main__:backup_task:186 - Error in backup task: name 'time' is not defined
2025-05-01 20:26:46 | ERROR    | __main__:backup_task:186 - Error in backup task: name 'time' is not defined
2025-05-01 20:26:46 | ERROR    | __main__:backup_task:186 - Error in backup task: name 'time' is not defined
2025-05-01 20:26:46 | ERROR    | __main__:backup_task:186 - Error in backup task: name 'time' is not defined
2025-05-01 20:26:46 | ERROR    | __main__:backup_task:186 - Error in backup task: name 'time' is not defined
2025-05-01 20:26:46 | ERROR    | __main__:backup_task:186 - Error in backup task: name 'time' is not defined
2025-05-01 20:26:46 | ERROR    | __main__:backup_task:186 - Error in backup task: name 'time' is not defined
2025-05-01 20:26:46 | ERROR    | __main__:backup_task:186 - Error in backup task: name 'time' is not defined
2025-05-01 20:26:46 | ERROR    | __main__:backup_task:186 - Error in backup task: name 'time' is not defined
2025-05-01 20:26:46 | ERROR    | __main__:backup_task:186 - Error in backup task: name 'time' is not defined
2025-05-01 20:26:46 | ERROR    | __main__:backup_task:186 - Error in backup task: name 'time' is not defined
2025-05-01 20:26:46 | ERROR    | __main__:backup_task:186 - Error in backup task: name 'time' is not defined
2025-05-01 20:26:46 | ERROR    | __main__:backup_task:186 - Error in backup task: name 'time' is not defined
2025-05-01 20:26:46 | ERROR    | __main__:backup_task:186 - Error in backup task: name 'time' is not defined
2025-05-01 20:26:46 | ERROR    | __main__:backup_task:186 - Error in backup task: name 'time' is not defined
2025-05-01 20:26:46 | ERROR    | __main__:backup_task:186 - Error in backup task: name 'time' is not defined
2025-05-01 20:26:46 | ERROR    | __main__:backup_task:186 - Error in backup task: name 'time' is not defined
2025-05-01 20:26:46 | ERROR    | __main__:backup_task:186 - Error in backup task: name 'time' is not defined
2025-05-01 20:26:46 | ERROR    | __main__:backup_task:186 - Error in backup task: name 'time' is not defined
2025-05-01 20:26:46 | ERROR    | __main__:backup_task:186 - Error in backup task: name 'time' is not defined
2025-05-01 20:26:46 | ERROR    | __main__:backup_task:186 - Error in backup task: name 'time' is not defined
2025-05-01 20:26:46 | ERROR    | __main__:backup_task:186 - Error in backup task: name 'time' is not defined
2025-05-01 20:26:46 | ERROR    | __main__:backup_task:186 - Error in backup task: name 'time' is not defined
2025-05-01 20:26:46 | ERROR    | __main__:backup_task:186 - Error in backup task: name 'time' is not defined
2025-05-01 20:26:46 | ERROR    | __main__:backup_task:186 - Error in backup task: name 'time' is not defined
2025-05-01 20:26:46 | ERROR    | __main__:backup_task:186 - Error in backup task: name 'time' is not defined
2025-05-01 20:26:46 | ERROR    | __main__:backup_task:186 - Error in backup task: name 'time' is not defined
2025-05-01 20:26:46 | ERROR    | __main__:backup_task:186 - Error in backup task: name 'time' is not defined
2025-05-01 20:26:46 | ERROR    | __main__:backup_task:186 - Error in backup task: name 'time' is not defined
2025-05-01 20:26:46 | ERROR    | __main__:backup_task:186 - Error in backup task: name 'time' is not defined
2025-05-01 20:26:46 | ERROR    | __main__:backup_task:186 - Error in backup task: name 'time' is not defined
2025-05-01 20:26:46 | ERROR    | __main__:backup_task:186 - Error in backup task: name 'time' is not defined
2025-05-01 20:26:46 | ERROR    | __main__:backup_task:186 - Error in backup task: name 'time' is not defined
2025-05-01 20:26:46 | ERROR    | __main__:backup_task:186 - Error in backup task: name 'time' is not defined
2025-05-01 20:26:46 | ERROR    | __main__:backup_task:186 - Error in backup task: name 'time' is not defined
2025-05-01 20:26:46 | ERROR    | __main__:backup_task:186 - Error in backup task: name 'time' is not defined
2025-05-01 20:26:46 | ERROR    | __main__:backup_task:186 - Error in backup task: name 'time' is not defined
2025-05-01 20:26:46 | ERROR    | __main__:backup_task:186 - Error in backup task: name 'time' is not defined
2025-05-01 20:26:46 | ERROR    | __main__:backup_task:186 - Error in backup task: name 'time' is not defined
2025-05-01 20:26:46 | ERROR    | __main__:backup_task:186 - Error in backup task: name 'time' is not defined
2025-05-01 20:26:46 | ERROR    | __main__:backup_task:186 - Error in backup task: name 'time' is not defined
2025-05-01 20:26:46 | ERROR    | __main__:backup_task:186 - Error in backup task: name 'time' is not defined
2025-05-01 20:26:46 | ERROR    | __main__:backup_task:186 - Error in backup task: name 'time' is not defined
2025-05-01 20:26:46 | ERROR    | __main__:backup_task:186 - Error in backup task: name 'time' is not defined
2025-05-01 20:26:46 | ERROR    | __main__:backup_task:186 - Error in backup task: name 'time' is not defined
2025-05-01 20:26:46 | ERROR    | __main__:backup_task:186 - Error in backup task: name 'time' is not defined
2025-05-01 20:26:46 | ERROR    | __main__:backup_task:186 - Error in backup task: name 'time' is not defined
2025-05-01 20:26:46 | ERROR    | __main__:backup_task:186 - Error in backup task: name 'time' is not defined
2025-05-01 20:26:46 | ERROR    | __main__:backup_task:186 - Error in backup task: name 'time' is not defined
2025-05-01 20:26:46 | ERROR    | __main__:backup_task:186 - Error in backup task: name 'time' is not defined
2025-05-01 20:26:46 | ERROR    | __main__:backup_task:186 - Error in backup task: name 'time' is not defined
2025-05-01 20:26:46 | ERROR    | __main__:backup_task:186 - Error in backup task: name 'time' is not defined
2025-05-01 20:26:46 | ERROR    | __main__:backup_task:186 - Error in backup task: name 'time' is not defined
2025-05-01 20:26:46 | ERROR    | __main__:backup_task:186 - Error in backup task: name 'time' is not defined
2025-05-01 20:26:46 | ERROR    | __main__:backup_task:186 - Error in backup task: name 'time' is not defined
2025-05-01 20:26:46 | ERROR    | __main__:backup_task:186 - Error in backup task: name 'time' is not defined
2025-05-01 20:26:46 | ERROR    | __main__:backup_task:186 - Error in backup task: name 'time' is not defined
2025-05-01 20:26:46 | ERROR    | __main__:backup_task:186 - Error in backup task: name 'time' is not defined
2025-05-01 20:26:46 | ERROR    | __main__:backup_task:186 - Error in backup task: name 'time' is not defined
2025-05-01 20:26:46 | ERROR    | __main__:backup_task:186 - Error in backup task: name 'time' is not defined
2025-05-01 20:26:46 | ERROR    | __main__:backup_task:186 - Error in backup task: name 'time' is not defined
2025-05-01 20:26:46 | ERROR    | __main__:backup_task:186 - Error in backup task: name 'time' is not defined
2025-05-01 20:26:46 | ERROR    | __main__:backup_task:186 - Error in backup task: name 'time' is not defined
2025-05-01 20:26:46 | ERROR    | __main__:backup_task:186 - Error in backup task: name 'time' is not defined
2025-05-01 20:26:46 | ERROR    | __main__:backup_task:186 - Error in backup task: name 'time' is not defined
2025-05-01 20:26:46 | ERROR    | __main__:backup_task:186 - Error in backup task: name 'time' is not defined
2025-05-01 20:26:46 | ERROR    | __main__:backup_task:186 - Error in backup task: name 'time' is not defined
2025-05-01 20:26:46 | ERROR    | __main__:backup_task:186 - Error in backup task: name 'time' is not defined
2025-05-01 20:26:46 | ERROR    | __main__:backup_task:186 - Error in backup task: name 'time' is not defined
2025-05-01 20:26:46 | ERROR    | __main__:backup_task:186 - Error in backup task: name 'time' is not defined
2025-05-01 20:26:46 | ERROR    | __main__:backup_task:186 - Error in backup task: name 'time' is not defined
2025-05-01 20:26:46 | ERROR    | __main__:backup_task:186 - Error in backup task: name 'time' is not defined
2025-05-01 20:26:46 | ERROR    | __main__:backup_task:186 - Error in backup task: name 'time' is not defined
2025-05-01 20:26:46 | ERROR    | __main__:backup_task:186 - Error in backup task: name 'time' is not defined
2025-05-01 20:26:46 | ERROR    | __main__:backup_task:186 - Error in backup task: name 'time' is not defined
2025-05-01 20:26:46 | ERROR    | __main__:backup_task:186 - Error in backup task: name 'time' is not defined
2025-05-01 20:26:46 | ERROR    | __main__:backup_task:186 - Error in backup task: name 'time' is not defined
2025-05-01 20:26:46 | ERROR    | __main__:backup_task:186 - Error in backup task: name 'time' is not defined
2025-05-01 20:26:46 | ERROR    | __main__:backup_task:186 - Error in backup task: name 'time' is not defined
2025-05-01 20:26:46 | ERROR    | __main__:backup_task:186 - Error in backup task: name 'time' is not defined
2025-05-01 20:26:46 | ERROR    | __main__:backup_task:186 - Error in backup task: name 'time' is not defined
2025-05-01 20:26:46 | ERROR    | __main__:backup_task:186 - Error in backup task: name 'time' is not defined
2025-05-01 20:26:46 | ERROR    | __main__:backup_task:186 - Error in backup task: name 'time' is not defined
2025-05-01 20:26:46 | ERROR    | __main__:backup_task:186 - Error in backup task: name 'time' is not defined
2025-05-01 20:26:46 | ERROR    | __main__:backup_task:186 - Error in backup task: name 'time' is not defined
2025-05-01 20:26:46 | ERROR    | __main__:backup_task:186 - Error in backup task: name 'time' is not defined
2025-05-01 20:26:46 | ERROR    | __main__:backup_task:186 - Error in backup task: name 'time' is not defined
2025-05-01 20:26:46 | ERROR    | __main__:backup_task:186 - Error in backup task: name 'time' is not defined
2025-05-01 20:26:46 | ERROR    | __main__:backup_task:186 - Error in backup task: name 'time' is not defined
2025-05-01 20:26:46 | ERROR    | __main__:backup_task:186 - Error in backup task: name 'time' is not defined
2025-05-01 20:26:46 | ERROR    | __main__:backup_task:186 - Error in backup task: name 'time' is not defined
2025-05-01 20:26:46 | ERROR    | __main__:backup_task:186 - Error in backup task: name 'time' is not defined
2025-05-01 20:26:46 | ERROR    | __main__:backup_task:186 - Error in backup task: name 'time' is not defined
2025-05-01 20:26:46 | ERROR    | __main__:backup_task:186 - Error in backup task: name 'time' is not defined
2025-05-01 20:26:46 | ERROR    | __main__:backup_task:186 - Error in backup task: name 'time' is not defined
2025-05-01 20:26:46 | ERROR    | __main__:backup_task:186 - Error in backup task: name 'time' is not defined
2025-05-01 20:26:46 | ERROR    | __main__:backup_task:186 - Error in backup task: name 'time' is not defined
2025-05-01 20:26:46 | ERROR    | __main__:backup_task:186 - Error in backup task: name 'time' is not defined
2025-05-01 20:26:46 | ERROR    | __main__:backup_task:186 - Error in backup task: name 'time' is not defined
2025-05-01 20:26:46 | ERROR    | __main__:backup_task:186 - Error in backup task: name 'time' is not defined
2025-05-01 20:26:46 | ERROR    | __main__:backup_task:186 - Error in backup task: name 'time' is not defined
2025-05-01 20:26:46 | ERROR    | __main__:backup_task:186 - Error in backup task: name 'time' is not defined
2025-05-01 20:26:46 | ERROR    | __main__:backup_task:186 - Error in backup task: name 'time' is not defined
2025-05-01 20:26:46 | ERROR    | __main__:backup_task:186 - Error in backup task: name 'time' is not defined
2025-05-01 20:26:46 | ERROR    | __main__:backup_task:186 - Error in backup task: name 'time' is not defined
2025-05-01 20:26:46 | ERROR    | __main__:backup_task:186 - Error in backup task: name 'time' is not defined
2025-05-01 20:26:46 | ERROR    | __main__:backup_task:186 - Error in backup task: name 'time' is not defined
2025-05-01 20:26:46 | ERROR    | __main__:backup_task:186 - Error in backup task: name 'time' is not defined
2025-05-01 20:26:46 | ERROR    | __main__:backup_task:186 - Error in backup task: name 'time' is not defined
2025-05-01 20:26:46 | ERROR    | __main__:backup_task:186 - Error in backup task: name 'time' is not defined
2025-05-01 20:26:46 | ERROR    | __main__:backup_task:186 - Error in backup task: name 'time' is not defined
2025-05-01 20:26:46 | ERROR    | __main__:backup_task:186 - Error in backup task: name 'time' is not defined
2025-05-01 20:26:46 | ERROR    | __main__:backup_task:186 - Error in backup task: name 'time' is not defined
2025-05-01 20:26:46 | ERROR    | __main__:backup_task:186 - Error in backup task: name 'time' is not defined
2025-05-01 20:26:46 | ERROR    | __main__:backup_task:186 - Error in backup task: name 'time' is not defined
2025-05-01 20:26:46 | ERROR    | __main__:backup_task:186 - Error in backup task: name 'time' is not defined
2025-05-01 20:26:46 | ERROR    | __main__:backup_task:186 - Error in backup task: name 'time' is not defined
2025-05-01 20:26:46 | ERROR    | __main__:backup_task:186 - Error in backup task: name 'time' is not defined
2025-05-01 20:26:46 | ERROR    | __main__:backup_task:186 - Error in backup task: name 'time' is not defined
2025-05-01 20:26:46 | ERROR    | __main__:backup_task:186 - Error in backup task: name 'time' is not defined
2025-05-01 20:26:46 | ERROR    | __main__:backup_task:186 - Error in backup task: name 'time' is not defined
2025-05-01 20:26:46 | ERROR    | __main__:backup_task:186 - Error in backup task: name 'time' is not defined
2025-05-01 20:26:46 | ERROR    | __main__:backup_task:186 - Error in backup task: name 'time' is not defined
2025-05-01 20:26:46 | ERROR    | __main__:backup_task:186 - Error in backup task: name 'time' is not defined
2025-05-01 20:26:46 | ERROR    | __main__:backup_task:186 - Error in backup task: name 'time' is not defined
2025-05-01 20:26:46 | ERROR    | __main__:backup_task:186 - Error in backup task: name 'time' is not defined
2025-05-01 20:26:46 | ERROR    | __main__:backup_task:186 - Error in backup task: name 'time' is not defined
2025-05-01 20:26:46 | ERROR    | __main__:backup_task:186 - Error in backup task: name 'time' is not defined
2025-05-01 20:26:46 | ERROR    | __main__:backup_task:186 - Error in backup task: name 'time' is not defined
2025-05-01 20:26:46 | ERROR    | __main__:backup_task:186 - Error in backup task: name 'time' is not defined
2025-05-01 20:26:46 | ERROR    | __main__:backup_task:186 - Error in backup task: name 'time' is not defined
2025-05-01 20:26:46 | ERROR    | __main__:backup_task:186 - Error in backup task: name 'time' is not defined
2025-05-01 20:26:46 | ERROR    | __main__:backup_task:186 - Error in backup task: name 'time' is not defined
2025-05-01 20:26:46 | ERROR    | __main__:backup_task:186 - Error in backup task: name 'time' is not defined
2025-05-01 20:26:46 | ERROR    | __main__:backup_task:186 - Error in backup task: name 'time' is not defined
2025-05-01 20:26:46 | ERROR    | __main__:backup_task:186 - Error in backup task: name 'time' is not defined
2025-05-01 20:26:46 | ERROR    | __main__:backup_task:186 - Error in backup task: name 'time' is not defined
2025-05-01 20:26:46 | ERROR    | __main__:backup_task:186 - Error in backup task: name 'time' is not defined
2025-05-01 20:26:46 | ERROR    | __main__:backup_task:186 - Error in backup task: name 'time' is not defined
2025-05-01 20:26:46 | ERROR    | __main__:backup_task:186 - Error in backup task: name 'time' is not defined
2025-05-01 20:26:46 | ERROR    | __main__:backup_task:186 - Error in backup task: name 'time' is not defined
2025-05-01 20:26:46 | ERROR    | __main__:backup_task:186 - Error in backup task: name 'time' is not defined
2025-05-01 20:26:46 | ERROR    | __main__:backup_task:186 - Error in backup task: name 'time' is not defined
2025-05-01 20:26:46 | ERROR    | __main__:backup_task:186 - Error in backup task: name 'time' is not defined
2025-05-01 20:26:46 | ERROR    | __main__:backup_task:186 - Error in backup task: name 'time' is not defined
2025-05-01 20:26:46 | ERROR    | __main__:backup_task:186 - Error in backup task: name 'time' is not defined
2025-05-01 20:26:46 | ERROR    | __main__:backup_task:186 - Error in backup task: name 'time' is not defined
2025-05-01 20:26:46 | ERROR    | __main__:backup_task:186 - Error in backup task: name 'time' is not defined
2025-05-01 20:26:46 | ERROR    | __main__:backup_task:186 - Error in backup task: name 'time' is not defined
2025-05-01 20:26:46 | ERROR    | __main__:backup_task:186 - Error in backup task: name 'time' is not defined
2025-05-01 20:26:46 | ERROR    | __main__:backup_task:186 - Error in backup task: name 'time' is not defined
2025-05-01 20:26:46 | ERROR    | __main__:backup_task:186 - Error in backup task: name 'time' is not defined
2025-05-01 20:26:46 | ERROR    | __main__:backup_task:186 - Error in backup task: name 'time' is not defined
2025-05-01 20:26:46 | ERROR    | __main__:backup_task:186 - Error in backup task: name 'time' is not defined
2025-05-01 20:26:46 | ERROR    | __main__:backup_task:186 - Error in backup task: name 'time' is not defined
2025-05-01 20:26:46 | ERROR    | __main__:backup_task:186 - Error in backup task: name 'time' is not defined
2025-05-01 20:26:46 | ERROR    | __main__:backup_task:186 - Error in backup task: name 'time' is not defined
2025-05-01 20:26:46 | ERROR    | __main__:backup_task:186 - Error in backup task: name 'time' is not defined
2025-05-01 20:26:46 | ERROR    | __main__:backup_task:186 - Error in backup task: name 'time' is not defined
2025-05-01 20:26:46 | ERROR    | __main__:backup_task:186 - Error in backup task: name 'time' is not defined
2025-05-01 20:26:46 | ERROR    | __main__:backup_task:186 - Error in backup task: name 'time' is not defined
2025-05-01 20:26:46 | ERROR    | __main__:backup_task:186 - Error in backup task: name 'time' is not defined
2025-05-01 20:26:46 | ERROR    | __main__:backup_task:186 - Error in backup task: name 'time' is not defined
2025-05-01 20:26:46 | ERROR    | __main__:backup_task:186 - Error in backup task: name 'time' is not defined
2025-05-01 20:26:46 | ERROR    | __main__:backup_task:186 - Error in backup task: name 'time' is not defined
2025-05-01 20:26:46 | ERROR    | __main__:backup_task:186 - Error in backup task: name 'time' is not defined
2025-05-01 20:26:46 | ERROR    | __main__:backup_task:186 - Error in backup task: name 'time' is not defined
2025-05-01 20:26:46 | ERROR    | __main__:backup_task:186 - Error in backup task: name 'time' is not defined
2025-05-01 20:26:46 | ERROR    | __main__:backup_task:186 - Error in backup task: name 'time' is not defined
2025-05-01 20:26:46 | ERROR    | __main__:backup_task:186 - Error in backup task: name 'time' is not defined
2025-05-01 20:26:46 | ERROR    | __main__:backup_task:186 - Error in backup task: name 'time' is not defined
2025-05-01 20:26:46 | ERROR    | __main__:backup_task:186 - Error in backup task: name 'time' is not defined
2025-05-01 20:26:46 | ERROR    | __main__:backup_task:186 - Error in backup task: name 'time' is not defined
2025-05-01 20:26:46 | ERROR    | __main__:backup_task:186 - Error in backup task: name 'time' is not defined
2025-05-01 20:26:46 | ERROR    | __main__:backup_task:186 - Error in backup task: name 'time' is not defined
2025-05-01 20:26:46 | ERROR    | __main__:backup_task:186 - Error in backup task: name 'time' is not defined
2025-05-01 20:26:46 | ERROR    | __main__:backup_task:186 - Error in backup task: name 'time' is not defined
2025-05-01 20:26:46 | ERROR    | __main__:backup_task:186 - Error in backup task: name 'time' is not defined
2025-05-01 20:26:46 | ERROR    | __main__:backup_task:186 - Error in backup task: name 'time' is not defined
2025-05-01 20:26:46 | ERROR    | __main__:backup_task:186 - Error in backup task: name 'time' is not defined
2025-05-01 20:26:46 | ERROR    | __main__:backup_task:186 - Error in backup task: name 'time' is not defined
2025-05-01 20:26:46 | ERROR    | __main__:backup_task:186 - Error in backup task: name 'time' is not defined
2025-05-01 20:26:46 | ERROR    | __main__:backup_task:186 - Error in backup task: name 'time' is not defined
2025-05-01 20:26:46 | ERROR    | __main__:backup_task:186 - Error in backup task: name 'time' is not defined
2025-05-01 20:26:46 | ERROR    | __main__:backup_task:186 - Error in backup task: name 'time' is not defined
2025-05-01 20:26:46 | ERROR    | __main__:backup_task:186 - Error in backup task: name 'time' is not defined
2025-05-01 20:26:46 | ERROR    | __main__:backup_task:186 - Error in backup task: name 'time' is not defined
2025-05-01 20:26:46 | ERROR    | __main__:backup_task:186 - Error in backup task: name 'time' is not defined
2025-05-01 20:26:46 | ERROR    | __main__:backup_task:186 - Error in backup task: name 'time' is not defined
2025-05-01 20:26:46 | ERROR    | __main__:backup_task:186 - Error in backup task: name 'time' is not defined
2025-05-01 20:26:46 | ERROR    | __main__:backup_task:186 - Error in backup task: name 'time' is not defined
2025-05-01 20:26:46 | ERROR    | __main__:backup_task:186 - Error in backup task: name 'time' is not defined
2025-05-01 20:26:46 | ERROR    | __main__:backup_task:186 - Error in backup task: name 'time' is not defined
2025-05-01 20:26:46 | ERROR    | __main__:backup_task:186 - Error in backup task: name 'time' is not defined
2025-05-01 20:26:46 | ERROR    | __main__:backup_task:186 - Error in backup task: name 'time' is not defined
2025-05-01 20:26:46 | ERROR    | __main__:backup_task:186 - Error in backup task: name 'time' is not defined
2025-05-01 20:26:46 | ERROR    | __main__:backup_task:186 - Error in backup task: name 'time' is not defined
2025-05-01 20:26:46 | ERROR    | __main__:backup_task:186 - Error in backup task: name 'time' is not defined
2025-05-01 20:26:46 | ERROR    | __main__:backup_task:186 - Error in backup task: name 'time' is not defined
2025-05-01 20:26:46 | ERROR    | __main__:backup_task:186 - Error in backup task: name 'time' is not defined
2025-05-01 20:26:46 | ERROR    | __main__:backup_task:186 - Error in backup task: name 'time' is not defined
2025-05-01 20:26:46 | ERROR    | __main__:backup_task:186 - Error in backup task: name 'time' is not defined
2025-05-01 20:26:46 | ERROR    | __main__:backup_task:186 - Error in backup task: name 'time' is not defined
2025-05-01 20:26:46 | ERROR    | __main__:backup_task:186 - Error in backup task: name 'time' is not defined
2025-05-01 20:26:46 | ERROR    | __main__:backup_task:186 - Error in backup task: name 'time' is not defined
2025-05-01 20:26:46 | ERROR    | __main__:backup_task:186 - Error in backup task: name 'time' is not defined
2025-05-01 20:26:46 | ERROR    | __main__:backup_task:186 - Error in backup task: name 'time' is not defined
2025-05-01 20:26:46 | ERROR    | __main__:backup_task:186 - Error in backup task: name 'time' is not defined
2025-05-01 20:26:46 | ERROR    | __main__:backup_task:186 - Error in backup task: name 'time' is not defined
2025-05-01 20:26:46 | ERROR    | __main__:backup_task:186 - Error in backup task: name 'time' is not defined
2025-05-01 20:26:46 | ERROR    | __main__:backup_task:186 - Error in backup task: name 'time' is not defined
2025-05-01 20:26:46 | ERROR    | __main__:backup_task:186 - Error in backup task: name 'time' is not defined
2025-05-01 20:26:46 | ERROR    | __main__:backup_task:186 - Error in backup task: name 'time' is not defined
2025-05-01 20:26:46 | ERROR    | __main__:backup_task:186 - Error in backup task: name 'time' is not defined
2025-05-01 20:26:46 | ERROR    | __main__:backup_task:186 - Error in backup task: name 'time' is not defined
2025-05-01 20:26:46 | ERROR    | __main__:backup_task:186 - Error in backup task: name 'time' is not defined
2025-05-01 20:26:46 | ERROR    | __main__:backup_task:186 - Error in backup task: name 'time' is not defined
2025-05-01 20:26:46 | ERROR    | __main__:backup_task:186 - Error in backup task: name 'time' is not defined
2025-05-01 20:26:46 | ERROR    | __main__:backup_task:186 - Error in backup task: name 'time' is not defined
2025-05-01 20:26:46 | ERROR    | __main__:backup_task:186 - Error in backup task: name 'time' is not defined
2025-05-01 20:26:46 | ERROR    | __main__:backup_task:186 - Error in backup task: name 'time' is not defined
2025-05-01 20:26:46 | ERROR    | __main__:backup_task:186 - Error in backup task: name 'time' is not defined
2025-05-01 20:26:46 | ERROR    | __main__:backup_task:186 - Error in backup task: name 'time' is not defined
2025-05-01 20:26:46 | ERROR    | __main__:backup_task:186 - Error in backup task: name 'time' is not defined
2025-05-01 20:26:46 | ERROR    | __main__:backup_task:186 - Error in backup task: name 'time' is not defined
2025-05-01 20:26:46 | ERROR    | __main__:backup_task:186 - Error in backup task: name 'time' is not defined
2025-05-01 20:26:46 | ERROR    | __main__:backup_task:186 - Error in backup task: name 'time' is not defined
2025-05-01 20:26:46 | ERROR    | __main__:backup_task:186 - Error in backup task: name 'time' is not defined
2025-05-01 20:26:46 | ERROR    | __main__:backup_task:186 - Error in backup task: name 'time' is not defined
2025-05-01 20:26:46 | ERROR    | __main__:backup_task:186 - Error in backup task: name 'time' is not defined
2025-05-01 20:26:46 | ERROR    | __main__:backup_task:186 - Error in backup task: name 'time' is not defined
2025-05-01 20:26:46 | ERROR    | __main__:backup_task:186 - Error in backup task: name 'time' is not defined
2025-05-01 20:26:46 | ERROR    | __main__:backup_task:186 - Error in backup task: name 'time' is not defined
2025-05-01 20:26:46 | ERROR    | __main__:backup_task:186 - Error in backup task: name 'time' is not defined
2025-05-01 20:26:46 | ERROR    | __main__:backup_task:186 - Error in backup task: name 'time' is not defined
2025-05-01 20:26:46 | ERROR    | __main__:backup_task:186 - Error in backup task: name 'time' is not defined
2025-05-01 20:26:46 | ERROR    | __main__:backup_task:186 - Error in backup task: name 'time' is not defined
2025-05-01 20:26:46 | ERROR    | __main__:backup_task:186 - Error in backup task: name 'time' is not defined
2025-05-01 20:26:46 | ERROR    | __main__:backup_task:186 - Error in backup task: name 'time' is not defined
2025-05-01 20:26:46 | ERROR    | __main__:backup_task:186 - Error in backup task: name 'time' is not defined
2025-05-01 20:26:46 | ERROR    | __main__:backup_task:186 - Error in backup task: name 'time' is not defined
2025-05-01 20:26:46 | ERROR    | __main__:backup_task:186 - Error in backup task: name 'time' is not defined
2025-05-01 20:26:46 | ERROR    | __main__:backup_task:186 - Error in backup task: name 'time' is not defined
2025-05-01 20:26:46 | ERROR    | __main__:backup_task:186 - Error in backup task: name 'time' is not defined
2025-05-01 20:26:46 | ERROR    | __main__:backup_task:186 - Error in backup task: name 'time' is not defined
2025-05-01 20:26:46 | ERROR    | __main__:backup_task:186 - Error in backup task: name 'time' is not defined
2025-05-01 20:26:46 | ERROR    | __main__:backup_task:186 - Error in backup task: name 'time' is not defined
2025-05-01 20:26:46 | ERROR    | __main__:backup_task:186 - Error in backup task: name 'time' is not defined
2025-05-01 20:26:46 | ERROR    | __main__:backup_task:186 - Error in backup task: name 'time' is not defined
2025-05-01 20:26:46 | ERROR    | __main__:backup_task:186 - Error in backup task: name 'time' is not defined
2025-05-01 20:26:46 | ERROR    | __main__:backup_task:186 - Error in backup task: name 'time' is not defined
2025-05-01 20:26:46 | ERROR    | __main__:backup_task:186 - Error in backup task: name 'time' is not defined
2025-05-01 20:26:46 | ERROR    | __main__:backup_task:186 - Error in backup task: name 'time' is not defined
2025-05-01 20:26:46 | ERROR    | __main__:backup_task:186 - Error in backup task: name 'time' is not defined
2025-05-01 20:26:46 | ERROR    | __main__:backup_task:186 - Error in backup task: name 'time' is not defined
2025-05-01 20:26:46 | ERROR    | __main__:backup_task:186 - Error in backup task: name 'time' is not defined
2025-05-01 20:26:46 | ERROR    | __main__:backup_task:186 - Error in backup task: name 'time' is not defined
2025-05-01 20:26:46 | ERROR    | __main__:backup_task:186 - Error in backup task: name 'time' is not defined
2025-05-01 20:26:46 | ERROR    | __main__:backup_task:186 - Error in backup task: name 'time' is not defined
2025-05-01 20:26:46 | ERROR    | __main__:backup_task:186 - Error in backup task: name 'time' is not defined
2025-05-01 20:26:46 | ERROR    | __main__:backup_task:186 - Error in backup task: name 'time' is not defined
2025-05-01 20:26:46 | ERROR    | __main__:backup_task:186 - Error in backup task: name 'time' is not defined
2025-05-01 20:26:46 | ERROR    | __main__:backup_task:186 - Error in backup task: name 'time' is not defined
2025-05-01 20:26:46 | ERROR    | __main__:backup_task:186 - Error in backup task: name 'time' is not defined
2025-05-01 20:26:46 | ERROR    | __main__:backup_task:186 - Error in backup task: name 'time' is not defined
2025-05-01 20:26:46 | ERROR    | __main__:backup_task:186 - Error in backup task: name 'time' is not defined
2025-05-01 20:26:46 | ERROR    | __main__:backup_task:186 - Error in backup task: name 'time' is not defined
2025-05-01 20:26:46 | ERROR    | __main__:backup_task:186 - Error in backup task: name 'time' is not defined
2025-05-01 20:26:46 | ERROR    | __main__:backup_task:186 - Error in backup task: name 'time' is not defined
2025-05-01 20:26:46 | ERROR    | __main__:backup_task:186 - Error in backup task: name 'time' is not defined
2025-05-01 20:26:46 | ERROR    | __main__:backup_task:186 - Error in backup task: name 'time' is not defined
2025-05-01 20:26:46 | ERROR    | __main__:backup_task:186 - Error in backup task: name 'time' is not defined
2025-05-01 20:26:46 | ERROR    | __main__:backup_task:186 - Error in backup task: name 'time' is not defined
2025-05-01 20:26:46 | ERROR    | __main__:backup_task:186 - Error in backup task: name 'time' is not defined
2025-05-01 20:26:46 | ERROR    | __main__:backup_task:186 - Error in backup task: name 'time' is not defined
2025-05-01 20:26:46 | ERROR    | __main__:backup_task:186 - Error in backup task: name 'time' is not defined
2025-05-01 20:26:46 | ERROR    | __main__:backup_task:186 - Error in backup task: name 'time' is not defined
2025-05-01 20:26:46 | ERROR    | __main__:backup_task:186 - Error in backup task: name 'time' is not defined
2025-05-01 20:26:46 | ERROR    | __main__:backup_task:186 - Error in backup task: name 'time' is not defined
2025-05-01 20:26:46 | ERROR    | __main__:backup_task:186 - Error in backup task: name 'time' is not defined
2025-05-01 20:26:46 | ERROR    | __main__:backup_task:186 - Error in backup task: name 'time' is not defined
2025-05-01 20:26:46 | ERROR    | __main__:backup_task:186 - Error in backup task: name 'time' is not defined
2025-05-01 20:26:46 | ERROR    | __main__:backup_task:186 - Error in backup task: name 'time' is not defined
2025-05-01 20:26:46 | ERROR    | __main__:backup_task:186 - Error in backup task: name 'time' is not defined
2025-05-01 20:26:46 | ERROR    | __main__:backup_task:186 - Error in backup task: name 'time' is not defined
2025-05-01 20:26:46 | ERROR    | __main__:backup_task:186 - Error in backup task: name 'time' is not defined
2025-05-01 20:26:46 | ERROR    | __main__:backup_task:186 - Error in backup task: name 'time' is not defined
2025-05-01 20:26:46 | ERROR    | __main__:backup_task:186 - Error in backup task: name 'time' is not defined
2025-05-01 20:26:46 | ERROR    | __main__:backup_task:186 - Error in backup task: name 'time' is not defined
2025-05-01 20:26:46 | ERROR    | __main__:backup_task:186 - Error in backup task: name 'time' is not defined
2025-05-01 20:26:46 | ERROR    | __main__:backup_task:186 - Error in backup task: name 'time' is not defined
2025-05-01 20:26:46 | ERROR    | __main__:backup_task:186 - Error in backup task: name 'time' is not defined
2025-05-01 20:26:46 | ERROR    | __main__:backup_task:186 - Error in backup task: name 'time' is not defined
2025-05-01 20:26:46 | ERROR    | __main__:backup_task:186 - Error in backup task: name 'time' is not defined
2025-05-01 20:26:46 | ERROR    | __main__:backup_task:186 - Error in backup task: name 'time' is not defined
2025-05-01 20:26:46 | ERROR    | __main__:backup_task:186 - Error in backup task: name 'time' is not defined
2025-05-01 20:26:46 | ERROR    | __main__:backup_task:186 - Error in backup task: name 'time' is not defined
2025-05-01 20:26:46 | ERROR    | __main__:backup_task:186 - Error in backup task: name 'time' is not defined
2025-05-01 20:26:46 | ERROR    | __main__:backup_task:186 - Error in backup task: name 'time' is not defined
2025-05-01 20:26:46 | ERROR    | __main__:backup_task:186 - Error in backup task: name 'time' is not defined
2025-05-01 20:26:46 | ERROR    | __main__:backup_task:186 - Error in backup task: name 'time' is not defined
2025-05-01 20:26:46 | ERROR    | __main__:backup_task:186 - Error in backup task: name 'time' is not defined
2025-05-01 20:26:46 | ERROR    | __main__:backup_task:186 - Error in backup task: name 'time' is not defined
2025-05-01 20:26:46 | ERROR    | __main__:backup_task:186 - Error in backup task: name 'time' is not defined
2025-05-01 20:26:46 | ERROR    | __main__:backup_task:186 - Error in backup task: name 'time' is not defined
2025-05-01 20:26:46 | ERROR    | __main__:backup_task:186 - Error in backup task: name 'time' is not defined
2025-05-01 20:26:46 | ERROR    | __main__:backup_task:186 - Error in backup task: name 'time' is not defined
2025-05-01 20:26:46 | ERROR    | __main__:backup_task:186 - Error in backup task: name 'time' is not defined
2025-05-01 20:26:46 | ERROR    | __main__:backup_task:186 - Error in backup task: name 'time' is not defined
2025-05-01 20:26:46 | ERROR    | __main__:backup_task:186 - Error in backup task: name 'time' is not defined
2025-05-01 20:26:46 | ERROR    | __main__:backup_task:186 - Error in backup task: name 'time' is not defined
2025-05-01 20:26:46 | ERROR    | __main__:backup_task:186 - Error in backup task: name 'time' is not defined
2025-05-01 20:26:46 | ERROR    | __main__:backup_task:186 - Error in backup task: name 'time' is not defined
2025-05-01 20:26:46 | ERROR    | __main__:backup_task:186 - Error in backup task: name 'time' is not defined
2025-05-01 20:26:46 | ERROR    | __main__:backup_task:186 - Error in backup task: name 'time' is not defined
2025-05-01 20:26:46 | ERROR    | __main__:backup_task:186 - Error in backup task: name 'time' is not defined
2025-05-01 20:26:46 | ERROR    | __main__:backup_task:186 - Error in backup task: name 'time' is not defined
2025-05-01 20:26:46 | ERROR    | __main__:backup_task:186 - Error in backup task: name 'time' is not defined
2025-05-01 20:26:46 | ERROR    | __main__:backup_task:186 - Error in backup task: name 'time' is not defined
2025-05-01 20:26:46 | ERROR    | __main__:backup_task:186 - Error in backup task: name 'time' is not defined
2025-05-01 20:26:46 | ERROR    | __main__:backup_task:186 - Error in backup task: name 'time' is not defined
2025-05-01 20:26:46 | ERROR    | __main__:backup_task:186 - Error in backup task: name 'time' is not defined
2025-05-01 20:26:46 | ERROR    | __main__:backup_task:186 - Error in backup task: name 'time' is not defined
2025-05-01 20:26:46 | ERROR    | __main__:backup_task:186 - Error in backup task: name 'time' is not defined
2025-05-01 20:26:46 | ERROR    | __main__:backup_task:186 - Error in backup task: name 'time' is not defined
2025-05-01 20:26:46 | ERROR    | __main__:backup_task:186 - Error in backup task: name 'time' is not defined
2025-05-01 20:26:46 | ERROR    | __main__:backup_task:186 - Error in backup task: name 'time' is not defined
2025-05-01 20:26:46 | ERROR    | __main__:backup_task:186 - Error in backup task: name 'time' is not defined
2025-05-01 20:26:46 | ERROR    | __main__:backup_task:186 - Error in backup task: name 'time' is not defined
2025-05-01 20:26:46 | ERROR    | __main__:backup_task:186 - Error in backup task: name 'time' is not defined
2025-05-01 20:26:46 | ERROR    | __main__:backup_task:186 - Error in backup task: name 'time' is not defined
2025-05-01 20:26:46 | ERROR    | __main__:backup_task:186 - Error in backup task: name 'time' is not defined
2025-05-01 20:26:46 | ERROR    | __main__:backup_task:186 - Error in backup task: name 'time' is not defined
2025-05-01 20:26:46 | ERROR    | __main__:backup_task:186 - Error in backup task: name 'time' is not defined
2025-05-01 20:26:46 | ERROR    | __main__:backup_task:186 - Error in backup task: name 'time' is not defined
2025-05-01 20:26:46 | ERROR    | __main__:backup_task:186 - Error in backup task: name 'time' is not defined
2025-05-01 20:26:46 | ERROR    | __main__:backup_task:186 - Error in backup task: name 'time' is not defined
2025-05-01 20:26:46 | ERROR    | __main__:backup_task:186 - Error in backup task: name 'time' is not defined
2025-05-01 20:26:46 | ERROR    | __main__:backup_task:186 - Error in backup task: name 'time' is not defined
2025-05-01 20:26:46 | ERROR    | __main__:backup_task:186 - Error in backup task: name 'time' is not defined
2025-05-01 20:26:46 | ERROR    | __main__:backup_task:186 - Error in backup task: name 'time' is not defined
2025-05-01 20:26:46 | ERROR    | __main__:backup_task:186 - Error in backup task: name 'time' is not defined
2025-05-01 20:26:46 | ERROR    | __main__:backup_task:186 - Error in backup task: name 'time' is not defined
2025-05-01 20:26:46 | ERROR    | __main__:backup_task:186 - Error in backup task: name 'time' is not defined
2025-05-01 20:26:46 | ERROR    | __main__:backup_task:186 - Error in backup task: name 'time' is not defined
2025-05-01 20:26:46 | ERROR    | __main__:backup_task:186 - Error in backup task: name 'time' is not defined
2025-05-01 20:26:46 | ERROR    | __main__:backup_task:186 - Error in backup task: name 'time' is not defined
2025-05-01 20:26:46 | ERROR    | __main__:backup_task:186 - Error in backup task: name 'time' is not defined
2025-05-01 20:26:46 | ERROR    | __main__:backup_task:186 - Error in backup task: name 'time' is not defined
2025-05-01 20:26:46 | ERROR    | __main__:backup_task:186 - Error in backup task: name 'time' is not defined
2025-05-01 20:26:46 | ERROR    | __main__:backup_task:186 - Error in backup task: name 'time' is not defined
2025-05-01 20:26:46 | ERROR    | __main__:backup_task:186 - Error in backup task: name 'time' is not defined
2025-05-01 20:26:46 | ERROR    | __main__:backup_task:186 - Error in backup task: name 'time' is not defined
2025-05-01 20:26:46 | ERROR    | __main__:backup_task:186 - Error in backup task: name 'time' is not defined
2025-05-01 20:26:46 | ERROR    | __main__:backup_task:186 - Error in backup task: name 'time' is not defined
2025-05-01 20:26:46 | ERROR    | __main__:backup_task:186 - Error in backup task: name 'time' is not defined
2025-05-01 20:26:46 | ERROR    | __main__:backup_task:186 - Error in backup task: name 'time' is not defined
2025-05-01 20:26:46 | ERROR    | __main__:backup_task:186 - Error in backup task: name 'time' is not defined
2025-05-01 20:26:46 | ERROR    | __main__:backup_task:186 - Error in backup task: name 'time' is not defined
2025-05-01 20:26:46 | ERROR    | __main__:backup_task:186 - Error in backup task: name 'time' is not defined
2025-05-01 20:26:46 | ERROR    | __main__:backup_task:186 - Error in backup task: name 'time' is not defined
2025-05-01 20:26:46 | ERROR    | __main__:backup_task:186 - Error in backup task: name 'time' is not defined
2025-05-01 20:26:46 | ERROR    | __main__:backup_task:186 - Error in backup task: name 'time' is not defined
2025-05-01 20:26:46 | ERROR    | __main__:backup_task:186 - Error in backup task: name 'time' is not defined
2025-05-01 20:26:46 | ERROR    | __main__:backup_task:186 - Error in backup task: name 'time' is not defined
2025-05-01 20:26:46 | ERROR    | __main__:backup_task:186 - Error in backup task: name 'time' is not defined
2025-05-01 20:26:46 | ERROR    | __main__:backup_task:186 - Error in backup task: name 'time' is not defined
2025-05-01 20:26:46 | ERROR    | __main__:backup_task:186 - Error in backup task: name 'time' is not defined
2025-05-01 20:26:46 | ERROR    | __main__:backup_task:186 - Error in backup task: name 'time' is not defined
2025-05-01 20:26:46 | ERROR    | __main__:backup_task:186 - Error in backup task: name 'time' is not defined
2025-05-01 20:26:46 | ERROR    | __main__:backup_task:186 - Error in backup task: name 'time' is not defined
2025-05-01 20:26:46 | ERROR    | __main__:backup_task:186 - Error in backup task: name 'time' is not defined
2025-05-01 20:26:46 | ERROR    | __main__:backup_task:186 - Error in backup task: name 'time' is not defined
2025-05-01 20:26:46 | ERROR    | __main__:backup_task:186 - Error in backup task: name 'time' is not defined
2025-05-01 20:26:46 | ERROR    | __main__:backup_task:186 - Error in backup task: name 'time' is not defined
2025-05-01 20:26:46 | ERROR    | __main__:backup_task:186 - Error in backup task: name 'time' is not defined
2025-05-01 20:26:46 | ERROR    | __main__:backup_task:186 - Error in backup task: name 'time' is not defined
2025-05-01 20:26:46 | ERROR    | __main__:backup_task:186 - Error in backup task: name 'time' is not defined
2025-05-01 20:26:46 | ERROR    | __main__:backup_task:186 - Error in backup task: name 'time' is not defined
2025-05-01 20:26:46 | ERROR    | __main__:backup_task:186 - Error in backup task: name 'time' is not defined
2025-05-01 20:26:46 | ERROR    | __main__:backup_task:186 - Error in backup task: name 'time' is not defined
2025-05-01 20:26:46 | ERROR    | __main__:backup_task:186 - Error in backup task: name 'time' is not defined
2025-05-01 20:26:46 | ERROR    | __main__:backup_task:186 - Error in backup task: name 'time' is not defined
2025-05-01 20:26:46 | ERROR    | __main__:backup_task:186 - Error in backup task: name 'time' is not defined
2025-05-01 20:26:46 | ERROR    | __main__:backup_task:186 - Error in backup task: name 'time' is not defined
2025-05-01 20:26:46 | ERROR    | __main__:backup_task:186 - Error in backup task: name 'time' is not defined
2025-05-01 20:26:46 | ERROR    | __main__:backup_task:186 - Error in backup task: name 'time' is not defined
2025-05-01 20:26:46 | ERROR    | __main__:backup_task:186 - Error in backup task: name 'time' is not defined
2025-05-01 20:26:46 | ERROR    | __main__:backup_task:186 - Error in backup task: name 'time' is not defined
2025-05-01 20:26:46 | ERROR    | __main__:backup_task:186 - Error in backup task: name 'time' is not defined
2025-05-01 20:26:46 | ERROR    | __main__:backup_task:186 - Error in backup task: name 'time' is not defined
2025-05-01 20:26:46 | ERROR    | __main__:backup_task:186 - Error in backup task: name 'time' is not defined
2025-05-01 20:26:46 | ERROR    | __main__:backup_task:186 - Error in backup task: name 'time' is not defined
2025-05-01 20:26:46 | ERROR    | __main__:backup_task:186 - Error in backup task: name 'time' is not defined
2025-05-01 20:26:46 | ERROR    | __main__:backup_task:186 - Error in backup task: name 'time' is not defined
2025-05-01 20:26:46 | ERROR    | __main__:backup_task:186 - Error in backup task: name 'time' is not defined
2025-05-01 20:26:46 | ERROR    | __main__:backup_task:186 - Error in backup task: name 'time' is not defined
2025-05-01 20:26:46 | ERROR    | __main__:backup_task:186 - Error in backup task: name 'time' is not defined
2025-05-01 20:26:46 | ERROR    | __main__:backup_task:186 - Error in backup task: name 'time' is not defined
2025-05-01 20:26:46 | ERROR    | __main__:backup_task:186 - Error in backup task: name 'time' is not defined
2025-05-01 20:26:46 | ERROR    | __main__:backup_task:186 - Error in backup task: name 'time' is not defined
2025-05-01 20:26:46 | ERROR    | __main__:backup_task:186 - Error in backup task: name 'time' is not defined
2025-05-01 20:26:46 | ERROR    | __main__:backup_task:186 - Error in backup task: name 'time' is not defined
2025-05-01 20:26:46 | ERROR    | __main__:backup_task:186 - Error in backup task: name 'time' is not defined
2025-05-01 20:26:46 | ERROR    | __main__:backup_task:186 - Error in backup task: name 'time' is not defined
2025-05-01 20:26:46 | ERROR    | __main__:backup_task:186 - Error in backup task: name 'time' is not defined
2025-05-01 20:26:46 | ERROR    | __main__:backup_task:186 - Error in backup task: name 'time' is not defined
2025-05-01 20:26:46 | ERROR    | __main__:backup_task:186 - Error in backup task: name 'time' is not defined
2025-05-01 20:26:46 | ERROR    | __main__:backup_task:186 - Error in backup task: name 'time' is not defined
2025-05-01 20:26:46 | ERROR    | __main__:backup_task:186 - Error in backup task: name 'time' is not defined
2025-05-01 20:26:46 | ERROR    | __main__:backup_task:186 - Error in backup task: name 'time' is not defined
2025-05-01 20:26:46 | ERROR    | __main__:backup_task:186 - Error in backup task: name 'time' is not defined
2025-05-01 20:26:46 | ERROR    | __main__:backup_task:186 - Error in backup task: name 'time' is not defined
2025-05-01 20:26:46 | ERROR    | __main__:backup_task:186 - Error in backup task: name 'time' is not defined
2025-05-01 20:26:46 | ERROR    | __main__:backup_task:186 - Error in backup task: name 'time' is not defined
2025-05-01 20:26:46 | ERROR    | __main__:backup_task:186 - Error in backup task: name 'time' is not defined
2025-05-01 20:26:46 | ERROR    | __main__:backup_task:186 - Error in backup task: name 'time' is not defined
2025-05-01 20:26:46 | ERROR    | __main__:backup_task:186 - Error in backup task: name 'time' is not defined
2025-05-01 20:26:46 | ERROR    | __main__:backup_task:186 - Error in backup task: name 'time' is not defined
2025-05-01 20:26:46 | ERROR    | __main__:backup_task:186 - Error in backup task: name 'time' is not defined
2025-05-01 20:26:46 | ERROR    | __main__:backup_task:186 - Error in backup task: name 'time' is not defined
2025-05-01 20:26:46 | ERROR    | __main__:backup_task:186 - Error in backup task: name 'time' is not defined
2025-05-01 20:26:46 | ERROR    | __main__:backup_task:186 - Error in backup task: name 'time' is not defined
2025-05-01 20:26:46 | ERROR    | __main__:backup_task:186 - Error in backup task: name 'time' is not defined
2025-05-01 20:26:46 | ERROR    | __main__:backup_task:186 - Error in backup task: name 'time' is not defined
2025-05-01 20:26:46 | ERROR    | __main__:backup_task:186 - Error in backup task: name 'time' is not defined
2025-05-01 20:26:46 | ERROR    | __main__:backup_task:186 - Error in backup task: name 'time' is not defined
2025-05-01 20:26:46 | ERROR    | __main__:backup_task:186 - Error in backup task: name 'time' is not defined
2025-05-01 20:26:46 | ERROR    | __main__:backup_task:186 - Error in backup task: name 'time' is not defined
2025-05-01 20:26:46 | ERROR    | __main__:backup_task:186 - Error in backup task: name 'time' is not defined
2025-05-01 20:26:46 | ERROR    | __main__:backup_task:186 - Error in backup task: name 'time' is not defined
2025-05-01 20:26:46 | ERROR    | __main__:backup_task:186 - Error in backup task: name 'time' is not defined
2025-05-01 20:26:46 | ERROR    | __main__:backup_task:186 - Error in backup task: name 'time' is not defined
2025-05-01 20:26:46 | ERROR    | __main__:backup_task:186 - Error in backup task: name 'time' is not defined
2025-05-01 20:26:46 | ERROR    | __main__:backup_task:186 - Error in backup task: name 'time' is not defined
2025-05-01 20:26:46 | ERROR    | __main__:backup_task:186 - Error in backup task: name 'time' is not defined
2025-05-01 20:26:46 | ERROR    | __main__:backup_task:186 - Error in backup task: name 'time' is not defined
2025-05-01 20:26:46 | ERROR    | __main__:backup_task:186 - Error in backup task: name 'time' is not defined
2025-05-01 20:26:46 | ERROR    | __main__:backup_task:186 - Error in backup task: name 'time' is not defined
2025-05-01 20:26:46 | ERROR    | __main__:backup_task:186 - Error in backup task: name 'time' is not defined
2025-05-01 20:26:46 | ERROR    | __main__:backup_task:186 - Error in backup task: name 'time' is not defined
2025-05-01 20:26:46 | ERROR    | __main__:backup_task:186 - Error in backup task: name 'time' is not defined
2025-05-01 20:26:46 | ERROR    | __main__:backup_task:186 - Error in backup task: name 'time' is not defined
2025-05-01 20:26:46 | ERROR    | __main__:backup_task:186 - Error in backup task: name 'time' is not defined
2025-05-01 20:26:46 | ERROR    | __main__:backup_task:186 - Error in backup task: name 'time' is not defined
2025-05-01 20:26:46 | ERROR    | __main__:backup_task:186 - Error in backup task: name 'time' is not defined
2025-05-01 20:26:46 | ERROR    | __main__:backup_task:186 - Error in backup task: name 'time' is not defined
2025-05-01 20:26:46 | ERROR    | __main__:backup_task:186 - Error in backup task: name 'time' is not defined
2025-05-01 20:26:46 | ERROR    | __main__:backup_task:186 - Error in backup task: name 'time' is not defined
2025-05-01 20:26:46 | ERROR    | __main__:backup_task:186 - Error in backup task: name 'time' is not defined
2025-05-01 20:26:46 | ERROR    | __main__:backup_task:186 - Error in backup task: name 'time' is not defined
2025-05-01 20:26:46 | ERROR    | __main__:backup_task:186 - Error in backup task: name 'time' is not defined
2025-05-01 20:26:46 | ERROR    | __main__:backup_task:186 - Error in backup task: name 'time' is not defined
2025-05-01 20:26:46 | ERROR    | __main__:backup_task:186 - Error in backup task: name 'time' is not defined
2025-05-01 20:26:46 | ERROR    | __main__:backup_task:186 - Error in backup task: name 'time' is not defined
2025-05-01 20:26:46 | ERROR    | __main__:backup_task:186 - Error in backup task: name 'time' is not defined
2025-05-01 20:26:46 | ERROR    | __main__:backup_task:186 - Error in backup task: name 'time' is not defined
2025-05-01 20:26:46 | ERROR    | __main__:backup_task:186 - Error in backup task: name 'time' is not defined
2025-05-01 20:26:46 | ERROR    | __main__:backup_task:186 - Error in backup task: name 'time' is not defined
2025-05-01 20:26:46 | ERROR    | __main__:backup_task:186 - Error in backup task: name 'time' is not defined
2025-05-01 20:26:46 | ERROR    | __main__:backup_task:186 - Error in backup task: name 'time' is not defined
2025-05-01 20:26:46 | ERROR    | __main__:backup_task:186 - Error in backup task: name 'time' is not defined
2025-05-01 20:26:46 | ERROR    | __main__:backup_task:186 - Error in backup task: name 'time' is not defined
2025-05-01 20:26:46 | ERROR    | __main__:backup_task:186 - Error in backup task: name 'time' is not defined
2025-05-01 20:26:46 | ERROR    | __main__:backup_task:186 - Error in backup task: name 'time' is not defined
2025-05-01 20:26:46 | ERROR    | __main__:backup_task:186 - Error in backup task: name 'time' is not defined
2025-05-01 20:26:46 | ERROR    | __main__:backup_task:186 - Error in backup task: name 'time' is not defined
2025-05-01 20:26:46 | ERROR    | __main__:backup_task:186 - Error in backup task: name 'time' is not defined
2025-05-01 20:26:46 | ERROR    | __main__:backup_task:186 - Error in backup task: name 'time' is not defined
2025-05-01 20:26:46 | ERROR    | __main__:backup_task:186 - Error in backup task: name 'time' is not defined
2025-05-01 20:26:46 | ERROR    | __main__:backup_task:186 - Error in backup task: name 'time' is not defined
2025-05-01 20:26:46 | ERROR    | __main__:backup_task:186 - Error in backup task: name 'time' is not defined
2025-05-01 20:26:46 | ERROR    | __main__:backup_task:186 - Error in backup task: name 'time' is not defined
2025-05-01 20:26:46 | ERROR    | __main__:backup_task:186 - Error in backup task: name 'time' is not defined
2025-05-01 20:26:46 | ERROR    | __main__:backup_task:186 - Error in backup task: name 'time' is not defined
2025-05-01 20:26:46 | ERROR    | __main__:backup_task:186 - Error in backup task: name 'time' is not defined
2025-05-01 20:26:46 | ERROR    | __main__:backup_task:186 - Error in backup task: name 'time' is not defined
2025-05-01 20:26:46 | ERROR    | __main__:backup_task:186 - Error in backup task: name 'time' is not defined
2025-05-01 20:26:46 | ERROR    | __main__:backup_task:186 - Error in backup task: name 'time' is not defined
2025-05-01 20:26:46 | ERROR    | __main__:backup_task:186 - Error in backup task: name 'time' is not defined
2025-05-01 20:26:46 | ERROR    | __main__:backup_task:186 - Error in backup task: name 'time' is not defined
2025-05-01 20:26:46 | ERROR    | __main__:backup_task:186 - Error in backup task: name 'time' is not defined
2025-05-01 20:26:46 | ERROR    | __main__:backup_task:186 - Error in backup task: name 'time' is not defined
2025-05-01 20:26:46 | ERROR    | __main__:backup_task:186 - Error in backup task: name 'time' is not defined
2025-05-01 20:26:46 | ERROR    | __main__:backup_task:186 - Error in backup task: name 'time' is not defined
2025-05-01 20:26:46 | ERROR    | __main__:backup_task:186 - Error in backup task: name 'time' is not defined
2025-05-01 20:26:46 | ERROR    | __main__:backup_task:186 - Error in backup task: name 'time' is not defined
2025-05-01 20:26:46 | ERROR    | __main__:backup_task:186 - Error in backup task: name 'time' is not defined
2025-05-01 20:26:46 | ERROR    | __main__:backup_task:186 - Error in backup task: name 'time' is not defined
2025-05-01 20:26:46 | ERROR    | __main__:backup_task:186 - Error in backup task: name 'time' is not defined
2025-05-01 20:26:46 | ERROR    | __main__:backup_task:186 - Error in backup task: name 'time' is not defined
2025-05-01 20:26:46 | ERROR    | __main__:backup_task:186 - Error in backup task: name 'time' is not defined
2025-05-01 20:26:46 | ERROR    | __main__:backup_task:186 - Error in backup task: name 'time' is not defined
2025-05-01 20:26:46 | ERROR    | __main__:backup_task:186 - Error in backup task: name 'time' is not defined
2025-05-01 20:26:46 | ERROR    | __main__:backup_task:186 - Error in backup task: name 'time' is not defined
2025-05-01 20:26:46 | ERROR    | __main__:backup_task:186 - Error in backup task: name 'time' is not defined
2025-05-01 20:26:46 | ERROR    | __main__:backup_task:186 - Error in backup task: name 'time' is not defined
2025-05-01 20:26:46 | ERROR    | __main__:backup_task:186 - Error in backup task: name 'time' is not defined
2025-05-01 20:26:46 | ERROR    | __main__:backup_task:186 - Error in backup task: name 'time' is not defined
2025-05-01 20:26:46 | ERROR    | __main__:backup_task:186 - Error in backup task: name 'time' is not defined
2025-05-01 20:26:46 | ERROR    | __main__:backup_task:186 - Error in backup task: name 'time' is not defined
2025-05-01 20:26:46 | ERROR    | __main__:backup_task:186 - Error in backup task: name 'time' is not defined
2025-05-01 20:26:46 | ERROR    | __main__:backup_task:186 - Error in backup task: name 'time' is not defined
2025-05-01 20:26:46 | ERROR    | __main__:backup_task:186 - Error in backup task: name 'time' is not defined
2025-05-01 20:26:46 | ERROR    | __main__:backup_task:186 - Error in backup task: name 'time' is not defined
2025-05-01 20:26:46 | ERROR    | __main__:backup_task:186 - Error in backup task: name 'time' is not defined
2025-05-01 20:26:46 | ERROR    | __main__:backup_task:186 - Error in backup task: name 'time' is not defined
2025-05-01 20:26:46 | ERROR    | __main__:backup_task:186 - Error in backup task: name 'time' is not defined
2025-05-01 20:26:46 | ERROR    | __main__:backup_task:186 - Error in backup task: name 'time' is not defined
2025-05-01 20:26:46 | ERROR    | __main__:backup_task:186 - Error in backup task: name 'time' is not defined
2025-05-01 20:26:46 | ERROR    | __main__:backup_task:186 - Error in backup task: name 'time' is not defined
2025-05-01 20:26:46 | ERROR    | __main__:backup_task:186 - Error in backup task: name 'time' is not defined
2025-05-01 20:26:46 | ERROR    | __main__:backup_task:186 - Error in backup task: name 'time' is not defined
2025-05-01 20:26:46 | ERROR    | __main__:backup_task:186 - Error in backup task: name 'time' is not defined
2025-05-01 20:26:46 | ERROR    | __main__:backup_task:186 - Error in backup task: name 'time' is not defined
2025-05-01 20:26:46 | ERROR    | __main__:backup_task:186 - Error in backup task: name 'time' is not defined
2025-05-01 20:26:46 | ERROR    | __main__:backup_task:186 - Error in backup task: name 'time' is not defined
2025-05-01 20:26:46 | ERROR    | __main__:backup_task:186 - Error in backup task: name 'time' is not defined
2025-05-01 20:26:46 | ERROR    | __main__:backup_task:186 - Error in backup task: name 'time' is not defined
2025-05-01 20:26:46 | ERROR    | __main__:backup_task:186 - Error in backup task: name 'time' is not defined
2025-05-01 20:26:46 | ERROR    | __main__:backup_task:186 - Error in backup task: name 'time' is not defined
2025-05-01 20:26:46 | ERROR    | __main__:backup_task:186 - Error in backup task: name 'time' is not defined
2025-05-01 20:26:46 | ERROR    | __main__:backup_task:186 - Error in backup task: name 'time' is not defined
2025-05-01 20:26:46 | ERROR    | __main__:backup_task:186 - Error in backup task: name 'time' is not defined
2025-05-01 20:26:46 | ERROR    | __main__:backup_task:186 - Error in backup task: name 'time' is not defined
2025-05-01 20:26:46 | ERROR    | __main__:backup_task:186 - Error in backup task: name 'time' is not defined
2025-05-01 20:26:46 | ERROR    | __main__:backup_task:186 - Error in backup task: name 'time' is not defined
2025-05-01 20:26:46 | ERROR    | __main__:backup_task:186 - Error in backup task: name 'time' is not defined
2025-05-01 20:26:46 | ERROR    | __main__:backup_task:186 - Error in backup task: name 'time' is not defined
2025-05-01 20:26:46 | ERROR    | __main__:backup_task:186 - Error in backup task: name 'time' is not defined
2025-05-01 20:26:46 | ERROR    | __main__:backup_task:186 - Error in backup task: name 'time' is not defined
2025-05-01 20:26:46 | ERROR    | __main__:backup_task:186 - Error in backup task: name 'time' is not defined
2025-05-01 20:26:46 | ERROR    | __main__:backup_task:186 - Error in backup task: name 'time' is not defined
2025-05-01 20:26:46 | ERROR    | __main__:backup_task:186 - Error in backup task: name 'time' is not defined
2025-05-01 20:26:46 | ERROR    | __main__:backup_task:186 - Error in backup task: name 'time' is not defined
2025-05-01 20:26:46 | ERROR    | __main__:backup_task:186 - Error in backup task: name 'time' is not defined
2025-05-01 20:26:46 | ERROR    | __main__:backup_task:186 - Error in backup task: name 'time' is not defined
2025-05-01 20:26:46 | ERROR    | __main__:backup_task:186 - Error in backup task: name 'time' is not defined
2025-05-01 20:26:46 | ERROR    | __main__:backup_task:186 - Error in backup task: name 'time' is not defined
2025-05-01 20:26:46 | ERROR    | __main__:backup_task:186 - Error in backup task: name 'time' is not defined
2025-05-01 20:26:46 | ERROR    | __main__:backup_task:186 - Error in backup task: name 'time' is not defined
2025-05-01 20:26:46 | ERROR    | __main__:backup_task:186 - Error in backup task: name 'time' is not defined
2025-05-01 20:26:46 | ERROR    | __main__:backup_task:186 - Error in backup task: name 'time' is not defined
2025-05-01 20:26:46 | ERROR    | __main__:backup_task:186 - Error in backup task: name 'time' is not defined
2025-05-01 20:26:46 | ERROR    | __main__:backup_task:186 - Error in backup task: name 'time' is not defined
2025-05-01 20:26:46 | ERROR    | __main__:backup_task:186 - Error in backup task: name 'time' is not defined
2025-05-01 20:26:46 | ERROR    | __main__:backup_task:186 - Error in backup task: name 'time' is not defined
2025-05-01 20:26:46 | ERROR    | __main__:backup_task:186 - Error in backup task: name 'time' is not defined
2025-05-01 20:26:46 | ERROR    | __main__:backup_task:186 - Error in backup task: name 'time' is not defined
2025-05-01 20:26:46 | ERROR    | __main__:backup_task:186 - Error in backup task: name 'time' is not defined
2025-05-01 20:26:46 | ERROR    | __main__:backup_task:186 - Error in backup task: name 'time' is not defined
2025-05-01 20:26:46 | ERROR    | __main__:backup_task:186 - Error in backup task: name 'time' is not defined
2025-05-01 20:26:46 | ERROR    | __main__:backup_task:186 - Error in backup task: name 'time' is not defined
2025-05-01 20:26:46 | ERROR    | __main__:backup_task:186 - Error in backup task: name 'time' is not defined
2025-05-01 20:26:46 | ERROR    | __main__:backup_task:186 - Error in backup task: name 'time' is not defined
2025-05-01 20:26:46 | ERROR    | __main__:backup_task:186 - Error in backup task: name 'time' is not defined
2025-05-01 20:26:46 | ERROR    | __main__:backup_task:186 - Error in backup task: name 'time' is not defined
2025-05-01 20:26:46 | ERROR    | __main__:backup_task:186 - Error in backup task: name 'time' is not defined
2025-05-01 20:26:46 | ERROR    | __main__:backup_task:186 - Error in backup task: name 'time' is not defined
2025-05-01 20:26:46 | ERROR    | __main__:backup_task:186 - Error in backup task: name 'time' is not defined
2025-05-01 20:26:46 | ERROR    | __main__:backup_task:186 - Error in backup task: name 'time' is not defined
2025-05-01 20:26:46 | ERROR    | __main__:backup_task:186 - Error in backup task: name 'time' is not defined
2025-05-01 20:26:46 | ERROR    | __main__:backup_task:186 - Error in backup task: name 'time' is not defined
2025-05-01 20:26:46 | ERROR    | __main__:backup_task:186 - Error in backup task: name 'time' is not defined
2025-05-01 20:26:46 | ERROR    | __main__:backup_task:186 - Error in backup task: name 'time' is not defined
2025-05-01 20:26:46 | ERROR    | __main__:backup_task:186 - Error in backup task: name 'time' is not defined
2025-05-01 20:26:46 | ERROR    | __main__:backup_task:186 - Error in backup task: name 'time' is not defined
2025-05-01 20:26:46 | ERROR    | __main__:backup_task:186 - Error in backup task: name 'time' is not defined
2025-05-01 20:26:46 | ERROR    | __main__:backup_task:186 - Error in backup task: name 'time' is not defined
2025-05-01 20:26:46 | ERROR    | __main__:backup_task:186 - Error in backup task: name 'time' is not defined
2025-05-01 20:26:46 | ERROR    | __main__:backup_task:186 - Error in backup task: name 'time' is not defined
2025-05-01 20:26:46 | ERROR    | __main__:backup_task:186 - Error in backup task: name 'time' is not defined
2025-05-01 20:26:46 | ERROR    | __main__:backup_task:186 - Error in backup task: name 'time' is not defined
2025-05-01 20:26:46 | ERROR    | __main__:backup_task:186 - Error in backup task: name 'time' is not defined
2025-05-01 20:26:46 | ERROR    | __main__:backup_task:186 - Error in backup task: name 'time' is not defined
2025-05-01 20:26:46 | ERROR    | __main__:backup_task:186 - Error in backup task: name 'time' is not defined
2025-05-01 20:26:46 | ERROR    | __main__:backup_task:186 - Error in backup task: name 'time' is not defined
2025-05-01 20:26:46 | ERROR    | __main__:backup_task:186 - Error in backup task: name 'time' is not defined
2025-05-01 20:26:46 | ERROR    | __main__:backup_task:186 - Error in backup task: name 'time' is not defined
2025-05-01 20:26:46 | ERROR    | __main__:backup_task:186 - Error in backup task: name 'time' is not defined
2025-05-01 20:26:46 | ERROR    | __main__:backup_task:186 - Error in backup task: name 'time' is not defined
2025-05-01 20:26:46 | ERROR    | __main__:backup_task:186 - Error in backup task: name 'time' is not defined
2025-05-01 20:26:46 | ERROR    | __main__:backup_task:186 - Error in backup task: name 'time' is not defined
2025-05-01 20:26:46 | ERROR    | __main__:backup_task:186 - Error in backup task: name 'time' is not defined
2025-05-01 20:26:46 | ERROR    | __main__:backup_task:186 - Error in backup task: name 'time' is not defined
2025-05-01 20:26:46 | ERROR    | __main__:backup_task:186 - Error in backup task: name 'time' is not defined
2025-05-01 20:26:46 | ERROR    | __main__:backup_task:186 - Error in backup task: name 'time' is not defined
2025-05-01 20:26:46 | ERROR    | __main__:backup_task:186 - Error in backup task: name 'time' is not defined
2025-05-01 20:26:46 | ERROR    | __main__:backup_task:186 - Error in backup task: name 'time' is not defined
2025-05-01 20:26:46 | ERROR    | __main__:backup_task:186 - Error in backup task: name 'time' is not defined
2025-05-01 20:26:46 | ERROR    | __main__:backup_task:186 - Error in backup task: name 'time' is not defined
2025-05-01 20:26:46 | ERROR    | __main__:backup_task:186 - Error in backup task: name 'time' is not defined
2025-05-01 20:26:46 | ERROR    | __main__:backup_task:186 - Error in backup task: name 'time' is not defined
2025-05-01 20:26:46 | ERROR    | __main__:backup_task:186 - Error in backup task: name 'time' is not defined
2025-05-01 20:26:46 | ERROR    | __main__:backup_task:186 - Error in backup task: name 'time' is not defined
2025-05-01 20:26:46 | ERROR    | __main__:backup_task:186 - Error in backup task: name 'time' is not defined
2025-05-01 20:26:46 | ERROR    | __main__:backup_task:186 - Error in backup task: name 'time' is not defined
2025-05-01 20:26:46 | ERROR    | __main__:backup_task:186 - Error in backup task: name 'time' is not defined
2025-05-01 20:26:46 | ERROR    | __main__:backup_task:186 - Error in backup task: name 'time' is not defined
2025-05-01 20:26:46 | ERROR    | __main__:backup_task:186 - Error in backup task: name 'time' is not defined
2025-05-01 20:26:46 | ERROR    | __main__:backup_task:186 - Error in backup task: name 'time' is not defined
2025-05-01 20:26:46 | ERROR    | __main__:backup_task:186 - Error in backup task: name 'time' is not defined
2025-05-01 20:26:46 | ERROR    | __main__:backup_task:186 - Error in backup task: name 'time' is not defined
2025-05-01 20:26:46 | ERROR    | __main__:backup_task:186 - Error in backup task: name 'time' is not defined
2025-05-01 20:26:46 | ERROR    | __main__:backup_task:186 - Error in backup task: name 'time' is not defined
2025-05-01 20:26:46 | ERROR    | __main__:backup_task:186 - Error in backup task: name 'time' is not defined
2025-05-01 20:26:46 | ERROR    | __main__:backup_task:186 - Error in backup task: name 'time' is not defined
2025-05-01 20:26:46 | ERROR    | __main__:backup_task:186 - Error in backup task: name 'time' is not defined
2025-05-01 20:26:46 | ERROR    | __main__:backup_task:186 - Error in backup task: name 'time' is not defined
2025-05-01 20:26:46 | ERROR    | __main__:backup_task:186 - Error in backup task: name 'time' is not defined
2025-05-01 20:26:46 | ERROR    | __main__:backup_task:186 - Error in backup task: name 'time' is not defined
2025-05-01 20:26:46 | ERROR    | __main__:backup_task:186 - Error in backup task: name 'time' is not defined
2025-05-01 20:26:46 | ERROR    | __main__:backup_task:186 - Error in backup task: name 'time' is not defined
2025-05-01 20:26:46 | ERROR    | __main__:backup_task:186 - Error in backup task: name 'time' is not defined
2025-05-01 20:26:46 | ERROR    | __main__:backup_task:186 - Error in backup task: name 'time' is not defined
2025-05-01 20:26:46 | ERROR    | __main__:backup_task:186 - Error in backup task: name 'time' is not defined
2025-05-01 20:26:46 | ERROR    | __main__:backup_task:186 - Error in backup task: name 'time' is not defined
2025-05-01 20:26:46 | ERROR    | __main__:backup_task:186 - Error in backup task: name 'time' is not defined
2025-05-01 20:26:46 | ERROR    | __main__:backup_task:186 - Error in backup task: name 'time' is not defined
2025-05-01 20:26:46 | ERROR    | __main__:backup_task:186 - Error in backup task: name 'time' is not defined
2025-05-01 20:26:46 | ERROR    | __main__:backup_task:186 - Error in backup task: name 'time' is not defined
2025-05-01 20:26:46 | ERROR    | __main__:backup_task:186 - Error in backup task: name 'time' is not defined
2025-05-01 20:26:46 | ERROR    | __main__:backup_task:186 - Error in backup task: name 'time' is not defined
2025-05-01 20:26:46 | ERROR    | __main__:backup_task:186 - Error in backup task: name 'time' is not defined
2025-05-01 20:26:46 | ERROR    | __main__:backup_task:186 - Error in backup task: name 'time' is not defined
2025-05-01 20:26:46 | ERROR    | __main__:backup_task:186 - Error in backup task: name 'time' is not defined
2025-05-01 20:26:46 | ERROR    | __main__:backup_task:186 - Error in backup task: name 'time' is not defined
2025-05-01 20:26:46 | ERROR    | __main__:backup_task:186 - Error in backup task: name 'time' is not defined
2025-05-01 20:26:46 | ERROR    | __main__:backup_task:186 - Error in backup task: name 'time' is not defined
2025-05-01 20:26:46 | ERROR    | __main__:backup_task:186 - Error in backup task: name 'time' is not defined
2025-05-01 20:26:46 | ERROR    | __main__:backup_task:186 - Error in backup task: name 'time' is not defined
2025-05-01 20:26:46 | ERROR    | __main__:backup_task:186 - Error in backup task: name 'time' is not defined
2025-05-01 20:26:46 | ERROR    | __main__:backup_task:186 - Error in backup task: name 'time' is not defined
2025-05-01 20:26:46 | ERROR    | __main__:backup_task:186 - Error in backup task: name 'time' is not defined
2025-05-01 20:26:46 | ERROR    | __main__:backup_task:186 - Error in backup task: name 'time' is not defined
2025-05-01 20:26:46 | ERROR    | __main__:backup_task:186 - Error in backup task: name 'time' is not defined
2025-05-01 20:26:46 | ERROR    | __main__:backup_task:186 - Error in backup task: name 'time' is not defined
2025-05-01 20:26:46 | ERROR    | __main__:backup_task:186 - Error in backup task: name 'time' is not defined
2025-05-01 20:26:46 | ERROR    | __main__:backup_task:186 - Error in backup task: name 'time' is not defined
2025-05-01 20:26:46 | ERROR    | __main__:backup_task:186 - Error in backup task: name 'time' is not defined
2025-05-01 20:26:46 | ERROR    | __main__:backup_task:186 - Error in backup task: name 'time' is not defined
2025-05-01 20:26:46 | ERROR    | __main__:backup_task:186 - Error in backup task: name 'time' is not defined
2025-05-01 20:26:46 | ERROR    | __main__:backup_task:186 - Error in backup task: name 'time' is not defined
2025-05-01 20:26:46 | ERROR    | __main__:backup_task:186 - Error in backup task: name 'time' is not defined
2025-05-01 20:26:46 | ERROR    | __main__:backup_task:186 - Error in backup task: name 'time' is not defined
2025-05-01 20:26:46 | ERROR    | __main__:backup_task:186 - Error in backup task: name 'time' is not defined
2025-05-01 20:26:46 | ERROR    | __main__:backup_task:186 - Error in backup task: name 'time' is not defined
2025-05-01 20:26:46 | ERROR    | __main__:backup_task:186 - Error in backup task: name 'time' is not defined
2025-05-01 20:26:46 | ERROR    | __main__:backup_task:186 - Error in backup task: name 'time' is not defined
2025-05-01 20:26:46 | ERROR    | __main__:backup_task:186 - Error in backup task: name 'time' is not defined
2025-05-01 20:26:46 | ERROR    | __main__:backup_task:186 - Error in backup task: name 'time' is not defined
2025-05-01 20:26:46 | ERROR    | __main__:backup_task:186 - Error in backup task: name 'time' is not defined
2025-05-01 20:26:46 | ERROR    | __main__:backup_task:186 - Error in backup task: name 'time' is not defined
2025-05-01 20:26:46 | ERROR    | __main__:backup_task:186 - Error in backup task: name 'time' is not defined
2025-05-01 20:26:46 | ERROR    | __main__:backup_task:186 - Error in backup task: name 'time' is not defined
2025-05-01 20:26:46 | ERROR    | __main__:backup_task:186 - Error in backup task: name 'time' is not defined
2025-05-01 20:26:46 | ERROR    | __main__:backup_task:186 - Error in backup task: name 'time' is not defined
2025-05-01 20:26:46 | ERROR    | __main__:backup_task:186 - Error in backup task: name 'time' is not defined
2025-05-01 20:26:46 | ERROR    | __main__:backup_task:186 - Error in backup task: name 'time' is not defined
2025-05-01 20:26:46 | ERROR    | __main__:backup_task:186 - Error in backup task: name 'time' is not defined
2025-05-01 20:26:46 | ERROR    | __main__:backup_task:186 - Error in backup task: name 'time' is not defined
2025-05-01 20:26:46 | ERROR    | __main__:backup_task:186 - Error in backup task: name 'time' is not defined
2025-05-01 20:26:46 | ERROR    | __main__:backup_task:186 - Error in backup task: name 'time' is not defined
2025-05-01 20:26:46 | ERROR    | __main__:backup_task:186 - Error in backup task: name 'time' is not defined
2025-05-01 20:26:46 | ERROR    | __main__:backup_task:186 - Error in backup task: name 'time' is not defined
2025-05-01 20:26:46 | ERROR    | __main__:backup_task:186 - Error in backup task: name 'time' is not defined
2025-05-01 20:26:46 | ERROR    | __main__:backup_task:186 - Error in backup task: name 'time' is not defined
2025-05-01 20:26:46 | ERROR    | __main__:backup_task:186 - Error in backup task: name 'time' is not defined
2025-05-01 20:26:46 | ERROR    | __main__:backup_task:186 - Error in backup task: name 'time' is not defined
2025-05-01 20:26:46 | ERROR    | __main__:backup_task:186 - Error in backup task: name 'time' is not defined
2025-05-01 20:26:46 | ERROR    | __main__:backup_task:186 - Error in backup task: name 'time' is not defined
2025-05-01 20:26:46 | ERROR    | __main__:backup_task:186 - Error in backup task: name 'time' is not defined
2025-05-01 20:26:46 | ERROR    | __main__:backup_task:186 - Error in backup task: name 'time' is not defined
2025-05-01 20:26:46 | ERROR    | __main__:backup_task:186 - Error in backup task: name 'time' is not defined
2025-05-01 20:26:46 | ERROR    | __main__:backup_task:186 - Error in backup task: name 'time' is not defined
2025-05-01 20:26:46 | ERROR    | __main__:backup_task:186 - Error in backup task: name 'time' is not defined
2025-05-01 20:26:46 | ERROR    | __main__:backup_task:186 - Error in backup task: name 'time' is not defined
2025-05-01 20:26:46 | ERROR    | __main__:backup_task:186 - Error in backup task: name 'time' is not defined
2025-05-01 20:26:46 | ERROR    | __main__:backup_task:186 - Error in backup task: name 'time' is not defined
2025-05-01 20:26:46 | ERROR    | __main__:backup_task:186 - Error in backup task: name 'time' is not defined
2025-05-01 20:26:46 | ERROR    | __main__:backup_task:186 - Error in backup task: name 'time' is not defined
2025-05-01 20:26:46 | ERROR    | __main__:backup_task:186 - Error in backup task: name 'time' is not defined
2025-05-01 20:26:46 | ERROR    | __main__:backup_task:186 - Error in backup task: name 'time' is not defined
2025-05-01 20:26:46 | ERROR    | __main__:backup_task:186 - Error in backup task: name 'time' is not defined
2025-05-01 20:26:46 | ERROR    | __main__:backup_task:186 - Error in backup task: name 'time' is not defined
2025-05-01 20:26:46 | ERROR    | __main__:backup_task:186 - Error in backup task: name 'time' is not defined
2025-05-01 20:26:46 | ERROR    | __main__:backup_task:186 - Error in backup task: name 'time' is not defined
2025-05-01 20:26:46 | ERROR    | __main__:backup_task:186 - Error in backup task: name 'time' is not defined
2025-05-01 20:26:46 | ERROR    | __main__:backup_task:186 - Error in backup task: name 'time' is not defined
2025-05-01 20:26:46 | ERROR    | __main__:backup_task:186 - Error in backup task: name 'time' is not defined
2025-05-01 20:26:46 | ERROR    | __main__:backup_task:186 - Error in backup task: name 'time' is not defined
2025-05-01 20:26:46 | ERROR    | __main__:backup_task:186 - Error in backup task: name 'time' is not defined
2025-05-01 20:26:46 | ERROR    | __main__:backup_task:186 - Error in backup task: name 'time' is not defined
2025-05-01 20:26:46 | ERROR    | __main__:backup_task:186 - Error in backup task: name 'time' is not defined
2025-05-01 20:26:46 | ERROR    | __main__:backup_task:186 - Error in backup task: name 'time' is not defined
2025-05-01 20:26:46 | ERROR    | __main__:backup_task:186 - Error in backup task: name 'time' is not defined
2025-05-01 20:26:46 | ERROR    | __main__:backup_task:186 - Error in backup task: name 'time' is not defined
2025-05-01 20:26:46 | ERROR    | __main__:backup_task:186 - Error in backup task: name 'time' is not defined
2025-05-01 20:26:46 | ERROR    | __main__:backup_task:186 - Error in backup task: name 'time' is not defined
2025-05-01 20:26:46 | ERROR    | __main__:backup_task:186 - Error in backup task: name 'time' is not defined
2025-05-01 20:26:46 | ERROR    | __main__:backup_task:186 - Error in backup task: name 'time' is not defined
2025-05-01 20:26:46 | ERROR    | __main__:backup_task:186 - Error in backup task: name 'time' is not defined
2025-05-01 20:26:46 | ERROR    | __main__:backup_task:186 - Error in backup task: name 'time' is not defined
2025-05-01 20:26:46 | ERROR    | __main__:backup_task:186 - Error in backup task: name 'time' is not defined
2025-05-01 20:26:46 | ERROR    | __main__:backup_task:186 - Error in backup task: name 'time' is not defined
2025-05-01 20:26:46 | ERROR    | __main__:backup_task:186 - Error in backup task: name 'time' is not defined
2025-05-01 20:26:46 | ERROR    | __main__:backup_task:186 - Error in backup task: name 'time' is not defined
2025-05-01 20:26:46 | ERROR    | __main__:backup_task:186 - Error in backup task: name 'time' is not defined
2025-05-01 20:26:46 | ERROR    | __main__:backup_task:186 - Error in backup task: name 'time' is not defined
2025-05-01 20:26:46 | ERROR    | __main__:backup_task:186 - Error in backup task: name 'time' is not defined
2025-05-01 20:26:46 | ERROR    | __main__:backup_task:186 - Error in backup task: name 'time' is not defined
2025-05-01 20:26:46 | ERROR    | __main__:backup_task:186 - Error in backup task: name 'time' is not defined
2025-05-01 20:26:46 | ERROR    | __main__:backup_task:186 - Error in backup task: name 'time' is not defined
2025-05-01 20:26:46 | ERROR    | __main__:backup_task:186 - Error in backup task: name 'time' is not defined
2025-05-01 20:26:46 | ERROR    | __main__:backup_task:186 - Error in backup task: name 'time' is not defined
2025-05-01 20:26:46 | ERROR    | __main__:backup_task:186 - Error in backup task: name 'time' is not defined
2025-05-01 20:26:46 | ERROR    | __main__:backup_task:186 - Error in backup task: name 'time' is not defined
2025-05-01 20:26:46 | ERROR    | __main__:backup_task:186 - Error in backup task: name 'time' is not defined
2025-05-01 20:26:46 | ERROR    | __main__:backup_task:186 - Error in backup task: name 'time' is not defined
2025-05-01 20:26:46 | ERROR    | __main__:backup_task:186 - Error in backup task: name 'time' is not defined
2025-05-01 20:26:46 | ERROR    | __main__:backup_task:186 - Error in backup task: name 'time' is not defined
2025-05-01 20:26:46 | ERROR    | __main__:backup_task:186 - Error in backup task: name 'time' is not defined
2025-05-01 20:26:46 | ERROR    | __main__:backup_task:186 - Error in backup task: name 'time' is not defined
2025-05-01 20:26:46 | ERROR    | __main__:backup_task:186 - Error in backup task: name 'time' is not defined
2025-05-01 20:26:46 | ERROR    | __main__:backup_task:186 - Error in backup task: name 'time' is not defined
2025-05-01 20:26:46 | ERROR    | __main__:backup_task:186 - Error in backup task: name 'time' is not defined
2025-05-01 20:26:46 | ERROR    | __main__:backup_task:186 - Error in backup task: name 'time' is not defined
2025-05-01 20:26:46 | ERROR    | __main__:backup_task:186 - Error in backup task: name 'time' is not defined
2025-05-01 20:26:46 | ERROR    | __main__:backup_task:186 - Error in backup task: name 'time' is not defined
2025-05-01 20:26:46 | ERROR    | __main__:backup_task:186 - Error in backup task: name 'time' is not defined
2025-05-01 20:26:46 | ERROR    | __main__:backup_task:186 - Error in backup task: name 'time' is not defined
2025-05-01 20:26:46 | ERROR    | __main__:backup_task:186 - Error in backup task: name 'time' is not defined
2025-05-01 20:26:46 | ERROR    | __main__:backup_task:186 - Error in backup task: name 'time' is not defined
2025-05-01 20:26:46 | ERROR    | __main__:backup_task:186 - Error in backup task: name 'time' is not defined
2025-05-01 20:26:46 | ERROR    | __main__:backup_task:186 - Error in backup task: name 'time' is not defined
2025-05-01 20:26:46 | ERROR    | __main__:backup_task:186 - Error in backup task: name 'time' is not defined
2025-05-01 20:26:46 | ERROR    | __main__:backup_task:186 - Error in backup task: name 'time' is not defined
2025-05-01 20:26:46 | ERROR    | __main__:backup_task:186 - Error in backup task: name 'time' is not defined
2025-05-01 20:26:46 | ERROR    | __main__:backup_task:186 - Error in backup task: name 'time' is not defined
2025-05-01 20:26:46 | ERROR    | __main__:backup_task:186 - Error in backup task: name 'time' is not defined
2025-05-01 20:26:46 | ERROR    | __main__:backup_task:186 - Error in backup task: name 'time' is not defined
2025-05-01 20:26:46 | ERROR    | __main__:backup_task:186 - Error in backup task: name 'time' is not defined
2025-05-01 20:26:46 | ERROR    | __main__:backup_task:186 - Error in backup task: name 'time' is not defined
2025-05-01 20:26:46 | ERROR    | __main__:backup_task:186 - Error in backup task: name 'time' is not defined
2025-05-01 20:26:46 | ERROR    | __main__:backup_task:186 - Error in backup task: name 'time' is not defined
2025-05-01 20:26:46 | ERROR    | __main__:backup_task:186 - Error in backup task: name 'time' is not defined
2025-05-01 20:26:46 | ERROR    | __main__:backup_task:186 - Error in backup task: name 'time' is not defined
2025-05-01 20:26:46 | ERROR    | __main__:backup_task:186 - Error in backup task: name 'time' is not defined
2025-05-01 20:26:46 | ERROR    | __main__:backup_task:186 - Error in backup task: name 'time' is not defined
2025-05-01 20:26:46 | ERROR    | __main__:backup_task:186 - Error in backup task: name 'time' is not defined
2025-05-01 20:26:46 | ERROR    | __main__:backup_task:186 - Error in backup task: name 'time' is not defined
2025-05-01 20:26:46 | ERROR    | __main__:backup_task:186 - Error in backup task: name 'time' is not defined
2025-05-01 20:26:46 | ERROR    | __main__:backup_task:186 - Error in backup task: name 'time' is not defined
2025-05-01 20:26:46 | ERROR    | __main__:backup_task:186 - Error in backup task: name 'time' is not defined
2025-05-01 20:26:46 | ERROR    | __main__:backup_task:186 - Error in backup task: name 'time' is not defined
2025-05-01 20:26:46 | ERROR    | __main__:backup_task:186 - Error in backup task: name 'time' is not defined
2025-05-01 20:26:46 | ERROR    | __main__:backup_task:186 - Error in backup task: name 'time' is not defined
2025-05-01 20:26:46 | ERROR    | __main__:backup_task:186 - Error in backup task: name 'time' is not defined
2025-05-01 20:26:46 | ERROR    | __main__:backup_task:186 - Error in backup task: name 'time' is not defined
2025-05-01 20:26:46 | ERROR    | __main__:backup_task:186 - Error in backup task: name 'time' is not defined
2025-05-01 20:26:46 | ERROR    | __main__:backup_task:186 - Error in backup task: name 'time' is not defined
2025-05-01 20:26:46 | ERROR    | __main__:backup_task:186 - Error in backup task: name 'time' is not defined
2025-05-01 20:26:46 | ERROR    | __main__:backup_task:186 - Error in backup task: name 'time' is not defined
2025-05-01 20:26:46 | ERROR    | __main__:backup_task:186 - Error in backup task: name 'time' is not defined
2025-05-01 20:26:46 | ERROR    | __main__:backup_task:186 - Error in backup task: name 'time' is not defined
2025-05-01 20:26:46 | ERROR    | __main__:backup_task:186 - Error in backup task: name 'time' is not defined
2025-05-01 20:26:46 | ERROR    | __main__:backup_task:186 - Error in backup task: name 'time' is not defined
2025-05-01 20:26:46 | ERROR    | __main__:backup_task:186 - Error in backup task: name 'time' is not defined
2025-05-01 20:26:46 | ERROR    | __main__:backup_task:186 - Error in backup task: name 'time' is not defined
2025-05-01 20:26:46 | ERROR    | __main__:backup_task:186 - Error in backup task: name 'time' is not defined
2025-05-01 20:26:46 | ERROR    | __main__:backup_task:186 - Error in backup task: name 'time' is not defined
2025-05-01 20:26:46 | ERROR    | __main__:backup_task:186 - Error in backup task: name 'time' is not defined
2025-05-01 20:26:46 | ERROR    | __main__:backup_task:186 - Error in backup task: name 'time' is not defined
2025-05-01 20:26:46 | ERROR    | __main__:backup_task:186 - Error in backup task: name 'time' is not defined
2025-05-01 20:26:46 | ERROR    | __main__:backup_task:186 - Error in backup task: name 'time' is not defined
2025-05-01 20:26:46 | ERROR    | __main__:backup_task:186 - Error in backup task: name 'time' is not defined
2025-05-01 20:26:46 | ERROR    | __main__:backup_task:186 - Error in backup task: name 'time' is not defined
2025-05-01 20:26:46 | ERROR    | __main__:backup_task:186 - Error in backup task: name 'time' is not defined
2025-05-01 20:26:46 | ERROR    | __main__:backup_task:186 - Error in backup task: name 'time' is not defined
2025-05-01 20:26:46 | ERROR    | __main__:backup_task:186 - Error in backup task: name 'time' is not defined
2025-05-01 20:26:46 | ERROR    | __main__:backup_task:186 - Error in backup task: name 'time' is not defined
2025-05-01 20:26:46 | ERROR    | __main__:backup_task:186 - Error in backup task: name 'time' is not defined
2025-05-01 20:26:46 | ERROR    | __main__:backup_task:186 - Error in backup task: name 'time' is not defined
2025-05-01 20:26:46 | ERROR    | __main__:backup_task:186 - Error in backup task: name 'time' is not defined
2025-05-01 20:26:46 | ERROR    | __main__:backup_task:186 - Error in backup task: name 'time' is not defined
2025-05-01 20:26:46 | ERROR    | __main__:backup_task:186 - Error in backup task: name 'time' is not defined
2025-05-01 20:26:46 | ERROR    | __main__:backup_task:186 - Error in backup task: name 'time' is not defined
2025-05-01 20:26:46 | ERROR    | __main__:backup_task:186 - Error in backup task: name 'time' is not defined
2025-05-01 20:26:46 | ERROR    | __main__:backup_task:186 - Error in backup task: name 'time' is not defined
2025-05-01 20:26:46 | ERROR    | __main__:backup_task:186 - Error in backup task: name 'time' is not defined
2025-05-01 20:26:46 | ERROR    | __main__:backup_task:186 - Error in backup task: name 'time' is not defined
2025-05-01 20:26:46 | ERROR    | __main__:backup_task:186 - Error in backup task: name 'time' is not defined
2025-05-01 20:26:46 | ERROR    | __main__:backup_task:186 - Error in backup task: name 'time' is not defined
2025-05-01 20:26:46 | ERROR    | __main__:backup_task:186 - Error in backup task: name 'time' is not defined
2025-05-01 20:26:46 | ERROR    | __main__:backup_task:186 - Error in backup task: name 'time' is not defined
2025-05-01 20:26:46 | ERROR    | __main__:backup_task:186 - Error in backup task: name 'time' is not defined
2025-05-01 20:26:46 | ERROR    | __main__:backup_task:186 - Error in backup task: name 'time' is not defined
2025-05-01 20:26:46 | ERROR    | __main__:backup_task:186 - Error in backup task: name 'time' is not defined
2025-05-01 20:26:46 | ERROR    | __main__:backup_task:186 - Error in backup task: name 'time' is not defined
2025-05-01 20:26:46 | ERROR    | __main__:backup_task:186 - Error in backup task: name 'time' is not defined
2025-05-01 20:26:46 | ERROR    | __main__:backup_task:186 - Error in backup task: name 'time' is not defined
2025-05-01 20:26:46 | ERROR    | __main__:backup_task:186 - Error in backup task: name 'time' is not defined
2025-05-01 20:26:46 | ERROR    | __main__:backup_task:186 - Error in backup task: name 'time' is not defined
2025-05-01 20:26:46 | ERROR    | __main__:backup_task:186 - Error in backup task: name 'time' is not defined
2025-05-01 20:26:46 | ERROR    | __main__:backup_task:186 - Error in backup task: name 'time' is not defined
2025-05-01 20:26:46 | ERROR    | __main__:backup_task:186 - Error in backup task: name 'time' is not defined
2025-05-01 20:26:46 | ERROR    | __main__:backup_task:186 - Error in backup task: name 'time' is not defined
2025-05-01 20:26:46 | ERROR    | __main__:backup_task:186 - Error in backup task: name 'time' is not defined
2025-05-01 20:26:46 | ERROR    | __main__:backup_task:186 - Error in backup task: name 'time' is not defined
2025-05-01 20:26:46 | ERROR    | __main__:backup_task:186 - Error in backup task: name 'time' is not defined
2025-05-01 20:26:46 | ERROR    | __main__:backup_task:186 - Error in backup task: name 'time' is not defined
2025-05-01 20:26:46 | ERROR    | __main__:backup_task:186 - Error in backup task: name 'time' is not defined
2025-05-01 20:26:46 | ERROR    | __main__:backup_task:186 - Error in backup task: name 'time' is not defined
2025-05-01 20:26:46 | ERROR    | __main__:backup_task:186 - Error in backup task: name 'time' is not defined
2025-05-01 20:26:46 | ERROR    | __main__:backup_task:186 - Error in backup task: name 'time' is not defined
2025-05-01 20:26:46 | ERROR    | __main__:backup_task:186 - Error in backup task: name 'time' is not defined
2025-05-01 20:26:46 | ERROR    | __main__:backup_task:186 - Error in backup task: name 'time' is not defined
2025-05-01 20:26:46 | ERROR    | __main__:backup_task:186 - Error in backup task: name 'time' is not defined
2025-05-01 20:26:46 | ERROR    | __main__:backup_task:186 - Error in backup task: name 'time' is not defined
2025-05-01 20:26:46 | ERROR    | __main__:backup_task:186 - Error in backup task: name 'time' is not defined
2025-05-01 20:26:46 | ERROR    | __main__:backup_task:186 - Error in backup task: name 'time' is not defined
2025-05-01 20:26:46 | ERROR    | __main__:backup_task:186 - Error in backup task: name 'time' is not defined
2025-05-01 20:26:46 | ERROR    | __main__:backup_task:186 - Error in backup task: name 'time' is not defined
2025-05-01 20:26:46 | ERROR    | __main__:backup_task:186 - Error in backup task: name 'time' is not defined
2025-05-01 20:26:46 | ERROR    | __main__:backup_task:186 - Error in backup task: name 'time' is not defined
2025-05-01 20:26:46 | ERROR    | __main__:backup_task:186 - Error in backup task: name 'time' is not defined
2025-05-01 20:26:46 | ERROR    | __main__:backup_task:186 - Error in backup task: name 'time' is not defined
2025-05-01 20:26:46 | ERROR    | __main__:backup_task:186 - Error in backup task: name 'time' is not defined
2025-05-01 20:26:46 | ERROR    | __main__:backup_task:186 - Error in backup task: name 'time' is not defined
2025-05-01 20:26:46 | ERROR    | __main__:backup_task:186 - Error in backup task: name 'time' is not defined
2025-05-01 20:26:46 | ERROR    | __main__:backup_task:186 - Error in backup task: name 'time' is not defined
2025-05-01 20:26:46 | ERROR    | __main__:backup_task:186 - Error in backup task: name 'time' is not defined
2025-05-01 20:26:46 | ERROR    | __main__:backup_task:186 - Error in backup task: name 'time' is not defined
2025-05-01 20:26:46 | ERROR    | __main__:backup_task:186 - Error in backup task: name 'time' is not defined
2025-05-01 20:26:46 | ERROR    | __main__:backup_task:186 - Error in backup task: name 'time' is not defined
2025-05-01 20:26:46 | ERROR    | __main__:backup_task:186 - Error in backup task: name 'time' is not defined
2025-05-01 20:26:46 | ERROR    | __main__:backup_task:186 - Error in backup task: name 'time' is not defined
2025-05-01 20:26:46 | ERROR    | __main__:backup_task:186 - Error in backup task: name 'time' is not defined
2025-05-01 20:26:46 | ERROR    | __main__:backup_task:186 - Error in backup task: name 'time' is not defined
2025-05-01 20:26:46 | ERROR    | __main__:backup_task:186 - Error in backup task: name 'time' is not defined
2025-05-01 20:26:46 | ERROR    | __main__:backup_task:186 - Error in backup task: name 'time' is not defined
2025-05-01 20:26:46 | ERROR    | __main__:backup_task:186 - Error in backup task: name 'time' is not defined
2025-05-01 20:26:46 | ERROR    | __main__:backup_task:186 - Error in backup task: name 'time' is not defined
2025-05-01 20:26:46 | ERROR    | __main__:backup_task:186 - Error in backup task: name 'time' is not defined
2025-05-01 20:26:46 | ERROR    | __main__:backup_task:186 - Error in backup task: name 'time' is not defined
2025-05-01 20:26:46 | ERROR    | __main__:backup_task:186 - Error in backup task: name 'time' is not defined
2025-05-01 20:26:46 | ERROR    | __main__:backup_task:186 - Error in backup task: name 'time' is not defined
2025-05-01 20:26:46 | ERROR    | __main__:backup_task:186 - Error in backup task: name 'time' is not defined
2025-05-01 20:26:46 | ERROR    | __main__:backup_task:186 - Error in backup task: name 'time' is not defined
2025-05-01 20:26:46 | ERROR    | __main__:backup_task:186 - Error in backup task: name 'time' is not defined
2025-05-01 20:26:46 | ERROR    | __main__:backup_task:186 - Error in backup task: name 'time' is not defined
2025-05-01 20:26:46 | ERROR    | __main__:backup_task:186 - Error in backup task: name 'time' is not defined
2025-05-01 20:26:46 | ERROR    | __main__:backup_task:186 - Error in backup task: name 'time' is not defined
2025-05-01 20:26:46 | ERROR    | __main__:backup_task:186 - Error in backup task: name 'time' is not defined
2025-05-01 20:26:46 | ERROR    | __main__:backup_task:186 - Error in backup task: name 'time' is not defined
2025-05-01 20:26:46 | ERROR    | __main__:backup_task:186 - Error in backup task: name 'time' is not defined
2025-05-01 20:26:46 | ERROR    | __main__:backup_task:186 - Error in backup task: name 'time' is not defined
2025-05-01 20:26:46 | ERROR    | __main__:backup_task:186 - Error in backup task: name 'time' is not defined
2025-05-01 20:26:46 | ERROR    | __main__:backup_task:186 - Error in backup task: name 'time' is not defined
2025-05-01 20:26:46 | ERROR    | __main__:backup_task:186 - Error in backup task: name 'time' is not defined
2025-05-01 20:26:46 | ERROR    | __main__:backup_task:186 - Error in backup task: name 'time' is not defined
2025-05-01 20:26:46 | ERROR    | __main__:backup_task:186 - Error in backup task: name 'time' is not defined
2025-05-01 20:26:46 | ERROR    | __main__:backup_task:186 - Error in backup task: name 'time' is not defined
2025-05-01 20:26:46 | ERROR    | __main__:backup_task:186 - Error in backup task: name 'time' is not defined
2025-05-01 20:26:46 | ERROR    | __main__:backup_task:186 - Error in backup task: name 'time' is not defined
2025-05-01 20:26:46 | ERROR    | __main__:backup_task:186 - Error in backup task: name 'time' is not defined
2025-05-01 20:26:46 | ERROR    | __main__:backup_task:186 - Error in backup task: name 'time' is not defined
2025-05-01 20:26:46 | ERROR    | __main__:backup_task:186 - Error in backup task: name 'time' is not defined
2025-05-01 20:26:46 | ERROR    | __main__:backup_task:186 - Error in backup task: name 'time' is not defined
2025-05-01 20:26:46 | ERROR    | __main__:backup_task:186 - Error in backup task: name 'time' is not defined
2025-05-01 20:26:46 | ERROR    | __main__:backup_task:186 - Error in backup task: name 'time' is not defined
2025-05-01 20:26:46 | ERROR    | __main__:backup_task:186 - Error in backup task: name 'time' is not defined
2025-05-01 20:26:46 | ERROR    | __main__:backup_task:186 - Error in backup task: name 'time' is not defined
2025-05-01 20:26:46 | ERROR    | __main__:backup_task:186 - Error in backup task: name 'time' is not defined
2025-05-01 20:26:46 | ERROR    | __main__:backup_task:186 - Error in backup task: name 'time' is not defined
2025-05-01 20:26:46 | ERROR    | __main__:backup_task:186 - Error in backup task: name 'time' is not defined
2025-05-01 20:26:46 | ERROR    | __main__:backup_task:186 - Error in backup task: name 'time' is not defined
2025-05-01 20:26:46 | ERROR    | __main__:backup_task:186 - Error in backup task: name 'time' is not defined
2025-05-01 20:26:46 | ERROR    | __main__:backup_task:186 - Error in backup task: name 'time' is not defined
2025-05-01 20:26:46 | ERROR    | __main__:backup_task:186 - Error in backup task: name 'time' is not defined
2025-05-01 20:26:46 | ERROR    | __main__:backup_task:186 - Error in backup task: name 'time' is not defined
2025-05-01 20:26:46 | ERROR    | __main__:backup_task:186 - Error in backup task: name 'time' is not defined
2025-05-01 20:26:46 | ERROR    | __main__:backup_task:186 - Error in backup task: name 'time' is not defined
2025-05-01 20:26:46 | ERROR    | __main__:backup_task:186 - Error in backup task: name 'time' is not defined
2025-05-01 20:26:46 | ERROR    | __main__:backup_task:186 - Error in backup task: name 'time' is not defined
2025-05-01 20:26:46 | ERROR    | __main__:backup_task:186 - Error in backup task: name 'time' is not defined
2025-05-01 20:26:46 | ERROR    | __main__:backup_task:186 - Error in backup task: name 'time' is not defined
2025-05-01 20:26:46 | ERROR    | __main__:backup_task:186 - Error in backup task: name 'time' is not defined
2025-05-01 20:26:46 | ERROR    | __main__:backup_task:186 - Error in backup task: name 'time' is not defined
2025-05-01 20:26:46 | ERROR    | __main__:backup_task:186 - Error in backup task: name 'time' is not defined
2025-05-01 20:26:46 | ERROR    | __main__:backup_task:186 - Error in backup task: name 'time' is not defined
2025-05-01 20:26:46 | ERROR    | __main__:backup_task:186 - Error in backup task: name 'time' is not defined
2025-05-01 20:26:46 | ERROR    | __main__:backup_task:186 - Error in backup task: name 'time' is not defined
2025-05-01 20:26:46 | ERROR    | __main__:backup_task:186 - Error in backup task: name 'time' is not defined
2025-05-01 20:26:46 | ERROR    | __main__:backup_task:186 - Error in backup task: name 'time' is not defined
2025-05-01 20:26:46 | ERROR    | __main__:backup_task:186 - Error in backup task: name 'time' is not defined
2025-05-01 20:26:46 | ERROR    | __main__:backup_task:186 - Error in backup task: name 'time' is not defined
2025-05-01 20:26:46 | ERROR    | __main__:backup_task:186 - Error in backup task: name 'time' is not defined
2025-05-01 20:26:46 | ERROR    | __main__:backup_task:186 - Error in backup task: name 'time' is not defined
2025-05-01 20:26:46 | ERROR    | __main__:backup_task:186 - Error in backup task: name 'time' is not defined
2025-05-01 20:26:46 | ERROR    | __main__:backup_task:186 - Error in backup task: name 'time' is not defined
2025-05-01 20:26:46 | ERROR    | __main__:backup_task:186 - Error in backup task: name 'time' is not defined
2025-05-01 20:26:46 | ERROR    | __main__:backup_task:186 - Error in backup task: name 'time' is not defined
2025-05-01 20:26:46 | ERROR    | __main__:backup_task:186 - Error in backup task: name 'time' is not defined
2025-05-01 20:26:46 | ERROR    | __main__:backup_task:186 - Error in backup task: name 'time' is not defined
2025-05-01 20:26:46 | ERROR    | __main__:backup_task:186 - Error in backup task: name 'time' is not defined
2025-05-01 20:26:46 | ERROR    | __main__:backup_task:186 - Error in backup task: name 'time' is not defined
2025-05-01 20:26:46 | ERROR    | __main__:backup_task:186 - Error in backup task: name 'time' is not defined
2025-05-01 20:26:46 | ERROR    | __main__:backup_task:186 - Error in backup task: name 'time' is not defined
2025-05-01 20:26:46 | ERROR    | __main__:backup_task:186 - Error in backup task: name 'time' is not defined
2025-05-01 20:26:46 | ERROR    | __main__:backup_task:186 - Error in backup task: name 'time' is not defined
2025-05-01 20:26:46 | ERROR    | __main__:backup_task:186 - Error in backup task: name 'time' is not defined
2025-05-01 20:26:46 | ERROR    | __main__:backup_task:186 - Error in backup task: name 'time' is not defined
2025-05-01 20:26:46 | ERROR    | __main__:backup_task:186 - Error in backup task: name 'time' is not defined
2025-05-01 20:26:46 | ERROR    | __main__:backup_task:186 - Error in backup task: name 'time' is not defined
2025-05-01 20:26:46 | ERROR    | __main__:backup_task:186 - Error in backup task: name 'time' is not defined
2025-05-01 20:26:46 | ERROR    | __main__:backup_task:186 - Error in backup task: name 'time' is not defined
2025-05-01 20:26:46 | ERROR    | __main__:backup_task:186 - Error in backup task: name 'time' is not defined
2025-05-01 20:26:46 | ERROR    | __main__:backup_task:186 - Error in backup task: name 'time' is not defined
2025-05-01 20:26:46 | ERROR    | __main__:backup_task:186 - Error in backup task: name 'time' is not defined
2025-05-01 20:26:46 | ERROR    | __main__:backup_task:186 - Error in backup task: name 'time' is not defined
2025-05-01 20:26:46 | ERROR    | __main__:backup_task:186 - Error in backup task: name 'time' is not defined
2025-05-01 20:26:46 | ERROR    | __main__:backup_task:186 - Error in backup task: name 'time' is not defined
2025-05-01 20:26:46 | ERROR    | __main__:backup_task:186 - Error in backup task: name 'time' is not defined
2025-05-01 20:26:46 | ERROR    | __main__:backup_task:186 - Error in backup task: name 'time' is not defined
2025-05-01 20:26:46 | ERROR    | __main__:backup_task:186 - Error in backup task: name 'time' is not defined
2025-05-01 20:26:46 | ERROR    | __main__:backup_task:186 - Error in backup task: name 'time' is not defined
2025-05-01 20:26:46 | ERROR    | __main__:backup_task:186 - Error in backup task: name 'time' is not defined
2025-05-01 20:26:46 | ERROR    | __main__:backup_task:186 - Error in backup task: name 'time' is not defined
2025-05-01 20:26:46 | ERROR    | __main__:backup_task:186 - Error in backup task: name 'time' is not defined
2025-05-01 20:26:46 | ERROR    | __main__:backup_task:186 - Error in backup task: name 'time' is not defined
2025-05-01 20:26:46 | ERROR    | __main__:backup_task:186 - Error in backup task: name 'time' is not defined
2025-05-01 20:26:46 | ERROR    | __main__:backup_task:186 - Error in backup task: name 'time' is not defined
2025-05-01 20:26:46 | ERROR    | __main__:backup_task:186 - Error in backup task: name 'time' is not defined
2025-05-01 20:26:46 | ERROR    | __main__:backup_task:186 - Error in backup task: name 'time' is not defined
2025-05-01 20:26:46 | ERROR    | __main__:backup_task:186 - Error in backup task: name 'time' is not defined
2025-05-01 20:26:46 | ERROR    | __main__:backup_task:186 - Error in backup task: name 'time' is not defined
2025-05-01 20:26:46 | ERROR    | __main__:backup_task:186 - Error in backup task: name 'time' is not defined
2025-05-01 20:26:46 | ERROR    | __main__:backup_task:186 - Error in backup task: name 'time' is not defined
2025-05-01 20:26:46 | ERROR    | __main__:backup_task:186 - Error in backup task: name 'time' is not defined
2025-05-01 20:26:46 | ERROR    | __main__:backup_task:186 - Error in backup task: name 'time' is not defined
2025-05-01 20:26:46 | ERROR    | __main__:backup_task:186 - Error in backup task: name 'time' is not defined
2025-05-01 20:26:46 | ERROR    | __main__:backup_task:186 - Error in backup task: name 'time' is not defined
2025-05-01 20:26:46 | ERROR    | __main__:backup_task:186 - Error in backup task: name 'time' is not defined
2025-05-01 20:26:46 | ERROR    | __main__:backup_task:186 - Error in backup task: name 'time' is not defined
2025-05-01 20:26:46 | ERROR    | __main__:backup_task:186 - Error in backup task: name 'time' is not defined
2025-05-01 20:26:46 | ERROR    | __main__:backup_task:186 - Error in backup task: name 'time' is not defined
2025-05-01 20:26:46 | ERROR    | __main__:backup_task:186 - Error in backup task: name 'time' is not defined
2025-05-01 20:26:46 | ERROR    | __main__:backup_task:186 - Error in backup task: name 'time' is not defined
2025-05-01 20:26:46 | ERROR    | __main__:backup_task:186 - Error in backup task: name 'time' is not defined
2025-05-01 20:26:46 | ERROR    | __main__:backup_task:186 - Error in backup task: name 'time' is not defined
2025-05-01 20:26:46 | ERROR    | __main__:backup_task:186 - Error in backup task: name 'time' is not defined
2025-05-01 20:26:46 | ERROR    | __main__:backup_task:186 - Error in backup task: name 'time' is not defined
2025-05-01 20:26:46 | ERROR    | __main__:backup_task:186 - Error in backup task: name 'time' is not defined
2025-05-01 20:26:46 | ERROR    | __main__:backup_task:186 - Error in backup task: name 'time' is not defined
2025-05-01 20:26:46 | ERROR    | __main__:backup_task:186 - Error in backup task: name 'time' is not defined
2025-05-01 20:26:46 | ERROR    | __main__:backup_task:186 - Error in backup task: name 'time' is not defined
2025-05-01 20:26:46 | ERROR    | __main__:backup_task:186 - Error in backup task: name 'time' is not defined
2025-05-01 20:26:46 | ERROR    | __main__:backup_task:186 - Error in backup task: name 'time' is not defined
2025-05-01 20:26:46 | ERROR    | __main__:backup_task:186 - Error in backup task: name 'time' is not defined
2025-05-01 20:26:46 | ERROR    | __main__:backup_task:186 - Error in backup task: name 'time' is not defined
2025-05-01 20:26:46 | ERROR    | __main__:backup_task:186 - Error in backup task: name 'time' is not defined
2025-05-01 20:26:46 | ERROR    | __main__:backup_task:186 - Error in backup task: name 'time' is not defined
2025-05-01 20:26:46 | ERROR    | __main__:backup_task:186 - Error in backup task: name 'time' is not defined
2025-05-01 20:26:46 | ERROR    | __main__:backup_task:186 - Error in backup task: name 'time' is not defined
2025-05-01 20:26:46 | ERROR    | __main__:backup_task:186 - Error in backup task: name 'time' is not defined
2025-05-01 20:26:46 | ERROR    | __main__:backup_task:186 - Error in backup task: name 'time' is not defined
2025-05-01 20:26:46 | ERROR    | __main__:backup_task:186 - Error in backup task: name 'time' is not defined
2025-05-01 20:26:46 | ERROR    | __main__:backup_task:186 - Error in backup task: name 'time' is not defined
2025-05-01 20:26:46 | ERROR    | __main__:backup_task:186 - Error in backup task: name 'time' is not defined
2025-05-01 20:26:46 | ERROR    | __main__:backup_task:186 - Error in backup task: name 'time' is not defined
2025-05-01 20:26:46 | ERROR    | __main__:backup_task:186 - Error in backup task: name 'time' is not defined
2025-05-01 20:26:46 | ERROR    | __main__:backup_task:186 - Error in backup task: name 'time' is not defined
2025-05-01 20:26:46 | ERROR    | __main__:backup_task:186 - Error in backup task: name 'time' is not defined
2025-05-01 20:26:46 | ERROR    | __main__:backup_task:186 - Error in backup task: name 'time' is not defined
2025-05-01 20:26:46 | ERROR    | __main__:backup_task:186 - Error in backup task: name 'time' is not defined
2025-05-01 20:26:46 | ERROR    | __main__:backup_task:186 - Error in backup task: name 'time' is not defined
2025-05-01 20:26:46 | ERROR    | __main__:backup_task:186 - Error in backup task: name 'time' is not defined
2025-05-01 20:26:46 | ERROR    | __main__:backup_task:186 - Error in backup task: name 'time' is not defined
2025-05-01 20:26:46 | ERROR    | __main__:backup_task:186 - Error in backup task: name 'time' is not defined
2025-05-01 20:26:46 | ERROR    | __main__:backup_task:186 - Error in backup task: name 'time' is not defined
2025-05-01 20:26:46 | ERROR    | __main__:backup_task:186 - Error in backup task: name 'time' is not defined
2025-05-01 20:26:46 | ERROR    | __main__:backup_task:186 - Error in backup task: name 'time' is not defined
2025-05-01 20:26:46 | ERROR    | __main__:backup_task:186 - Error in backup task: name 'time' is not defined
2025-05-01 20:26:46 | ERROR    | __main__:backup_task:186 - Error in backup task: name 'time' is not defined
2025-05-01 20:26:46 | ERROR    | __main__:backup_task:186 - Error in backup task: name 'time' is not defined
2025-05-01 20:26:46 | ERROR    | __main__:backup_task:186 - Error in backup task: name 'time' is not defined
2025-05-01 20:26:46 | ERROR    | __main__:backup_task:186 - Error in backup task: name 'time' is not defined
2025-05-01 20:26:46 | ERROR    | __main__:backup_task:186 - Error in backup task: name 'time' is not defined
2025-05-01 20:26:46 | ERROR    | __main__:backup_task:186 - Error in backup task: name 'time' is not defined
2025-05-01 20:26:46 | ERROR    | __main__:backup_task:186 - Error in backup task: name 'time' is not defined
2025-05-01 20:26:46 | ERROR    | __main__:backup_task:186 - Error in backup task: name 'time' is not defined
2025-05-01 20:26:46 | ERROR    | __main__:backup_task:186 - Error in backup task: name 'time' is not defined
2025-05-01 20:26:46 | ERROR    | __main__:backup_task:186 - Error in backup task: name 'time' is not defined
2025-05-01 20:26:46 | ERROR    | __main__:backup_task:186 - Error in backup task: name 'time' is not defined
2025-05-01 20:26:46 | ERROR    | __main__:backup_task:186 - Error in backup task: name 'time' is not defined
2025-05-01 20:26:46 | ERROR    | __main__:backup_task:186 - Error in backup task: name 'time' is not defined
2025-05-01 20:26:46 | ERROR    | __main__:backup_task:186 - Error in backup task: name 'time' is not defined
2025-05-01 20:26:46 | ERROR    | __main__:backup_task:186 - Error in backup task: name 'time' is not defined
2025-05-01 20:26:46 | ERROR    | __main__:backup_task:186 - Error in backup task: name 'time' is not defined
2025-05-01 20:26:46 | ERROR    | __main__:backup_task:186 - Error in backup task: name 'time' is not defined
2025-05-01 20:26:46 | ERROR    | __main__:backup_task:186 - Error in backup task: name 'time' is not defined
2025-05-01 20:26:46 | ERROR    | __main__:backup_task:186 - Error in backup task: name 'time' is not defined
2025-05-01 20:26:46 | ERROR    | __main__:backup_task:186 - Error in backup task: name 'time' is not defined
2025-05-01 20:26:46 | ERROR    | __main__:backup_task:186 - Error in backup task: name 'time' is not defined
2025-05-01 20:26:46 | ERROR    | __main__:backup_task:186 - Error in backup task: name 'time' is not defined
2025-05-01 20:26:46 | ERROR    | __main__:backup_task:186 - Error in backup task: name 'time' is not defined
2025-05-01 20:26:46 | ERROR    | __main__:backup_task:186 - Error in backup task: name 'time' is not defined
2025-05-01 20:26:46 | ERROR    | __main__:backup_task:186 - Error in backup task: name 'time' is not defined
2025-05-01 20:26:46 | ERROR    | __main__:backup_task:186 - Error in backup task: name 'time' is not defined
2025-05-01 20:26:46 | ERROR    | __main__:backup_task:186 - Error in backup task: name 'time' is not defined
2025-05-01 20:26:46 | ERROR    | __main__:backup_task:186 - Error in backup task: name 'time' is not defined
2025-05-01 20:26:46 | ERROR    | __main__:backup_task:186 - Error in backup task: name 'time' is not defined
2025-05-01 20:26:46 | ERROR    | __main__:backup_task:186 - Error in backup task: name 'time' is not defined
2025-05-01 20:26:46 | ERROR    | __main__:backup_task:186 - Error in backup task: name 'time' is not defined
2025-05-01 20:26:46 | ERROR    | __main__:backup_task:186 - Error in backup task: name 'time' is not defined
2025-05-01 20:26:46 | ERROR    | __main__:backup_task:186 - Error in backup task: name 'time' is not defined
2025-05-01 20:26:46 | ERROR    | __main__:backup_task:186 - Error in backup task: name 'time' is not defined
2025-05-01 20:26:46 | ERROR    | __main__:backup_task:186 - Error in backup task: name 'time' is not defined
2025-05-01 20:26:46 | ERROR    | __main__:backup_task:186 - Error in backup task: name 'time' is not defined
2025-05-01 20:26:46 | ERROR    | __main__:backup_task:186 - Error in backup task: name 'time' is not defined
2025-05-01 20:26:46 | ERROR    | __main__:backup_task:186 - Error in backup task: name 'time' is not defined
2025-05-01 20:26:46 | ERROR    | __main__:backup_task:186 - Error in backup task: name 'time' is not defined
2025-05-01 20:26:46 | ERROR    | __main__:backup_task:186 - Error in backup task: name 'time' is not defined
2025-05-01 20:26:46 | ERROR    | __main__:backup_task:186 - Error in backup task: name 'time' is not defined
2025-05-01 20:26:46 | ERROR    | __main__:backup_task:186 - Error in backup task: name 'time' is not defined
2025-05-01 20:26:46 | ERROR    | __main__:backup_task:186 - Error in backup task: name 'time' is not defined
2025-05-01 20:26:46 | ERROR    | __main__:backup_task:186 - Error in backup task: name 'time' is not defined
2025-05-01 20:26:46 | ERROR    | __main__:backup_task:186 - Error in backup task: name 'time' is not defined
2025-05-01 20:26:46 | ERROR    | __main__:backup_task:186 - Error in backup task: name 'time' is not defined
2025-05-01 20:26:46 | ERROR    | __main__:backup_task:186 - Error in backup task: name 'time' is not defined
2025-05-01 20:26:46 | ERROR    | __main__:backup_task:186 - Error in backup task: name 'time' is not defined
2025-05-01 20:26:46 | ERROR    | __main__:backup_task:186 - Error in backup task: name 'time' is not defined
2025-05-01 20:26:46 | ERROR    | __main__:backup_task:186 - Error in backup task: name 'time' is not defined
2025-05-01 20:26:46 | ERROR    | __main__:backup_task:186 - Error in backup task: name 'time' is not defined
2025-05-01 20:26:46 | ERROR    | __main__:backup_task:186 - Error in backup task: name 'time' is not defined
2025-05-01 20:26:46 | ERROR    | __main__:backup_task:186 - Error in backup task: name 'time' is not defined
2025-05-01 20:26:46 | ERROR    | __main__:backup_task:186 - Error in backup task: name 'time' is not defined
2025-05-01 20:26:46 | ERROR    | __main__:backup_task:186 - Error in backup task: name 'time' is not defined
2025-05-01 20:26:46 | ERROR    | __main__:backup_task:186 - Error in backup task: name 'time' is not defined
2025-05-01 20:26:46 | ERROR    | __main__:backup_task:186 - Error in backup task: name 'time' is not defined
2025-05-01 20:26:46 | ERROR    | __main__:backup_task:186 - Error in backup task: name 'time' is not defined
2025-05-01 20:26:46 | ERROR    | __main__:backup_task:186 - Error in backup task: name 'time' is not defined
2025-05-01 20:26:46 | ERROR    | __main__:backup_task:186 - Error in backup task: name 'time' is not defined
2025-05-01 20:26:46 | ERROR    | __main__:backup_task:186 - Error in backup task: name 'time' is not defined
2025-05-01 20:26:46 | ERROR    | __main__:backup_task:186 - Error in backup task: name 'time' is not defined
2025-05-01 20:26:46 | ERROR    | __main__:backup_task:186 - Error in backup task: name 'time' is not defined
2025-05-01 20:26:46 | ERROR    | __main__:backup_task:186 - Error in backup task: name 'time' is not defined
2025-05-01 20:26:46 | ERROR    | __main__:backup_task:186 - Error in backup task: name 'time' is not defined
2025-05-01 20:26:46 | ERROR    | __main__:backup_task:186 - Error in backup task: name 'time' is not defined
2025-05-01 20:26:46 | ERROR    | __main__:backup_task:186 - Error in backup task: name 'time' is not defined
2025-05-01 20:26:46 | ERROR    | __main__:backup_task:186 - Error in backup task: name 'time' is not defined
2025-05-01 20:26:46 | ERROR    | __main__:backup_task:186 - Error in backup task: name 'time' is not defined
2025-05-01 20:26:46 | ERROR    | __main__:backup_task:186 - Error in backup task: name 'time' is not defined
2025-05-01 20:26:46 | ERROR    | __main__:backup_task:186 - Error in backup task: name 'time' is not defined
2025-05-01 20:26:46 | ERROR    | __main__:backup_task:186 - Error in backup task: name 'time' is not defined
2025-05-01 20:26:46 | ERROR    | __main__:backup_task:186 - Error in backup task: name 'time' is not defined
2025-05-01 20:26:46 | ERROR    | __main__:backup_task:186 - Error in backup task: name 'time' is not defined
2025-05-01 20:26:46 | ERROR    | __main__:backup_task:186 - Error in backup task: name 'time' is not defined
2025-05-01 20:26:46 | ERROR    | __main__:backup_task:186 - Error in backup task: name 'time' is not defined
2025-05-01 20:26:46 | ERROR    | __main__:backup_task:186 - Error in backup task: name 'time' is not defined
2025-05-01 20:26:46 | ERROR    | __main__:backup_task:186 - Error in backup task: name 'time' is not defined
2025-05-01 20:26:46 | ERROR    | __main__:backup_task:186 - Error in backup task: name 'time' is not defined
2025-05-01 20:26:46 | ERROR    | __main__:backup_task:186 - Error in backup task: name 'time' is not defined
2025-05-01 20:26:46 | ERROR    | __main__:backup_task:186 - Error in backup task: name 'time' is not defined
2025-05-01 20:26:46 | ERROR    | __main__:backup_task:186 - Error in backup task: name 'time' is not defined
2025-05-01 20:26:46 | ERROR    | __main__:backup_task:186 - Error in backup task: name 'time' is not defined
2025-05-01 20:26:46 | ERROR    | __main__:backup_task:186 - Error in backup task: name 'time' is not defined
2025-05-01 20:26:46 | ERROR    | __main__:backup_task:186 - Error in backup task: name 'time' is not defined
2025-05-01 20:26:46 | ERROR    | __main__:backup_task:186 - Error in backup task: name 'time' is not defined
2025-05-01 20:26:46 | ERROR    | __main__:backup_task:186 - Error in backup task: name 'time' is not defined
2025-05-01 20:26:46 | ERROR    | __main__:backup_task:186 - Error in backup task: name 'time' is not defined
2025-05-01 20:26:46 | ERROR    | __main__:backup_task:186 - Error in backup task: name 'time' is not defined
2025-05-01 20:26:46 | ERROR    | __main__:backup_task:186 - Error in backup task: name 'time' is not defined
2025-05-01 20:26:46 | ERROR    | __main__:backup_task:186 - Error in backup task: name 'time' is not defined
2025-05-01 20:26:46 | ERROR    | __main__:backup_task:186 - Error in backup task: name 'time' is not defined
2025-05-01 20:26:46 | ERROR    | __main__:backup_task:186 - Error in backup task: name 'time' is not defined
2025-05-01 20:26:46 | ERROR    | __main__:backup_task:186 - Error in backup task: name 'time' is not defined
2025-05-01 20:26:46 | ERROR    | __main__:backup_task:186 - Error in backup task: name 'time' is not defined
2025-05-01 20:26:46 | ERROR    | __main__:backup_task:186 - Error in backup task: name 'time' is not defined
2025-05-01 20:26:46 | ERROR    | __main__:backup_task:186 - Error in backup task: name 'time' is not defined
2025-05-01 20:26:46 | ERROR    | __main__:backup_task:186 - Error in backup task: name 'time' is not defined
2025-05-01 20:26:46 | ERROR    | __main__:backup_task:186 - Error in backup task: name 'time' is not defined
2025-05-01 20:26:46 | ERROR    | __main__:backup_task:186 - Error in backup task: name 'time' is not defined
2025-05-01 20:26:46 | ERROR    | __main__:backup_task:186 - Error in backup task: name 'time' is not defined
2025-05-01 20:26:46 | ERROR    | __main__:backup_task:186 - Error in backup task: name 'time' is not defined
2025-05-01 20:26:46 | ERROR    | __main__:backup_task:186 - Error in backup task: name 'time' is not defined
2025-05-01 20:26:46 | ERROR    | __main__:backup_task:186 - Error in backup task: name 'time' is not defined
2025-05-01 20:26:46 | ERROR    | __main__:backup_task:186 - Error in backup task: name 'time' is not defined
2025-05-01 20:26:46 | ERROR    | __main__:backup_task:186 - Error in backup task: name 'time' is not defined
2025-05-01 20:26:46 | ERROR    | __main__:backup_task:186 - Error in backup task: name 'time' is not defined
2025-05-01 20:26:46 | ERROR    | __main__:backup_task:186 - Error in backup task: name 'time' is not defined
2025-05-01 20:26:46 | ERROR    | __main__:backup_task:186 - Error in backup task: name 'time' is not defined
2025-05-01 20:26:46 | ERROR    | __main__:backup_task:186 - Error in backup task: name 'time' is not defined
2025-05-01 20:26:46 | ERROR    | __main__:backup_task:186 - Error in backup task: name 'time' is not defined
2025-05-01 20:26:46 | ERROR    | __main__:backup_task:186 - Error in backup task: name 'time' is not defined
2025-05-01 20:26:46 | ERROR    | __main__:backup_task:186 - Error in backup task: name 'time' is not defined
2025-05-01 20:26:46 | ERROR    | __main__:backup_task:186 - Error in backup task: name 'time' is not defined
2025-05-01 20:26:46 | ERROR    | __main__:backup_task:186 - Error in backup task: name 'time' is not defined
2025-05-01 20:26:46 | ERROR    | __main__:backup_task:186 - Error in backup task: name 'time' is not defined
2025-05-01 20:26:46 | ERROR    | __main__:backup_task:186 - Error in backup task: name 'time' is not defined
2025-05-01 20:26:46 | ERROR    | __main__:backup_task:186 - Error in backup task: name 'time' is not defined
2025-05-01 20:26:46 | ERROR    | __main__:backup_task:186 - Error in backup task: name 'time' is not defined
2025-05-01 20:26:46 | ERROR    | __main__:backup_task:186 - Error in backup task: name 'time' is not defined
2025-05-01 20:26:46 | ERROR    | __main__:backup_task:186 - Error in backup task: name 'time' is not defined
2025-05-01 20:26:46 | ERROR    | __main__:backup_task:186 - Error in backup task: name 'time' is not defined
2025-05-01 20:26:46 | ERROR    | __main__:backup_task:186 - Error in backup task: name 'time' is not defined
2025-05-01 20:26:46 | ERROR    | __main__:backup_task:186 - Error in backup task: name 'time' is not defined
2025-05-01 20:26:46 | ERROR    | __main__:backup_task:186 - Error in backup task: name 'time' is not defined
2025-05-01 20:26:46 | ERROR    | __main__:backup_task:186 - Error in backup task: name 'time' is not defined
2025-05-01 20:26:46 | ERROR    | __main__:backup_task:186 - Error in backup task: name 'time' is not defined
2025-05-01 20:26:46 | ERROR    | __main__:backup_task:186 - Error in backup task: name 'time' is not defined
2025-05-01 20:26:46 | ERROR    | __main__:backup_task:186 - Error in backup task: name 'time' is not defined
2025-05-01 20:26:46 | ERROR    | __main__:backup_task:186 - Error in backup task: name 'time' is not defined
2025-05-01 20:26:46 | ERROR    | __main__:backup_task:186 - Error in backup task: name 'time' is not defined
2025-05-01 20:26:46 | ERROR    | __main__:backup_task:186 - Error in backup task: name 'time' is not defined
2025-05-01 20:26:46 | ERROR    | __main__:backup_task:186 - Error in backup task: name 'time' is not defined
2025-05-01 20:26:46 | ERROR    | __main__:backup_task:186 - Error in backup task: name 'time' is not defined
2025-05-01 20:26:46 | ERROR    | __main__:backup_task:186 - Error in backup task: name 'time' is not defined
2025-05-01 20:26:46 | ERROR    | __main__:backup_task:186 - Error in backup task: name 'time' is not defined
2025-05-01 20:26:46 | ERROR    | __main__:backup_task:186 - Error in backup task: name 'time' is not defined
2025-05-01 20:26:46 | ERROR    | __main__:backup_task:186 - Error in backup task: name 'time' is not defined
2025-05-01 20:26:46 | ERROR    | __main__:backup_task:186 - Error in backup task: name 'time' is not defined
2025-05-01 20:26:46 | ERROR    | __main__:backup_task:186 - Error in backup task: name 'time' is not defined
2025-05-01 20:26:46 | ERROR    | __main__:backup_task:186 - Error in backup task: name 'time' is not defined
2025-05-01 20:26:46 | ERROR    | __main__:backup_task:186 - Error in backup task: name 'time' is not defined
2025-05-01 20:26:46 | ERROR    | __main__:backup_task:186 - Error in backup task: name 'time' is not defined
2025-05-01 20:26:46 | ERROR    | __main__:backup_task:186 - Error in backup task: name 'time' is not defined
2025-05-01 20:26:46 | ERROR    | __main__:backup_task:186 - Error in backup task: name 'time' is not defined
2025-05-01 20:26:46 | ERROR    | __main__:backup_task:186 - Error in backup task: name 'time' is not defined
2025-05-01 20:26:46 | ERROR    | __main__:backup_task:186 - Error in backup task: name 'time' is not defined
2025-05-01 20:26:46 | ERROR    | __main__:backup_task:186 - Error in backup task: name 'time' is not defined
2025-05-01 20:26:46 | ERROR    | __main__:backup_task:186 - Error in backup task: name 'time' is not defined
2025-05-01 20:26:46 | ERROR    | __main__:backup_task:186 - Error in backup task: name 'time' is not defined
2025-05-01 20:26:46 | ERROR    | __main__:backup_task:186 - Error in backup task: name 'time' is not defined
2025-05-01 20:26:46 | ERROR    | __main__:backup_task:186 - Error in backup task: name 'time' is not defined
2025-05-01 20:26:46 | ERROR    | __main__:backup_task:186 - Error in backup task: name 'time' is not defined
2025-05-01 20:26:46 | ERROR    | __main__:backup_task:186 - Error in backup task: name 'time' is not defined
2025-05-01 20:26:46 | ERROR    | __main__:backup_task:186 - Error in backup task: name 'time' is not defined
2025-05-01 20:26:46 | ERROR    | __main__:backup_task:186 - Error in backup task: name 'time' is not defined
2025-05-01 20:26:46 | ERROR    | __main__:backup_task:186 - Error in backup task: name 'time' is not defined
2025-05-01 20:26:46 | ERROR    | __main__:backup_task:186 - Error in backup task: name 'time' is not defined
2025-05-01 20:26:46 | ERROR    | __main__:backup_task:186 - Error in backup task: name 'time' is not defined
2025-05-01 20:26:46 | ERROR    | __main__:backup_task:186 - Error in backup task: name 'time' is not defined
2025-05-01 20:26:46 | ERROR    | __main__:backup_task:186 - Error in backup task: name 'time' is not defined
2025-05-01 20:26:46 | ERROR    | __main__:backup_task:186 - Error in backup task: name 'time' is not defined
2025-05-01 20:26:46 | ERROR    | __main__:backup_task:186 - Error in backup task: name 'time' is not defined
2025-05-01 20:26:46 | ERROR    | __main__:backup_task:186 - Error in backup task: name 'time' is not defined
2025-05-01 20:26:46 | ERROR    | __main__:backup_task:186 - Error in backup task: name 'time' is not defined
2025-05-01 20:26:46 | ERROR    | __main__:backup_task:186 - Error in backup task: name 'time' is not defined
2025-05-01 20:26:46 | ERROR    | __main__:backup_task:186 - Error in backup task: name 'time' is not defined
2025-05-01 20:26:46 | ERROR    | __main__:backup_task:186 - Error in backup task: name 'time' is not defined
2025-05-01 20:26:46 | ERROR    | __main__:backup_task:186 - Error in backup task: name 'time' is not defined
2025-05-01 20:26:46 | ERROR    | __main__:backup_task:186 - Error in backup task: name 'time' is not defined
2025-05-01 20:26:46 | ERROR    | __main__:backup_task:186 - Error in backup task: name 'time' is not defined
2025-05-01 20:26:46 | ERROR    | __main__:backup_task:186 - Error in backup task: name 'time' is not defined
2025-05-01 20:26:46 | ERROR    | __main__:backup_task:186 - Error in backup task: name 'time' is not defined
2025-05-01 20:26:46 | ERROR    | __main__:backup_task:186 - Error in backup task: name 'time' is not defined
2025-05-01 20:26:46 | ERROR    | __main__:backup_task:186 - Error in backup task: name 'time' is not defined
2025-05-01 20:26:46 | ERROR    | __main__:backup_task:186 - Error in backup task: name 'time' is not defined
2025-05-01 20:26:46 | ERROR    | __main__:backup_task:186 - Error in backup task: name 'time' is not defined
2025-05-01 20:26:46 | ERROR    | __main__:backup_task:186 - Error in backup task: name 'time' is not defined
2025-05-01 20:26:46 | ERROR    | __main__:backup_task:186 - Error in backup task: name 'time' is not defined
2025-05-01 20:26:46 | ERROR    | __main__:backup_task:186 - Error in backup task: name 'time' is not defined
2025-05-01 20:26:46 | ERROR    | __main__:backup_task:186 - Error in backup task: name 'time' is not defined
2025-05-01 20:26:46 | ERROR    | __main__:backup_task:186 - Error in backup task: name 'time' is not defined
2025-05-01 20:26:46 | ERROR    | __main__:backup_task:186 - Error in backup task: name 'time' is not defined
2025-05-01 20:26:46 | ERROR    | __main__:backup_task:186 - Error in backup task: name 'time' is not defined
2025-05-01 20:26:46 | ERROR    | __main__:backup_task:186 - Error in backup task: name 'time' is not defined
2025-05-01 20:26:46 | ERROR    | __main__:backup_task:186 - Error in backup task: name 'time' is not defined
2025-05-01 20:26:46 | ERROR    | __main__:backup_task:186 - Error in backup task: name 'time' is not defined
2025-05-01 20:26:46 | ERROR    | __main__:backup_task:186 - Error in backup task: name 'time' is not defined
2025-05-01 20:26:46 | ERROR    | __main__:backup_task:186 - Error in backup task: name 'time' is not defined
2025-05-01 20:26:46 | ERROR    | __main__:backup_task:186 - Error in backup task: name 'time' is not defined
2025-05-01 20:26:46 | ERROR    | __main__:backup_task:186 - Error in backup task: name 'time' is not defined
2025-05-01 20:26:46 | ERROR    | __main__:backup_task:186 - Error in backup task: name 'time' is not defined
2025-05-01 20:26:46 | ERROR    | __main__:backup_task:186 - Error in backup task: name 'time' is not defined
2025-05-01 20:26:46 | ERROR    | __main__:backup_task:186 - Error in backup task: name 'time' is not defined
2025-05-01 20:26:46 | ERROR    | __main__:backup_task:186 - Error in backup task: name 'time' is not defined
2025-05-01 20:26:46 | ERROR    | __main__:backup_task:186 - Error in backup task: name 'time' is not defined
2025-05-01 20:26:46 | ERROR    | __main__:backup_task:186 - Error in backup task: name 'time' is not defined
2025-05-01 20:26:46 | ERROR    | __main__:backup_task:186 - Error in backup task: name 'time' is not defined
2025-05-01 20:26:46 | ERROR    | __main__:backup_task:186 - Error in backup task: name 'time' is not defined
2025-05-01 20:26:46 | ERROR    | __main__:backup_task:186 - Error in backup task: name 'time' is not defined
2025-05-01 20:26:46 | ERROR    | __main__:backup_task:186 - Error in backup task: name 'time' is not defined
2025-05-01 20:26:46 | ERROR    | __main__:backup_task:186 - Error in backup task: name 'time' is not defined
2025-05-01 20:26:46 | ERROR    | __main__:backup_task:186 - Error in backup task: name 'time' is not defined
2025-05-01 20:26:46 | ERROR    | __main__:backup_task:186 - Error in backup task: name 'time' is not defined
2025-05-01 20:26:46 | ERROR    | __main__:backup_task:186 - Error in backup task: name 'time' is not defined
2025-05-01 20:26:46 | ERROR    | __main__:backup_task:186 - Error in backup task: name 'time' is not defined
2025-05-01 20:26:46 | ERROR    | __main__:backup_task:186 - Error in backup task: name 'time' is not defined
2025-05-01 20:26:46 | ERROR    | __main__:backup_task:186 - Error in backup task: name 'time' is not defined
2025-05-01 20:26:46 | ERROR    | __main__:backup_task:186 - Error in backup task: name 'time' is not defined
2025-05-01 20:26:46 | ERROR    | __main__:backup_task:186 - Error in backup task: name 'time' is not defined
2025-05-01 20:26:46 | ERROR    | __main__:backup_task:186 - Error in backup task: name 'time' is not defined
2025-05-01 20:26:46 | ERROR    | __main__:backup_task:186 - Error in backup task: name 'time' is not defined
2025-05-01 20:26:46 | ERROR    | __main__:backup_task:186 - Error in backup task: name 'time' is not defined
2025-05-01 20:26:46 | ERROR    | __main__:backup_task:186 - Error in backup task: name 'time' is not defined
2025-05-01 20:26:46 | ERROR    | __main__:backup_task:186 - Error in backup task: name 'time' is not defined
2025-05-01 20:26:46 | ERROR    | __main__:backup_task:186 - Error in backup task: name 'time' is not defined
2025-05-01 20:26:46 | ERROR    | __main__:backup_task:186 - Error in backup task: name 'time' is not defined
2025-05-01 20:26:46 | ERROR    | __main__:backup_task:186 - Error in backup task: name 'time' is not defined
2025-05-01 20:26:46 | ERROR    | __main__:backup_task:186 - Error in backup task: name 'time' is not defined
2025-05-01 20:26:46 | ERROR    | __main__:backup_task:186 - Error in backup task: name 'time' is not defined
2025-05-01 20:26:46 | ERROR    | __main__:backup_task:186 - Error in backup task: name 'time' is not defined
2025-05-01 20:26:46 | ERROR    | __main__:backup_task:186 - Error in backup task: name 'time' is not defined
2025-05-01 20:26:46 | ERROR    | __main__:backup_task:186 - Error in backup task: name 'time' is not defined
2025-05-01 20:26:46 | ERROR    | __main__:backup_task:186 - Error in backup task: name 'time' is not defined
2025-05-01 20:26:46 | ERROR    | __main__:backup_task:186 - Error in backup task: name 'time' is not defined
2025-05-01 20:26:46 | ERROR    | __main__:backup_task:186 - Error in backup task: name 'time' is not defined
2025-05-01 20:26:46 | ERROR    | __main__:backup_task:186 - Error in backup task: name 'time' is not defined
2025-05-01 20:26:46 | ERROR    | __main__:backup_task:186 - Error in backup task: name 'time' is not defined
2025-05-01 20:26:46 | ERROR    | __main__:backup_task:186 - Error in backup task: name 'time' is not defined
2025-05-01 20:26:46 | ERROR    | __main__:backup_task:186 - Error in backup task: name 'time' is not defined
2025-05-01 20:26:46 | ERROR    | __main__:backup_task:186 - Error in backup task: name 'time' is not defined
2025-05-01 20:26:46 | ERROR    | __main__:backup_task:186 - Error in backup task: name 'time' is not defined
2025-05-01 20:26:46 | ERROR    | __main__:backup_task:186 - Error in backup task: name 'time' is not defined
2025-05-01 20:26:46 | ERROR    | __main__:backup_task:186 - Error in backup task: name 'time' is not defined
2025-05-01 20:26:46 | ERROR    | __main__:backup_task:186 - Error in backup task: name 'time' is not defined
2025-05-01 20:26:46 | ERROR    | __main__:backup_task:186 - Error in backup task: name 'time' is not defined
2025-05-01 20:26:46 | ERROR    | __main__:backup_task:186 - Error in backup task: name 'time' is not defined
2025-05-01 20:26:46 | ERROR    | __main__:backup_task:186 - Error in backup task: name 'time' is not defined
2025-05-01 20:26:46 | ERROR    | __main__:backup_task:186 - Error in backup task: name 'time' is not defined
2025-05-01 20:26:46 | ERROR    | __main__:backup_task:186 - Error in backup task: name 'time' is not defined
2025-05-01 20:26:46 | ERROR    | __main__:backup_task:186 - Error in backup task: name 'time' is not defined
2025-05-01 20:26:46 | ERROR    | __main__:backup_task:186 - Error in backup task: name 'time' is not defined
2025-05-01 20:26:46 | ERROR    | __main__:backup_task:186 - Error in backup task: name 'time' is not defined
2025-05-01 20:26:46 | ERROR    | __main__:backup_task:186 - Error in backup task: name 'time' is not defined
2025-05-01 20:26:46 | ERROR    | __main__:backup_task:186 - Error in backup task: name 'time' is not defined
2025-05-01 20:26:46 | ERROR    | __main__:backup_task:186 - Error in backup task: name 'time' is not defined
2025-05-01 20:26:46 | ERROR    | __main__:backup_task:186 - Error in backup task: name 'time' is not defined
2025-05-01 20:26:46 | ERROR    | __main__:backup_task:186 - Error in backup task: name 'time' is not defined
2025-05-01 20:26:46 | ERROR    | __main__:backup_task:186 - Error in backup task: name 'time' is not defined
2025-05-01 20:26:46 | ERROR    | __main__:backup_task:186 - Error in backup task: name 'time' is not defined
2025-05-01 20:26:46 | ERROR    | __main__:backup_task:186 - Error in backup task: name 'time' is not defined
2025-05-01 20:26:46 | ERROR    | __main__:backup_task:186 - Error in backup task: name 'time' is not defined
2025-05-01 20:26:46 | ERROR    | __main__:backup_task:186 - Error in backup task: name 'time' is not defined
2025-05-01 20:26:46 | ERROR    | __main__:backup_task:186 - Error in backup task: name 'time' is not defined
2025-05-01 20:26:46 | ERROR    | __main__:backup_task:186 - Error in backup task: name 'time' is not defined
2025-05-01 20:26:46 | ERROR    | __main__:backup_task:186 - Error in backup task: name 'time' is not defined
2025-05-01 20:26:46 | ERROR    | __main__:backup_task:186 - Error in backup task: name 'time' is not defined
2025-05-01 20:26:46 | ERROR    | __main__:backup_task:186 - Error in backup task: name 'time' is not defined
2025-05-01 20:26:46 | ERROR    | __main__:backup_task:186 - Error in backup task: name 'time' is not defined
2025-05-01 20:26:46 | ERROR    | __main__:backup_task:186 - Error in backup task: name 'time' is not defined
2025-05-01 20:26:46 | ERROR    | __main__:backup_task:186 - Error in backup task: name 'time' is not defined
2025-05-01 20:26:46 | ERROR    | __main__:backup_task:186 - Error in backup task: name 'time' is not defined
2025-05-01 20:26:46 | ERROR    | __main__:backup_task:186 - Error in backup task: name 'time' is not defined
2025-05-01 20:26:46 | ERROR    | __main__:backup_task:186 - Error in backup task: name 'time' is not defined
2025-05-01 20:26:46 | ERROR    | __main__:backup_task:186 - Error in backup task: name 'time' is not defined
2025-05-01 20:26:46 | ERROR    | __main__:backup_task:186 - Error in backup task: name 'time' is not defined
2025-05-01 20:26:46 | ERROR    | __main__:backup_task:186 - Error in backup task: name 'time' is not defined
2025-05-01 20:26:46 | ERROR    | __main__:backup_task:186 - Error in backup task: name 'time' is not defined
2025-05-01 20:26:46 | ERROR    | __main__:backup_task:186 - Error in backup task: name 'time' is not defined
2025-05-01 20:26:46 | ERROR    | __main__:backup_task:186 - Error in backup task: name 'time' is not defined
2025-05-01 20:26:46 | ERROR    | __main__:backup_task:186 - Error in backup task: name 'time' is not defined
2025-05-01 20:26:46 | ERROR    | __main__:backup_task:186 - Error in backup task: name 'time' is not defined
2025-05-01 20:26:46 | ERROR    | __main__:backup_task:186 - Error in backup task: name 'time' is not defined
2025-05-01 20:26:46 | ERROR    | __main__:backup_task:186 - Error in backup task: name 'time' is not defined
2025-05-01 20:26:46 | ERROR    | __main__:backup_task:186 - Error in backup task: name 'time' is not defined
2025-05-01 20:26:46 | ERROR    | __main__:backup_task:186 - Error in backup task: name 'time' is not defined
2025-05-01 20:26:46 | ERROR    | __main__:backup_task:186 - Error in backup task: name 'time' is not defined
2025-05-01 20:26:46 | ERROR    | __main__:backup_task:186 - Error in backup task: name 'time' is not defined
2025-05-01 20:26:46 | ERROR    | __main__:backup_task:186 - Error in backup task: name 'time' is not defined
2025-05-01 20:26:46 | ERROR    | __main__:backup_task:186 - Error in backup task: name 'time' is not defined
2025-05-01 20:26:46 | ERROR    | __main__:backup_task:186 - Error in backup task: name 'time' is not defined
2025-05-01 20:26:46 | ERROR    | __main__:backup_task:186 - Error in backup task: name 'time' is not defined
2025-05-01 20:26:46 | ERROR    | __main__:backup_task:186 - Error in backup task: name 'time' is not defined
2025-05-01 20:26:46 | ERROR    | __main__:backup_task:186 - Error in backup task: name 'time' is not defined
2025-05-01 20:26:46 | ERROR    | __main__:backup_task:186 - Error in backup task: name 'time' is not defined
2025-05-01 20:26:46 | ERROR    | __main__:backup_task:186 - Error in backup task: name 'time' is not defined
2025-05-01 20:26:46 | ERROR    | __main__:backup_task:186 - Error in backup task: name 'time' is not defined
2025-05-01 20:26:46 | ERROR    | __main__:backup_task:186 - Error in backup task: name 'time' is not defined
2025-05-01 20:26:46 | ERROR    | __main__:backup_task:186 - Error in backup task: name 'time' is not defined
2025-05-01 20:26:46 | ERROR    | __main__:backup_task:186 - Error in backup task: name 'time' is not defined
2025-05-01 20:26:46 | ERROR    | __main__:backup_task:186 - Error in backup task: name 'time' is not defined
2025-05-01 20:26:46 | ERROR    | __main__:backup_task:186 - Error in backup task: name 'time' is not defined
2025-05-01 20:26:46 | ERROR    | __main__:backup_task:186 - Error in backup task: name 'time' is not defined
2025-05-01 20:26:46 | ERROR    | __main__:backup_task:186 - Error in backup task: name 'time' is not defined
2025-05-01 20:26:46 | ERROR    | __main__:backup_task:186 - Error in backup task: name 'time' is not defined
2025-05-01 20:26:46 | ERROR    | __main__:backup_task:186 - Error in backup task: name 'time' is not defined
2025-05-01 20:26:46 | ERROR    | __main__:backup_task:186 - Error in backup task: name 'time' is not defined
2025-05-01 20:26:46 | ERROR    | __main__:backup_task:186 - Error in backup task: name 'time' is not defined
2025-05-01 20:26:46 | ERROR    | __main__:backup_task:186 - Error in backup task: name 'time' is not defined
2025-05-01 20:26:46 | ERROR    | __main__:backup_task:186 - Error in backup task: name 'time' is not defined
2025-05-01 20:26:46 | ERROR    | __main__:backup_task:186 - Error in backup task: name 'time' is not defined
2025-05-01 20:26:46 | ERROR    | __main__:backup_task:186 - Error in backup task: name 'time' is not defined
2025-05-01 20:26:46 | ERROR    | __main__:backup_task:186 - Error in backup task: name 'time' is not defined
2025-05-01 20:26:46 | ERROR    | __main__:backup_task:186 - Error in backup task: name 'time' is not defined
2025-05-01 20:26:46 | ERROR    | __main__:backup_task:186 - Error in backup task: name 'time' is not defined
2025-05-01 20:26:46 | ERROR    | __main__:backup_task:186 - Error in backup task: name 'time' is not defined
2025-05-01 20:26:46 | ERROR    | __main__:backup_task:186 - Error in backup task: name 'time' is not defined
2025-05-01 20:26:46 | ERROR    | __main__:backup_task:186 - Error in backup task: name 'time' is not defined
2025-05-01 20:26:46 | ERROR    | __main__:backup_task:186 - Error in backup task: name 'time' is not defined
2025-05-01 20:26:46 | ERROR    | __main__:backup_task:186 - Error in backup task: name 'time' is not defined
2025-05-01 20:26:46 | ERROR    | __main__:backup_task:186 - Error in backup task: name 'time' is not defined
2025-05-01 20:26:46 | ERROR    | __main__:backup_task:186 - Error in backup task: name 'time' is not defined
2025-05-01 20:26:46 | ERROR    | __main__:backup_task:186 - Error in backup task: name 'time' is not defined
2025-05-01 20:26:46 | ERROR    | __main__:backup_task:186 - Error in backup task: name 'time' is not defined
2025-05-01 20:26:46 | ERROR    | __main__:backup_task:186 - Error in backup task: name 'time' is not defined
2025-05-01 20:26:46 | ERROR    | __main__:backup_task:186 - Error in backup task: name 'time' is not defined
2025-05-01 20:26:46 | ERROR    | __main__:backup_task:186 - Error in backup task: name 'time' is not defined
2025-05-01 20:26:46 | ERROR    | __main__:backup_task:186 - Error in backup task: name 'time' is not defined
2025-05-01 20:26:46 | ERROR    | __main__:backup_task:186 - Error in backup task: name 'time' is not defined
2025-05-01 20:26:46 | ERROR    | __main__:backup_task:186 - Error in backup task: name 'time' is not defined
2025-05-01 20:26:46 | ERROR    | __main__:backup_task:186 - Error in backup task: name 'time' is not defined
2025-05-01 20:26:46 | ERROR    | __main__:backup_task:186 - Error in backup task: name 'time' is not defined
2025-05-01 20:26:46 | ERROR    | __main__:backup_task:186 - Error in backup task: name 'time' is not defined
2025-05-01 20:26:46 | ERROR    | __main__:backup_task:186 - Error in backup task: name 'time' is not defined
2025-05-01 20:26:46 | ERROR    | __main__:backup_task:186 - Error in backup task: name 'time' is not defined
2025-05-01 20:26:46 | ERROR    | __main__:backup_task:186 - Error in backup task: name 'time' is not defined
2025-05-01 20:26:46 | ERROR    | __main__:backup_task:186 - Error in backup task: name 'time' is not defined
2025-05-01 20:26:46 | ERROR    | __main__:backup_task:186 - Error in backup task: name 'time' is not defined
2025-05-01 20:26:46 | ERROR    | __main__:backup_task:186 - Error in backup task: name 'time' is not defined
2025-05-01 20:26:46 | ERROR    | __main__:backup_task:186 - Error in backup task: name 'time' is not defined
2025-05-01 20:26:46 | ERROR    | __main__:backup_task:186 - Error in backup task: name 'time' is not defined
2025-05-01 20:26:46 | ERROR    | __main__:backup_task:186 - Error in backup task: name 'time' is not defined
2025-05-01 20:26:46 | ERROR    | __main__:backup_task:186 - Error in backup task: name 'time' is not defined
2025-05-01 20:26:46 | ERROR    | __main__:backup_task:186 - Error in backup task: name 'time' is not defined
2025-05-01 20:26:46 | ERROR    | __main__:backup_task:186 - Error in backup task: name 'time' is not defined
2025-05-01 20:26:46 | ERROR    | __main__:backup_task:186 - Error in backup task: name 'time' is not defined
2025-05-01 20:26:46 | ERROR    | __main__:backup_task:186 - Error in backup task: name 'time' is not defined
2025-05-01 20:26:46 | ERROR    | __main__:backup_task:186 - Error in backup task: name 'time' is not defined
2025-05-01 20:26:46 | ERROR    | __main__:backup_task:186 - Error in backup task: name 'time' is not defined
2025-05-01 20:26:46 | ERROR    | __main__:backup_task:186 - Error in backup task: name 'time' is not defined
2025-05-01 20:26:46 | ERROR    | __main__:backup_task:186 - Error in backup task: name 'time' is not defined
2025-05-01 20:26:46 | ERROR    | __main__:backup_task:186 - Error in backup task: name 'time' is not defined
2025-05-01 20:26:46 | ERROR    | __main__:backup_task:186 - Error in backup task: name 'time' is not defined
2025-05-01 20:26:46 | ERROR    | __main__:backup_task:186 - Error in backup task: name 'time' is not defined
2025-05-01 20:26:46 | ERROR    | __main__:backup_task:186 - Error in backup task: name 'time' is not defined
2025-05-01 20:26:46 | ERROR    | __main__:backup_task:186 - Error in backup task: name 'time' is not defined
2025-05-01 20:26:46 | ERROR    | __main__:backup_task:186 - Error in backup task: name 'time' is not defined
2025-05-01 20:26:46 | ERROR    | __main__:backup_task:186 - Error in backup task: name 'time' is not defined
2025-05-01 20:26:46 | ERROR    | __main__:backup_task:186 - Error in backup task: name 'time' is not defined
2025-05-01 20:26:46 | ERROR    | __main__:backup_task:186 - Error in backup task: name 'time' is not defined
2025-05-01 20:26:46 | ERROR    | __main__:backup_task:186 - Error in backup task: name 'time' is not defined
2025-05-01 20:26:46 | ERROR    | __main__:backup_task:186 - Error in backup task: name 'time' is not defined
2025-05-01 20:26:46 | ERROR    | __main__:backup_task:186 - Error in backup task: name 'time' is not defined
2025-05-01 20:26:46 | ERROR    | __main__:backup_task:186 - Error in backup task: name 'time' is not defined
2025-05-01 20:26:46 | ERROR    | __main__:backup_task:186 - Error in backup task: name 'time' is not defined
2025-05-01 20:26:46 | ERROR    | __main__:backup_task:186 - Error in backup task: name 'time' is not defined
2025-05-01 20:26:46 | ERROR    | __main__:backup_task:186 - Error in backup task: name 'time' is not defined
2025-05-01 20:26:46 | ERROR    | __main__:backup_task:186 - Error in backup task: name 'time' is not defined
2025-05-01 20:26:46 | ERROR    | __main__:backup_task:186 - Error in backup task: name 'time' is not defined
2025-05-01 20:26:46 | ERROR    | __main__:backup_task:186 - Error in backup task: name 'time' is not defined
2025-05-01 20:26:46 | ERROR    | __main__:backup_task:186 - Error in backup task: name 'time' is not defined
2025-05-01 20:26:46 | ERROR    | __main__:backup_task:186 - Error in backup task: name 'time' is not defined
2025-05-01 20:26:46 | ERROR    | __main__:backup_task:186 - Error in backup task: name 'time' is not defined
2025-05-01 20:26:46 | ERROR    | __main__:backup_task:186 - Error in backup task: name 'time' is not defined
2025-05-01 20:26:46 | ERROR    | __main__:backup_task:186 - Error in backup task: name 'time' is not defined
2025-05-01 20:26:46 | ERROR    | __main__:backup_task:186 - Error in backup task: name 'time' is not defined
2025-05-01 20:26:46 | ERROR    | __main__:backup_task:186 - Error in backup task: name 'time' is not defined
2025-05-01 20:26:46 | ERROR    | __main__:backup_task:186 - Error in backup task: name 'time' is not defined
2025-05-01 20:26:46 | ERROR    | __main__:backup_task:186 - Error in backup task: name 'time' is not defined
2025-05-01 20:26:46 | ERROR    | __main__:backup_task:186 - Error in backup task: name 'time' is not defined
2025-05-01 20:26:46 | ERROR    | __main__:backup_task:186 - Error in backup task: name 'time' is not defined
2025-05-01 20:26:46 | ERROR    | __main__:backup_task:186 - Error in backup task: name 'time' is not defined
2025-05-01 20:26:46 | ERROR    | __main__:backup_task:186 - Error in backup task: name 'time' is not defined
2025-05-01 20:26:46 | ERROR    | __main__:backup_task:186 - Error in backup task: name 'time' is not defined
2025-05-01 20:26:46 | ERROR    | __main__:backup_task:186 - Error in backup task: name 'time' is not defined
2025-05-01 20:26:46 | ERROR    | __main__:backup_task:186 - Error in backup task: name 'time' is not defined
2025-05-01 20:26:46 | ERROR    | __main__:backup_task:186 - Error in backup task: name 'time' is not defined
2025-05-01 20:26:46 | ERROR    | __main__:backup_task:186 - Error in backup task: name 'time' is not defined
2025-05-01 20:26:46 | ERROR    | __main__:backup_task:186 - Error in backup task: name 'time' is not defined
2025-05-01 20:26:46 | ERROR    | __main__:backup_task:186 - Error in backup task: name 'time' is not defined
2025-05-01 20:26:46 | ERROR    | __main__:backup_task:186 - Error in backup task: name 'time' is not defined
2025-05-01 20:26:46 | ERROR    | __main__:backup_task:186 - Error in backup task: name 'time' is not defined
2025-05-01 20:26:46 | ERROR    | __main__:backup_task:186 - Error in backup task: name 'time' is not defined
2025-05-01 20:26:46 | ERROR    | __main__:backup_task:186 - Error in backup task: name 'time' is not defined
2025-05-01 20:26:46 | ERROR    | __main__:backup_task:186 - Error in backup task: name 'time' is not defined
2025-05-01 20:26:46 | ERROR    | __main__:backup_task:186 - Error in backup task: name 'time' is not defined
2025-05-01 20:26:46 | ERROR    | __main__:backup_task:186 - Error in backup task: name 'time' is not defined
2025-05-01 20:26:46 | ERROR    | __main__:backup_task:186 - Error in backup task: name 'time' is not defined
2025-05-01 20:26:46 | ERROR    | __main__:backup_task:186 - Error in backup task: name 'time' is not defined
2025-05-01 20:26:46 | ERROR    | __main__:backup_task:186 - Error in backup task: name 'time' is not defined
2025-05-01 20:26:46 | ERROR    | __main__:backup_task:186 - Error in backup task: name 'time' is not defined
2025-05-01 20:26:46 | ERROR    | __main__:backup_task:186 - Error in backup task: name 'time' is not defined
2025-05-01 20:26:46 | ERROR    | __main__:backup_task:186 - Error in backup task: name 'time' is not defined
2025-05-01 20:26:46 | ERROR    | __main__:backup_task:186 - Error in backup task: name 'time' is not defined
2025-05-01 20:26:46 | ERROR    | __main__:backup_task:186 - Error in backup task: name 'time' is not defined
2025-05-01 20:26:46 | ERROR    | __main__:backup_task:186 - Error in backup task: name 'time' is not defined
2025-05-01 20:26:46 | ERROR    | __main__:backup_task:186 - Error in backup task: name 'time' is not defined
2025-05-01 20:26:46 | ERROR    | __main__:backup_task:186 - Error in backup task: name 'time' is not defined
2025-05-01 20:26:46 | ERROR    | __main__:backup_task:186 - Error in backup task: name 'time' is not defined
2025-05-01 20:26:46 | ERROR    | __main__:backup_task:186 - Error in backup task: name 'time' is not defined
2025-05-01 20:26:46 | ERROR    | __main__:backup_task:186 - Error in backup task: name 'time' is not defined
2025-05-01 20:26:46 | ERROR    | __main__:backup_task:186 - Error in backup task: name 'time' is not defined
2025-05-01 20:26:46 | ERROR    | __main__:backup_task:186 - Error in backup task: name 'time' is not defined
2025-05-01 20:26:46 | ERROR    | __main__:backup_task:186 - Error in backup task: name 'time' is not defined
2025-05-01 20:26:46 | ERROR    | __main__:backup_task:186 - Error in backup task: name 'time' is not defined
2025-05-01 20:26:46 | ERROR    | __main__:backup_task:186 - Error in backup task: name 'time' is not defined
2025-05-01 20:26:46 | ERROR    | __main__:backup_task:186 - Error in backup task: name 'time' is not defined
2025-05-01 20:26:46 | ERROR    | __main__:backup_task:186 - Error in backup task: name 'time' is not defined
2025-05-01 20:26:46 | ERROR    | __main__:backup_task:186 - Error in backup task: name 'time' is not defined
2025-05-01 20:26:46 | ERROR    | __main__:backup_task:186 - Error in backup task: name 'time' is not defined
2025-05-01 20:26:46 | ERROR    | __main__:backup_task:186 - Error in backup task: name 'time' is not defined
2025-05-01 20:26:46 | ERROR    | __main__:backup_task:186 - Error in backup task: name 'time' is not defined
2025-05-01 20:26:46 | ERROR    | __main__:backup_task:186 - Error in backup task: name 'time' is not defined
2025-05-01 20:26:46 | ERROR    | __main__:backup_task:186 - Error in backup task: name 'time' is not defined
2025-05-01 20:26:46 | ERROR    | __main__:backup_task:186 - Error in backup task: name 'time' is not defined
2025-05-01 20:26:46 | ERROR    | __main__:backup_task:186 - Error in backup task: name 'time' is not defined
2025-05-01 20:26:46 | ERROR    | __main__:backup_task:186 - Error in backup task: name 'time' is not defined
2025-05-01 20:26:46 | ERROR    | __main__:backup_task:186 - Error in backup task: name 'time' is not defined
2025-05-01 20:26:46 | ERROR    | __main__:backup_task:186 - Error in backup task: name 'time' is not defined
2025-05-01 20:26:46 | ERROR    | __main__:backup_task:186 - Error in backup task: name 'time' is not defined
2025-05-01 20:26:46 | ERROR    | __main__:backup_task:186 - Error in backup task: name 'time' is not defined
2025-05-01 20:26:46 | ERROR    | __main__:backup_task:186 - Error in backup task: name 'time' is not defined
2025-05-01 20:26:46 | ERROR    | __main__:backup_task:186 - Error in backup task: name 'time' is not defined
2025-05-01 20:26:46 | ERROR    | __main__:backup_task:186 - Error in backup task: name 'time' is not defined
2025-05-01 20:26:46 | ERROR    | __main__:backup_task:186 - Error in backup task: name 'time' is not defined
2025-05-01 20:26:46 | ERROR    | __main__:backup_task:186 - Error in backup task: name 'time' is not defined
2025-05-01 20:26:46 | ERROR    | __main__:backup_task:186 - Error in backup task: name 'time' is not defined
2025-05-01 20:26:46 | ERROR    | __main__:backup_task:186 - Error in backup task: name 'time' is not defined
2025-05-01 20:26:46 | ERROR    | __main__:backup_task:186 - Error in backup task: name 'time' is not defined
2025-05-01 20:26:46 | ERROR    | __main__:backup_task:186 - Error in backup task: name 'time' is not defined
2025-05-01 20:26:46 | ERROR    | __main__:backup_task:186 - Error in backup task: name 'time' is not defined
2025-05-01 20:26:46 | ERROR    | __main__:backup_task:186 - Error in backup task: name 'time' is not defined
2025-05-01 20:26:46 | ERROR    | __main__:backup_task:186 - Error in backup task: name 'time' is not defined
2025-05-01 20:26:46 | ERROR    | __main__:backup_task:186 - Error in backup task: name 'time' is not defined
2025-05-01 20:26:46 | ERROR    | __main__:backup_task:186 - Error in backup task: name 'time' is not defined
2025-05-01 20:26:46 | ERROR    | __main__:backup_task:186 - Error in backup task: name 'time' is not defined
2025-05-01 20:26:46 | ERROR    | __main__:backup_task:186 - Error in backup task: name 'time' is not defined
2025-05-01 20:26:46 | ERROR    | __main__:backup_task:186 - Error in backup task: name 'time' is not defined
2025-05-01 20:26:46 | ERROR    | __main__:backup_task:186 - Error in backup task: name 'time' is not defined
2025-05-01 20:26:46 | ERROR    | __main__:backup_task:186 - Error in backup task: name 'time' is not defined
2025-05-01 20:26:46 | ERROR    | __main__:backup_task:186 - Error in backup task: name 'time' is not defined
2025-05-01 20:26:46 | ERROR    | __main__:backup_task:186 - Error in backup task: name 'time' is not defined
2025-05-01 20:26:46 | ERROR    | __main__:backup_task:186 - Error in backup task: name 'time' is not defined
2025-05-01 20:26:46 | ERROR    | __main__:backup_task:186 - Error in backup task: name 'time' is not defined
2025-05-01 20:26:46 | ERROR    | __main__:backup_task:186 - Error in backup task: name 'time' is not defined
2025-05-01 20:26:46 | ERROR    | __main__:backup_task:186 - Error in backup task: name 'time' is not defined
2025-05-01 20:26:46 | ERROR    | __main__:backup_task:186 - Error in backup task: name 'time' is not defined
2025-05-01 20:26:46 | ERROR    | __main__:backup_task:186 - Error in backup task: name 'time' is not defined
2025-05-01 20:26:46 | ERROR    | __main__:backup_task:186 - Error in backup task: name 'time' is not defined
2025-05-01 20:26:46 | ERROR    | __main__:backup_task:186 - Error in backup task: name 'time' is not defined
2025-05-01 20:26:46 | ERROR    | __main__:backup_task:186 - Error in backup task: name 'time' is not defined
2025-05-01 20:26:46 | ERROR    | __main__:backup_task:186 - Error in backup task: name 'time' is not defined
2025-05-01 20:26:46 | ERROR    | __main__:backup_task:186 - Error in backup task: name 'time' is not defined
2025-05-01 20:26:46 | ERROR    | __main__:backup_task:186 - Error in backup task: name 'time' is not defined
2025-05-01 20:26:46 | ERROR    | __main__:backup_task:186 - Error in backup task: name 'time' is not defined
2025-05-01 20:26:46 | ERROR    | __main__:backup_task:186 - Error in backup task: name 'time' is not defined
2025-05-01 20:26:46 | ERROR    | __main__:backup_task:186 - Error in backup task: name 'time' is not defined
2025-05-01 20:26:46 | ERROR    | __main__:backup_task:186 - Error in backup task: name 'time' is not defined
2025-05-01 20:26:46 | ERROR    | __main__:backup_task:186 - Error in backup task: name 'time' is not defined
2025-05-01 20:26:46 | ERROR    | __main__:backup_task:186 - Error in backup task: name 'time' is not defined
2025-05-01 20:26:46 | ERROR    | __main__:backup_task:186 - Error in backup task: name 'time' is not defined
2025-05-01 20:26:46 | ERROR    | __main__:backup_task:186 - Error in backup task: name 'time' is not defined
2025-05-01 20:26:46 | ERROR    | __main__:backup_task:186 - Error in backup task: name 'time' is not defined
2025-05-01 20:26:46 | ERROR    | __main__:backup_task:186 - Error in backup task: name 'time' is not defined
2025-05-01 20:26:46 | ERROR    | __main__:backup_task:186 - Error in backup task: name 'time' is not defined
2025-05-01 20:26:46 | ERROR    | __main__:backup_task:186 - Error in backup task: name 'time' is not defined
2025-05-01 20:26:46 | ERROR    | __main__:backup_task:186 - Error in backup task: name 'time' is not defined
2025-05-01 20:26:46 | ERROR    | __main__:backup_task:186 - Error in backup task: name 'time' is not defined
2025-05-01 20:26:46 | ERROR    | __main__:backup_task:186 - Error in backup task: name 'time' is not defined
2025-05-01 20:26:46 | ERROR    | __main__:backup_task:186 - Error in backup task: name 'time' is not defined
2025-05-01 20:26:46 | ERROR    | __main__:backup_task:186 - Error in backup task: name 'time' is not defined
2025-05-01 20:26:46 | ERROR    | __main__:backup_task:186 - Error in backup task: name 'time' is not defined
2025-05-01 20:26:46 | ERROR    | __main__:backup_task:186 - Error in backup task: name 'time' is not defined
2025-05-01 20:26:46 | ERROR    | __main__:backup_task:186 - Error in backup task: name 'time' is not defined
2025-05-01 20:26:46 | ERROR    | __main__:backup_task:186 - Error in backup task: name 'time' is not defined
2025-05-01 20:26:46 | ERROR    | __main__:backup_task:186 - Error in backup task: name 'time' is not defined
2025-05-01 20:26:46 | ERROR    | __main__:backup_task:186 - Error in backup task: name 'time' is not defined
2025-05-01 20:26:46 | ERROR    | __main__:backup_task:186 - Error in backup task: name 'time' is not defined
2025-05-01 20:26:46 | ERROR    | __main__:backup_task:186 - Error in backup task: name 'time' is not defined
2025-05-01 20:26:46 | ERROR    | __main__:backup_task:186 - Error in backup task: name 'time' is not defined
2025-05-01 20:26:46 | ERROR    | __main__:backup_task:186 - Error in backup task: name 'time' is not defined
2025-05-01 20:26:46 | ERROR    | __main__:backup_task:186 - Error in backup task: name 'time' is not defined
2025-05-01 20:26:46 | ERROR    | __main__:backup_task:186 - Error in backup task: name 'time' is not defined
2025-05-01 20:26:46 | ERROR    | __main__:backup_task:186 - Error in backup task: name 'time' is not defined
2025-05-01 20:26:46 | ERROR    | __main__:backup_task:186 - Error in backup task: name 'time' is not defined
2025-05-01 20:26:46 | ERROR    | __main__:backup_task:186 - Error in backup task: name 'time' is not defined
2025-05-01 20:26:46 | ERROR    | __main__:backup_task:186 - Error in backup task: name 'time' is not defined
2025-05-01 20:26:46 | ERROR    | __main__:backup_task:186 - Error in backup task: name 'time' is not defined
2025-05-01 20:26:46 | ERROR    | __main__:backup_task:186 - Error in backup task: name 'time' is not defined
2025-05-01 20:26:46 | ERROR    | __main__:backup_task:186 - Error in backup task: name 'time' is not defined
2025-05-01 20:26:46 | ERROR    | __main__:backup_task:186 - Error in backup task: name 'time' is not defined
2025-05-01 20:26:46 | ERROR    | __main__:backup_task:186 - Error in backup task: name 'time' is not defined
2025-05-01 20:26:46 | ERROR    | __main__:backup_task:186 - Error in backup task: name 'time' is not defined
2025-05-01 20:26:46 | ERROR    | __main__:backup_task:186 - Error in backup task: name 'time' is not defined
2025-05-01 20:26:46 | ERROR    | __main__:backup_task:186 - Error in backup task: name 'time' is not defined
2025-05-01 20:26:46 | ERROR    | __main__:backup_task:186 - Error in backup task: name 'time' is not defined
2025-05-01 20:26:46 | ERROR    | __main__:backup_task:186 - Error in backup task: name 'time' is not defined
2025-05-01 20:26:46 | ERROR    | __main__:backup_task:186 - Error in backup task: name 'time' is not defined
2025-05-01 20:26:46 | ERROR    | __main__:backup_task:186 - Error in backup task: name 'time' is not defined
2025-05-01 20:26:46 | ERROR    | __main__:backup_task:186 - Error in backup task: name 'time' is not defined
2025-05-01 20:26:46 | ERROR    | __main__:backup_task:186 - Error in backup task: name 'time' is not defined
2025-05-01 20:26:46 | ERROR    | __main__:backup_task:186 - Error in backup task: name 'time' is not defined
2025-05-01 20:26:46 | ERROR    | __main__:backup_task:186 - Error in backup task: name 'time' is not defined
2025-05-01 20:26:46 | ERROR    | __main__:backup_task:186 - Error in backup task: name 'time' is not defined
2025-05-01 20:26:46 | ERROR    | __main__:backup_task:186 - Error in backup task: name 'time' is not defined
2025-05-01 20:26:46 | ERROR    | __main__:backup_task:186 - Error in backup task: name 'time' is not defined
2025-05-01 20:26:46 | ERROR    | __main__:backup_task:186 - Error in backup task: name 'time' is not defined
2025-05-01 20:26:46 | ERROR    | __main__:backup_task:186 - Error in backup task: name 'time' is not defined
2025-05-01 20:26:46 | ERROR    | __main__:backup_task:186 - Error in backup task: name 'time' is not defined
2025-05-01 20:26:46 | ERROR    | __main__:backup_task:186 - Error in backup task: name 'time' is not defined
2025-05-01 20:26:46 | ERROR    | __main__:backup_task:186 - Error in backup task: name 'time' is not defined
2025-05-01 20:26:46 | ERROR    | __main__:backup_task:186 - Error in backup task: name 'time' is not defined
2025-05-01 20:26:46 | ERROR    | __main__:backup_task:186 - Error in backup task: name 'time' is not defined
2025-05-01 20:26:46 | ERROR    | __main__:backup_task:186 - Error in backup task: name 'time' is not defined
2025-05-01 20:26:46 | ERROR    | __main__:backup_task:186 - Error in backup task: name 'time' is not defined
2025-05-01 20:26:46 | ERROR    | __main__:backup_task:186 - Error in backup task: name 'time' is not defined
2025-05-01 20:26:46 | ERROR    | __main__:backup_task:186 - Error in backup task: name 'time' is not defined
2025-05-01 20:26:46 | ERROR    | __main__:backup_task:186 - Error in backup task: name 'time' is not defined
2025-05-01 20:26:46 | ERROR    | __main__:backup_task:186 - Error in backup task: name 'time' is not defined
2025-05-01 20:26:46 | ERROR    | __main__:backup_task:186 - Error in backup task: name 'time' is not defined
2025-05-01 20:26:46 | ERROR    | __main__:backup_task:186 - Error in backup task: name 'time' is not defined
2025-05-01 20:26:46 | ERROR    | __main__:backup_task:186 - Error in backup task: name 'time' is not defined
2025-05-01 20:26:46 | ERROR    | __main__:backup_task:186 - Error in backup task: name 'time' is not defined
2025-05-01 20:26:46 | ERROR    | __main__:backup_task:186 - Error in backup task: name 'time' is not defined
2025-05-01 20:26:46 | ERROR    | __main__:backup_task:186 - Error in backup task: name 'time' is not defined
2025-05-01 20:26:46 | ERROR    | __main__:backup_task:186 - Error in backup task: name 'time' is not defined
2025-05-01 20:26:46 | ERROR    | __main__:backup_task:186 - Error in backup task: name 'time' is not defined
2025-05-01 20:26:46 | ERROR    | __main__:backup_task:186 - Error in backup task: name 'time' is not defined
2025-05-01 20:26:46 | ERROR    | __main__:backup_task:186 - Error in backup task: name 'time' is not defined
2025-05-01 20:26:46 | ERROR    | __main__:backup_task:186 - Error in backup task: name 'time' is not defined
2025-05-01 20:26:46 | ERROR    | __main__:backup_task:186 - Error in backup task: name 'time' is not defined
2025-05-01 20:26:46 | ERROR    | __main__:backup_task:186 - Error in backup task: name 'time' is not defined
2025-05-01 20:26:46 | ERROR    | __main__:backup_task:186 - Error in backup task: name 'time' is not defined
2025-05-01 20:26:46 | ERROR    | __main__:backup_task:186 - Error in backup task: name 'time' is not defined
2025-05-01 20:26:46 | ERROR    | __main__:backup_task:186 - Error in backup task: name 'time' is not defined
2025-05-01 20:26:46 | ERROR    | __main__:backup_task:186 - Error in backup task: name 'time' is not defined
2025-05-01 20:26:46 | ERROR    | __main__:backup_task:186 - Error in backup task: name 'time' is not defined
2025-05-01 20:26:46 | ERROR    | __main__:backup_task:186 - Error in backup task: name 'time' is not defined
2025-05-01 20:26:46 | ERROR    | __main__:backup_task:186 - Error in backup task: name 'time' is not defined
2025-05-01 20:26:46 | ERROR    | __main__:backup_task:186 - Error in backup task: name 'time' is not defined
2025-05-01 20:26:46 | ERROR    | __main__:backup_task:186 - Error in backup task: name 'time' is not defined
2025-05-01 20:26:46 | ERROR    | __main__:backup_task:186 - Error in backup task: name 'time' is not defined
2025-05-01 20:26:46 | ERROR    | __main__:backup_task:186 - Error in backup task: name 'time' is not defined
2025-05-01 20:26:46 | ERROR    | __main__:backup_task:186 - Error in backup task: name 'time' is not defined
2025-05-01 20:26:46 | ERROR    | __main__:backup_task:186 - Error in backup task: name 'time' is not defined
2025-05-01 20:26:46 | ERROR    | __main__:backup_task:186 - Error in backup task: name 'time' is not defined
2025-05-01 20:26:46 | ERROR    | __main__:backup_task:186 - Error in backup task: name 'time' is not defined
2025-05-01 20:26:46 | ERROR    | __main__:backup_task:186 - Error in backup task: name 'time' is not defined
2025-05-01 20:26:46 | ERROR    | __main__:backup_task:186 - Error in backup task: name 'time' is not defined
2025-05-01 20:26:46 | ERROR    | __main__:backup_task:186 - Error in backup task: name 'time' is not defined
2025-05-01 20:26:46 | ERROR    | __main__:backup_task:186 - Error in backup task: name 'time' is not defined
2025-05-01 20:26:46 | ERROR    | __main__:backup_task:186 - Error in backup task: name 'time' is not defined
2025-05-01 20:26:46 | ERROR    | __main__:backup_task:186 - Error in backup task: name 'time' is not defined
2025-05-01 20:26:46 | ERROR    | __main__:backup_task:186 - Error in backup task: name 'time' is not defined
2025-05-01 20:26:46 | ERROR    | __main__:backup_task:186 - Error in backup task: name 'time' is not defined
2025-05-01 20:26:46 | ERROR    | __main__:backup_task:186 - Error in backup task: name 'time' is not defined
2025-05-01 20:26:46 | ERROR    | __main__:backup_task:186 - Error in backup task: name 'time' is not defined
2025-05-01 20:26:46 | ERROR    | __main__:backup_task:186 - Error in backup task: name 'time' is not defined
2025-05-01 20:26:46 | ERROR    | __main__:backup_task:186 - Error in backup task: name 'time' is not defined
2025-05-01 20:26:46 | ERROR    | __main__:backup_task:186 - Error in backup task: name 'time' is not defined
2025-05-01 20:26:46 | ERROR    | __main__:backup_task:186 - Error in backup task: name 'time' is not defined
2025-05-01 20:26:46 | ERROR    | __main__:backup_task:186 - Error in backup task: name 'time' is not defined
2025-05-01 20:26:46 | ERROR    | __main__:backup_task:186 - Error in backup task: name 'time' is not defined
2025-05-01 20:26:46 | ERROR    | __main__:backup_task:186 - Error in backup task: name 'time' is not defined
2025-05-01 20:26:46 | ERROR    | __main__:backup_task:186 - Error in backup task: name 'time' is not defined
2025-05-01 20:26:46 | ERROR    | __main__:backup_task:186 - Error in backup task: name 'time' is not defined
2025-05-01 20:26:46 | ERROR    | __main__:backup_task:186 - Error in backup task: name 'time' is not defined
2025-05-01 20:26:46 | ERROR    | __main__:backup_task:186 - Error in backup task: name 'time' is not defined
2025-05-01 20:26:46 | ERROR    | __main__:backup_task:186 - Error in backup task: name 'time' is not defined
2025-05-01 20:26:46 | ERROR    | __main__:backup_task:186 - Error in backup task: name 'time' is not defined
2025-05-01 20:26:46 | ERROR    | __main__:backup_task:186 - Error in backup task: name 'time' is not defined
2025-05-01 20:26:46 | ERROR    | __main__:backup_task:186 - Error in backup task: name 'time' is not defined
2025-05-01 20:26:46 | ERROR    | __main__:backup_task:186 - Error in backup task: name 'time' is not defined
2025-05-01 20:26:46 | ERROR    | __main__:backup_task:186 - Error in backup task: name 'time' is not defined
2025-05-01 20:26:46 | ERROR    | __main__:backup_task:186 - Error in backup task: name 'time' is not defined
2025-05-01 20:26:46 | ERROR    | __main__:backup_task:186 - Error in backup task: name 'time' is not defined
2025-05-01 20:26:46 | ERROR    | __main__:backup_task:186 - Error in backup task: name 'time' is not defined
2025-05-01 20:26:46 | ERROR    | __main__:backup_task:186 - Error in backup task: name 'time' is not defined
2025-05-01 20:26:46 | ERROR    | __main__:backup_task:186 - Error in backup task: name 'time' is not defined
2025-05-01 20:26:46 | ERROR    | __main__:backup_task:186 - Error in backup task: name 'time' is not defined
2025-05-01 20:26:46 | ERROR    | __main__:backup_task:186 - Error in backup task: name 'time' is not defined
2025-05-01 20:26:46 | ERROR    | __main__:backup_task:186 - Error in backup task: name 'time' is not defined
2025-05-01 20:26:46 | ERROR    | __main__:backup_task:186 - Error in backup task: name 'time' is not defined
2025-05-01 20:26:46 | ERROR    | __main__:backup_task:186 - Error in backup task: name 'time' is not defined
2025-05-01 20:26:46 | ERROR    | __main__:backup_task:186 - Error in backup task: name 'time' is not defined
2025-05-01 20:26:46 | ERROR    | __main__:backup_task:186 - Error in backup task: name 'time' is not defined
2025-05-01 20:26:46 | ERROR    | __main__:backup_task:186 - Error in backup task: name 'time' is not defined
2025-05-01 20:26:46 | ERROR    | __main__:backup_task:186 - Error in backup task: name 'time' is not defined
2025-05-01 20:26:46 | ERROR    | __main__:backup_task:186 - Error in backup task: name 'time' is not defined
2025-05-01 20:26:46 | ERROR    | __main__:backup_task:186 - Error in backup task: name 'time' is not defined
2025-05-01 20:26:46 | ERROR    | __main__:backup_task:186 - Error in backup task: name 'time' is not defined
2025-05-01 20:26:46 | ERROR    | __main__:backup_task:186 - Error in backup task: name 'time' is not defined
2025-05-01 20:26:46 | ERROR    | __main__:backup_task:186 - Error in backup task: name 'time' is not defined
2025-05-01 20:26:46 | ERROR    | __main__:backup_task:186 - Error in backup task: name 'time' is not defined
2025-05-01 20:26:46 | ERROR    | __main__:backup_task:186 - Error in backup task: name 'time' is not defined
2025-05-01 20:26:46 | ERROR    | __main__:backup_task:186 - Error in backup task: name 'time' is not defined
2025-05-01 20:26:46 | ERROR    | __main__:backup_task:186 - Error in backup task: name 'time' is not defined
2025-05-01 20:26:46 | ERROR    | __main__:backup_task:186 - Error in backup task: name 'time' is not defined
2025-05-01 20:26:46 | ERROR    | __main__:backup_task:186 - Error in backup task: name 'time' is not defined
2025-05-01 20:26:46 | ERROR    | __main__:backup_task:186 - Error in backup task: name 'time' is not defined
2025-05-01 20:26:46 | ERROR    | __main__:backup_task:186 - Error in backup task: name 'time' is not defined
2025-05-01 20:26:46 | ERROR    | __main__:backup_task:186 - Error in backup task: name 'time' is not defined
2025-05-01 20:26:46 | ERROR    | __main__:backup_task:186 - Error in backup task: name 'time' is not defined
2025-05-01 20:26:46 | ERROR    | __main__:backup_task:186 - Error in backup task: name 'time' is not defined
2025-05-01 20:26:46 | ERROR    | __main__:backup_task:186 - Error in backup task: name 'time' is not defined
2025-05-01 20:26:46 | ERROR    | __main__:backup_task:186 - Error in backup task: name 'time' is not defined
2025-05-01 20:26:46 | ERROR    | __main__:backup_task:186 - Error in backup task: name 'time' is not defined
2025-05-01 20:26:46 | ERROR    | __main__:backup_task:186 - Error in backup task: name 'time' is not defined
2025-05-01 20:26:46 | ERROR    | __main__:backup_task:186 - Error in backup task: name 'time' is not defined
2025-05-01 20:26:46 | ERROR    | __main__:backup_task:186 - Error in backup task: name 'time' is not defined
2025-05-01 20:26:46 | ERROR    | __main__:backup_task:186 - Error in backup task: name 'time' is not defined
2025-05-01 20:26:46 | ERROR    | __main__:backup_task:186 - Error in backup task: name 'time' is not defined
2025-05-01 20:26:46 | ERROR    | __main__:backup_task:186 - Error in backup task: name 'time' is not defined
2025-05-01 20:26:46 | ERROR    | __main__:backup_task:186 - Error in backup task: name 'time' is not defined
2025-05-01 20:26:46 | ERROR    | __main__:backup_task:186 - Error in backup task: name 'time' is not defined
2025-05-01 20:26:46 | ERROR    | __main__:backup_task:186 - Error in backup task: name 'time' is not defined
2025-05-01 20:26:46 | ERROR    | __main__:backup_task:186 - Error in backup task: name 'time' is not defined
2025-05-01 20:26:46 | ERROR    | __main__:backup_task:186 - Error in backup task: name 'time' is not defined
2025-05-01 20:26:46 | ERROR    | __main__:backup_task:186 - Error in backup task: name 'time' is not defined
2025-05-01 20:26:46 | ERROR    | __main__:backup_task:186 - Error in backup task: name 'time' is not defined
2025-05-01 20:26:46 | ERROR    | __main__:backup_task:186 - Error in backup task: name 'time' is not defined
2025-05-01 20:26:46 | ERROR    | __main__:backup_task:186 - Error in backup task: name 'time' is not defined
2025-05-01 20:26:46 | ERROR    | __main__:backup_task:186 - Error in backup task: name 'time' is not defined
2025-05-01 20:26:46 | ERROR    | __main__:backup_task:186 - Error in backup task: name 'time' is not defined
2025-05-01 20:26:46 | ERROR    | __main__:backup_task:186 - Error in backup task: name 'time' is not defined
2025-05-01 20:26:46 | ERROR    | __main__:backup_task:186 - Error in backup task: name 'time' is not defined
2025-05-01 20:26:46 | ERROR    | __main__:backup_task:186 - Error in backup task: name 'time' is not defined
2025-05-01 20:26:46 | ERROR    | __main__:backup_task:186 - Error in backup task: name 'time' is not defined
2025-05-01 20:26:46 | ERROR    | __main__:backup_task:186 - Error in backup task: name 'time' is not defined
2025-05-01 20:26:46 | ERROR    | __main__:backup_task:186 - Error in backup task: name 'time' is not defined
2025-05-01 20:26:46 | ERROR    | __main__:backup_task:186 - Error in backup task: name 'time' is not defined
2025-05-01 20:26:46 | ERROR    | __main__:backup_task:186 - Error in backup task: name 'time' is not defined
2025-05-01 20:26:46 | ERROR    | __main__:backup_task:186 - Error in backup task: name 'time' is not defined
2025-05-01 20:26:46 | ERROR    | __main__:backup_task:186 - Error in backup task: name 'time' is not defined
2025-05-01 20:26:46 | ERROR    | __main__:backup_task:186 - Error in backup task: name 'time' is not defined
2025-05-01 20:26:46 | ERROR    | __main__:backup_task:186 - Error in backup task: name 'time' is not defined
2025-05-01 20:26:46 | ERROR    | __main__:backup_task:186 - Error in backup task: name 'time' is not defined
2025-05-01 20:26:46 | ERROR    | __main__:backup_task:186 - Error in backup task: name 'time' is not defined
2025-05-01 20:26:46 | ERROR    | __main__:backup_task:186 - Error in backup task: name 'time' is not defined
2025-05-01 20:26:46 | ERROR    | __main__:backup_task:186 - Error in backup task: name 'time' is not defined
2025-05-01 20:26:46 | ERROR    | __main__:backup_task:186 - Error in backup task: name 'time' is not defined
2025-05-01 20:26:46 | ERROR    | __main__:backup_task:186 - Error in backup task: name 'time' is not defined
2025-05-01 20:26:46 | ERROR    | __main__:backup_task:186 - Error in backup task: name 'time' is not defined
2025-05-01 20:26:46 | ERROR    | __main__:backup_task:186 - Error in backup task: name 'time' is not defined
2025-05-01 20:26:46 | ERROR    | __main__:backup_task:186 - Error in backup task: name 'time' is not defined
2025-05-01 20:26:46 | ERROR    | __main__:backup_task:186 - Error in backup task: name 'time' is not defined
2025-05-01 20:26:46 | ERROR    | __main__:backup_task:186 - Error in backup task: name 'time' is not defined
2025-05-01 20:26:46 | ERROR    | __main__:backup_task:186 - Error in backup task: name 'time' is not defined
2025-05-01 20:26:46 | ERROR    | __main__:backup_task:186 - Error in backup task: name 'time' is not defined
2025-05-01 20:26:46 | ERROR    | __main__:backup_task:186 - Error in backup task: name 'time' is not defined
2025-05-01 20:26:46 | ERROR    | __main__:backup_task:186 - Error in backup task: name 'time' is not defined
2025-05-01 20:26:46 | ERROR    | __main__:backup_task:186 - Error in backup task: name 'time' is not defined
2025-05-01 20:26:46 | ERROR    | __main__:backup_task:186 - Error in backup task: name 'time' is not defined
2025-05-01 20:26:46 | ERROR    | __main__:backup_task:186 - Error in backup task: name 'time' is not defined
2025-05-01 20:26:46 | ERROR    | __main__:backup_task:186 - Error in backup task: name 'time' is not defined
2025-05-01 20:26:46 | ERROR    | __main__:backup_task:186 - Error in backup task: name 'time' is not defined
2025-05-01 20:26:46 | ERROR    | __main__:backup_task:186 - Error in backup task: name 'time' is not defined
2025-05-01 20:26:46 | ERROR    | __main__:backup_task:186 - Error in backup task: name 'time' is not defined
2025-05-01 20:26:46 | ERROR    | __main__:backup_task:186 - Error in backup task: name 'time' is not defined
2025-05-01 20:26:46 | ERROR    | __main__:backup_task:186 - Error in backup task: name 'time' is not defined
2025-05-01 20:26:46 | ERROR    | __main__:backup_task:186 - Error in backup task: name 'time' is not defined
2025-05-01 20:26:46 | ERROR    | __main__:backup_task:186 - Error in backup task: name 'time' is not defined
2025-05-01 20:26:46 | ERROR    | __main__:backup_task:186 - Error in backup task: name 'time' is not defined
2025-05-01 20:26:46 | ERROR    | __main__:backup_task:186 - Error in backup task: name 'time' is not defined
2025-05-01 20:26:46 | ERROR    | __main__:backup_task:186 - Error in backup task: name 'time' is not defined
2025-05-01 20:26:46 | ERROR    | __main__:backup_task:186 - Error in backup task: name 'time' is not defined
2025-05-01 20:26:46 | ERROR    | __main__:backup_task:186 - Error in backup task: name 'time' is not defined
2025-05-01 20:26:46 | ERROR    | __main__:backup_task:186 - Error in backup task: name 'time' is not defined
2025-05-01 20:26:46 | ERROR    | __main__:backup_task:186 - Error in backup task: name 'time' is not defined
2025-05-01 20:26:46 | ERROR    | __main__:backup_task:186 - Error in backup task: name 'time' is not defined
2025-05-01 20:26:46 | ERROR    | __main__:backup_task:186 - Error in backup task: name 'time' is not defined
2025-05-01 20:26:46 | ERROR    | __main__:backup_task:186 - Error in backup task: name 'time' is not defined
2025-05-01 20:26:46 | ERROR    | __main__:backup_task:186 - Error in backup task: name 'time' is not defined
2025-05-01 20:26:46 | ERROR    | __main__:backup_task:186 - Error in backup task: name 'time' is not defined
2025-05-01 20:26:46 | ERROR    | __main__:backup_task:186 - Error in backup task: name 'time' is not defined
2025-05-01 20:26:46 | ERROR    | __main__:backup_task:186 - Error in backup task: name 'time' is not defined
2025-05-01 20:26:46 | ERROR    | __main__:backup_task:186 - Error in backup task: name 'time' is not defined
2025-05-01 20:26:46 | ERROR    | __main__:backup_task:186 - Error in backup task: name 'time' is not defined
2025-05-01 20:26:46 | ERROR    | __main__:backup_task:186 - Error in backup task: name 'time' is not defined
2025-05-01 20:26:46 | ERROR    | __main__:backup_task:186 - Error in backup task: name 'time' is not defined
2025-05-01 20:26:46 | ERROR    | __main__:backup_task:186 - Error in backup task: name 'time' is not defined
2025-05-01 20:26:46 | ERROR    | __main__:backup_task:186 - Error in backup task: name 'time' is not defined
2025-05-01 20:26:46 | ERROR    | __main__:backup_task:186 - Error in backup task: name 'time' is not defined
2025-05-01 20:26:46 | ERROR    | __main__:backup_task:186 - Error in backup task: name 'time' is not defined
2025-05-01 20:26:46 | ERROR    | __main__:backup_task:186 - Error in backup task: name 'time' is not defined
2025-05-01 20:26:46 | ERROR    | __main__:backup_task:186 - Error in backup task: name 'time' is not defined
2025-05-01 20:26:46 | ERROR    | __main__:backup_task:186 - Error in backup task: name 'time' is not defined
2025-05-01 20:26:46 | ERROR    | __main__:backup_task:186 - Error in backup task: name 'time' is not defined
2025-05-01 20:26:46 | ERROR    | __main__:backup_task:186 - Error in backup task: name 'time' is not defined
2025-05-01 20:26:46 | ERROR    | __main__:backup_task:186 - Error in backup task: name 'time' is not defined
2025-05-01 20:26:46 | ERROR    | __main__:backup_task:186 - Error in backup task: name 'time' is not defined
2025-05-01 20:26:46 | ERROR    | __main__:backup_task:186 - Error in backup task: name 'time' is not defined
2025-05-01 20:26:46 | ERROR    | __main__:backup_task:186 - Error in backup task: name 'time' is not defined
2025-05-01 20:26:46 | ERROR    | __main__:backup_task:186 - Error in backup task: name 'time' is not defined
2025-05-01 20:26:46 | ERROR    | __main__:backup_task:186 - Error in backup task: name 'time' is not defined
2025-05-01 20:26:46 | ERROR    | __main__:backup_task:186 - Error in backup task: name 'time' is not defined
2025-05-01 20:26:46 | ERROR    | __main__:backup_task:186 - Error in backup task: name 'time' is not defined
2025-05-01 20:26:46 | ERROR    | __main__:backup_task:186 - Error in backup task: name 'time' is not defined
2025-05-01 20:26:46 | ERROR    | __main__:backup_task:186 - Error in backup task: name 'time' is not defined
2025-05-01 20:26:46 | ERROR    | __main__:backup_task:186 - Error in backup task: name 'time' is not defined
2025-05-01 20:26:46 | ERROR    | __main__:backup_task:186 - Error in backup task: name 'time' is not defined
2025-05-01 20:26:46 | ERROR    | __main__:backup_task:186 - Error in backup task: name 'time' is not defined
2025-05-01 20:26:46 | ERROR    | __main__:backup_task:186 - Error in backup task: name 'time' is not defined
2025-05-01 20:26:46 | ERROR    | __main__:backup_task:186 - Error in backup task: name 'time' is not defined
2025-05-01 20:26:46 | ERROR    | __main__:backup_task:186 - Error in backup task: name 'time' is not defined
2025-05-01 20:26:46 | ERROR    | __main__:backup_task:186 - Error in backup task: name 'time' is not defined
2025-05-01 20:26:46 | ERROR    | __main__:backup_task:186 - Error in backup task: name 'time' is not defined
2025-05-01 20:26:46 | ERROR    | __main__:backup_task:186 - Error in backup task: name 'time' is not defined
2025-05-01 20:26:46 | ERROR    | __main__:backup_task:186 - Error in backup task: name 'time' is not defined
2025-05-01 20:26:46 | ERROR    | __main__:backup_task:186 - Error in backup task: name 'time' is not defined
2025-05-01 20:26:46 | ERROR    | __main__:backup_task:186 - Error in backup task: name 'time' is not defined
2025-05-01 20:26:46 | ERROR    | __main__:backup_task:186 - Error in backup task: name 'time' is not defined
2025-05-01 20:26:46 | ERROR    | __main__:backup_task:186 - Error in backup task: name 'time' is not defined
2025-05-01 20:26:46 | ERROR    | __main__:backup_task:186 - Error in backup task: name 'time' is not defined
2025-05-01 20:26:46 | ERROR    | __main__:backup_task:186 - Error in backup task: name 'time' is not defined
2025-05-01 20:26:46 | ERROR    | __main__:backup_task:186 - Error in backup task: name 'time' is not defined
2025-05-01 20:26:46 | ERROR    | __main__:backup_task:186 - Error in backup task: name 'time' is not defined
2025-05-01 20:26:46 | ERROR    | __main__:backup_task:186 - Error in backup task: name 'time' is not defined
2025-05-01 20:26:46 | ERROR    | __main__:backup_task:186 - Error in backup task: name 'time' is not defined
2025-05-01 20:26:46 | ERROR    | __main__:backup_task:186 - Error in backup task: name 'time' is not defined
2025-05-01 20:26:46 | ERROR    | __main__:backup_task:186 - Error in backup task: name 'time' is not defined
2025-05-01 20:26:46 | ERROR    | __main__:backup_task:186 - Error in backup task: name 'time' is not defined
2025-05-01 20:26:46 | ERROR    | __main__:backup_task:186 - Error in backup task: name 'time' is not defined
2025-05-01 20:26:46 | ERROR    | __main__:backup_task:186 - Error in backup task: name 'time' is not defined
2025-05-01 20:26:46 | ERROR    | __main__:backup_task:186 - Error in backup task: name 'time' is not defined
2025-05-01 20:26:46 | ERROR    | __main__:backup_task:186 - Error in backup task: name 'time' is not defined
2025-05-01 20:26:46 | ERROR    | __main__:backup_task:186 - Error in backup task: name 'time' is not defined
2025-05-01 20:26:46 | ERROR    | __main__:backup_task:186 - Error in backup task: name 'time' is not defined
2025-05-01 20:26:46 | ERROR    | __main__:backup_task:186 - Error in backup task: name 'time' is not defined
2025-05-01 20:26:46 | ERROR    | __main__:backup_task:186 - Error in backup task: name 'time' is not defined
2025-05-01 20:26:46 | ERROR    | __main__:backup_task:186 - Error in backup task: name 'time' is not defined
2025-05-01 20:26:46 | ERROR    | __main__:backup_task:186 - Error in backup task: name 'time' is not defined
2025-05-01 20:26:46 | ERROR    | __main__:backup_task:186 - Error in backup task: name 'time' is not defined
2025-05-01 20:26:46 | ERROR    | __main__:backup_task:186 - Error in backup task: name 'time' is not defined
2025-05-01 20:26:46 | ERROR    | __main__:backup_task:186 - Error in backup task: name 'time' is not defined
2025-05-01 20:26:46 | ERROR    | __main__:backup_task:186 - Error in backup task: name 'time' is not defined
2025-05-01 20:26:46 | ERROR    | __main__:backup_task:186 - Error in backup task: name 'time' is not defined
2025-05-01 20:26:46 | ERROR    | __main__:backup_task:186 - Error in backup task: name 'time' is not defined
2025-05-01 20:26:46 | ERROR    | __main__:backup_task:186 - Error in backup task: name 'time' is not defined
2025-05-01 20:26:46 | ERROR    | __main__:backup_task:186 - Error in backup task: name 'time' is not defined
2025-05-01 20:26:46 | ERROR    | __main__:backup_task:186 - Error in backup task: name 'time' is not defined
2025-05-01 20:26:46 | ERROR    | __main__:backup_task:186 - Error in backup task: name 'time' is not defined
2025-05-01 20:26:46 | ERROR    | __main__:backup_task:186 - Error in backup task: name 'time' is not defined
2025-05-01 20:26:46 | ERROR    | __main__:backup_task:186 - Error in backup task: name 'time' is not defined
2025-05-01 20:26:46 | ERROR    | __main__:backup_task:186 - Error in backup task: name 'time' is not defined
2025-05-01 20:26:46 | ERROR    | __main__:backup_task:186 - Error in backup task: name 'time' is not defined
2025-05-01 20:26:46 | ERROR    | __main__:backup_task:186 - Error in backup task: name 'time' is not defined
2025-05-01 20:26:46 | ERROR    | __main__:backup_task:186 - Error in backup task: name 'time' is not defined
2025-05-01 20:26:46 | ERROR    | __main__:backup_task:186 - Error in backup task: name 'time' is not defined
2025-05-01 20:26:46 | ERROR    | __main__:backup_task:186 - Error in backup task: name 'time' is not defined
2025-05-01 20:26:46 | ERROR    | __main__:backup_task:186 - Error in backup task: name 'time' is not defined
2025-05-01 20:26:46 | ERROR    | __main__:backup_task:186 - Error in backup task: name 'time' is not defined
2025-05-01 20:26:46 | ERROR    | __main__:backup_task:186 - Error in backup task: name 'time' is not defined
2025-05-01 20:26:46 | ERROR    | __main__:backup_task:186 - Error in backup task: name 'time' is not defined
2025-05-01 20:26:46 | ERROR    | __main__:backup_task:186 - Error in backup task: name 'time' is not defined
2025-05-01 20:26:46 | ERROR    | __main__:backup_task:186 - Error in backup task: name 'time' is not defined
2025-05-01 20:26:46 | ERROR    | __main__:backup_task:186 - Error in backup task: name 'time' is not defined
2025-05-01 20:26:46 | ERROR    | __main__:backup_task:186 - Error in backup task: name 'time' is not defined
2025-05-01 20:26:46 | ERROR    | __main__:backup_task:186 - Error in backup task: name 'time' is not defined
2025-05-01 20:26:46 | ERROR    | __main__:backup_task:186 - Error in backup task: name 'time' is not defined
2025-05-01 20:26:46 | ERROR    | __main__:backup_task:186 - Error in backup task: name 'time' is not defined
2025-05-01 20:26:46 | ERROR    | __main__:backup_task:186 - Error in backup task: name 'time' is not defined
2025-05-01 20:26:46 | ERROR    | __main__:backup_task:186 - Error in backup task: name 'time' is not defined
2025-05-01 20:26:46 | ERROR    | __main__:backup_task:186 - Error in backup task: name 'time' is not defined
2025-05-01 20:26:46 | ERROR    | __main__:backup_task:186 - Error in backup task: name 'time' is not defined
2025-05-01 20:26:46 | ERROR    | __main__:backup_task:186 - Error in backup task: name 'time' is not defined
2025-05-01 20:26:46 | ERROR    | __main__:backup_task:186 - Error in backup task: name 'time' is not defined
2025-05-01 20:26:46 | ERROR    | __main__:backup_task:186 - Error in backup task: name 'time' is not defined
2025-05-01 20:26:46 | ERROR    | __main__:backup_task:186 - Error in backup task: name 'time' is not defined
2025-05-01 20:26:46 | ERROR    | __main__:backup_task:186 - Error in backup task: name 'time' is not defined
2025-05-01 20:26:46 | ERROR    | __main__:backup_task:186 - Error in backup task: name 'time' is not defined
2025-05-01 20:26:46 | ERROR    | __main__:backup_task:186 - Error in backup task: name 'time' is not defined
2025-05-01 20:26:46 | ERROR    | __main__:backup_task:186 - Error in backup task: name 'time' is not defined
2025-05-01 20:26:46 | ERROR    | __main__:backup_task:186 - Error in backup task: name 'time' is not defined
2025-05-01 20:26:46 | ERROR    | __main__:backup_task:186 - Error in backup task: name 'time' is not defined
2025-05-01 20:26:46 | ERROR    | __main__:backup_task:186 - Error in backup task: name 'time' is not defined
2025-05-01 20:26:46 | ERROR    | __main__:backup_task:186 - Error in backup task: name 'time' is not defined
2025-05-01 20:26:46 | ERROR    | __main__:backup_task:186 - Error in backup task: name 'time' is not defined
2025-05-01 20:26:46 | ERROR    | __main__:backup_task:186 - Error in backup task: name 'time' is not defined
2025-05-01 20:26:46 | ERROR    | __main__:backup_task:186 - Error in backup task: name 'time' is not defined
2025-05-01 20:26:46 | ERROR    | __main__:backup_task:186 - Error in backup task: name 'time' is not defined
2025-05-01 20:26:46 | ERROR    | __main__:backup_task:186 - Error in backup task: name 'time' is not defined
2025-05-01 20:26:46 | ERROR    | __main__:backup_task:186 - Error in backup task: name 'time' is not defined
2025-05-01 20:26:46 | ERROR    | __main__:backup_task:186 - Error in backup task: name 'time' is not defined
2025-05-01 20:26:46 | ERROR    | __main__:backup_task:186 - Error in backup task: name 'time' is not defined
2025-05-01 20:26:46 | ERROR    | __main__:backup_task:186 - Error in backup task: name 'time' is not defined
2025-05-01 20:26:46 | ERROR    | __main__:backup_task:186 - Error in backup task: name 'time' is not defined
2025-05-01 20:26:46 | ERROR    | __main__:backup_task:186 - Error in backup task: name 'time' is not defined
2025-05-01 20:26:46 | ERROR    | __main__:backup_task:186 - Error in backup task: name 'time' is not defined
2025-05-01 20:26:46 | ERROR    | __main__:backup_task:186 - Error in backup task: name 'time' is not defined
2025-05-01 20:26:46 | ERROR    | __main__:backup_task:186 - Error in backup task: name 'time' is not defined
2025-05-01 20:26:46 | ERROR    | __main__:backup_task:186 - Error in backup task: name 'time' is not defined
2025-05-01 20:26:46 | ERROR    | __main__:backup_task:186 - Error in backup task: name 'time' is not defined
2025-05-01 20:26:46 | ERROR    | __main__:backup_task:186 - Error in backup task: name 'time' is not defined
2025-05-01 20:26:46 | ERROR    | __main__:backup_task:186 - Error in backup task: name 'time' is not defined
2025-05-01 20:26:46 | ERROR    | __main__:backup_task:186 - Error in backup task: name 'time' is not defined
2025-05-01 20:26:46 | ERROR    | __main__:backup_task:186 - Error in backup task: name 'time' is not defined
2025-05-01 20:26:46 | ERROR    | __main__:backup_task:186 - Error in backup task: name 'time' is not defined
2025-05-01 20:26:46 | ERROR    | __main__:backup_task:186 - Error in backup task: name 'time' is not defined
2025-05-01 20:26:46 | ERROR    | __main__:backup_task:186 - Error in backup task: name 'time' is not defined
2025-05-01 20:26:46 | ERROR    | __main__:backup_task:186 - Error in backup task: name 'time' is not defined
2025-05-01 20:26:46 | ERROR    | __main__:backup_task:186 - Error in backup task: name 'time' is not defined
2025-05-01 20:26:46 | ERROR    | __main__:backup_task:186 - Error in backup task: name 'time' is not defined
2025-05-01 20:26:46 | ERROR    | __main__:backup_task:186 - Error in backup task: name 'time' is not defined
2025-05-01 20:26:46 | ERROR    | __main__:backup_task:186 - Error in backup task: name 'time' is not defined
2025-05-01 20:26:46 | ERROR    | __main__:backup_task:186 - Error in backup task: name 'time' is not defined
2025-05-01 20:26:46 | ERROR    | __main__:backup_task:186 - Error in backup task: name 'time' is not defined
2025-05-01 20:26:46 | ERROR    | __main__:backup_task:186 - Error in backup task: name 'time' is not defined
2025-05-01 20:26:46 | ERROR    | __main__:backup_task:186 - Error in backup task: name 'time' is not defined
2025-05-01 20:26:46 | ERROR    | __main__:backup_task:186 - Error in backup task: name 'time' is not defined
2025-05-01 20:26:46 | ERROR    | __main__:backup_task:186 - Error in backup task: name 'time' is not defined
2025-05-01 20:26:46 | ERROR    | __main__:backup_task:186 - Error in backup task: name 'time' is not defined
2025-05-01 20:26:46 | ERROR    | __main__:backup_task:186 - Error in backup task: name 'time' is not defined
2025-05-01 20:26:46 | ERROR    | __main__:backup_task:186 - Error in backup task: name 'time' is not defined
2025-05-01 20:26:46 | ERROR    | __main__:backup_task:186 - Error in backup task: name 'time' is not defined
2025-05-01 20:26:46 | ERROR    | __main__:backup_task:186 - Error in backup task: name 'time' is not defined
2025-05-01 20:26:46 | ERROR    | __main__:backup_task:186 - Error in backup task: name 'time' is not defined
2025-05-01 20:26:46 | ERROR    | __main__:backup_task:186 - Error in backup task: name 'time' is not defined
2025-05-01 20:26:46 | ERROR    | __main__:backup_task:186 - Error in backup task: name 'time' is not defined
2025-05-01 20:26:46 | ERROR    | __main__:backup_task:186 - Error in backup task: name 'time' is not defined
2025-05-01 20:26:46 | ERROR    | __main__:backup_task:186 - Error in backup task: name 'time' is not defined
2025-05-01 20:26:46 | ERROR    | __main__:backup_task:186 - Error in backup task: name 'time' is not defined
2025-05-01 20:26:46 | ERROR    | __main__:backup_task:186 - Error in backup task: name 'time' is not defined
2025-05-01 20:26:46 | ERROR    | __main__:backup_task:186 - Error in backup task: name 'time' is not defined
2025-05-01 20:26:46 | ERROR    | __main__:backup_task:186 - Error in backup task: name 'time' is not defined
2025-05-01 20:26:46 | ERROR    | __main__:backup_task:186 - Error in backup task: name 'time' is not defined
2025-05-01 20:26:46 | ERROR    | __main__:backup_task:186 - Error in backup task: name 'time' is not defined
2025-05-01 20:26:46 | ERROR    | __main__:backup_task:186 - Error in backup task: name 'time' is not defined
2025-05-01 20:26:46 | ERROR    | __main__:backup_task:186 - Error in backup task: name 'time' is not defined
2025-05-01 20:26:46 | ERROR    | __main__:backup_task:186 - Error in backup task: name 'time' is not defined
2025-05-01 20:26:46 | ERROR    | __main__:backup_task:186 - Error in backup task: name 'time' is not defined
2025-05-01 20:26:46 | ERROR    | __main__:backup_task:186 - Error in backup task: name 'time' is not defined
2025-05-01 20:26:46 | ERROR    | __main__:backup_task:186 - Error in backup task: name 'time' is not defined
2025-05-01 20:26:46 | ERROR    | __main__:backup_task:186 - Error in backup task: name 'time' is not defined
2025-05-01 20:26:46 | ERROR    | __main__:backup_task:186 - Error in backup task: name 'time' is not defined
2025-05-01 20:26:46 | ERROR    | __main__:backup_task:186 - Error in backup task: name 'time' is not defined
2025-05-01 20:26:46 | ERROR    | __main__:backup_task:186 - Error in backup task: name 'time' is not defined
2025-05-01 20:26:46 | ERROR    | __main__:backup_task:186 - Error in backup task: name 'time' is not defined
2025-05-01 20:26:46 | ERROR    | __main__:backup_task:186 - Error in backup task: name 'time' is not defined
2025-05-01 20:26:46 | ERROR    | __main__:backup_task:186 - Error in backup task: name 'time' is not defined
2025-05-01 20:26:46 | ERROR    | __main__:backup_task:186 - Error in backup task: name 'time' is not defined
2025-05-01 20:26:46 | ERROR    | __main__:backup_task:186 - Error in backup task: name 'time' is not defined
2025-05-01 20:26:46 | ERROR    | __main__:backup_task:186 - Error in backup task: name 'time' is not defined
2025-05-01 20:26:46 | ERROR    | __main__:backup_task:186 - Error in backup task: name 'time' is not defined
2025-05-01 20:26:46 | ERROR    | __main__:backup_task:186 - Error in backup task: name 'time' is not defined
2025-05-01 20:26:46 | ERROR    | __main__:backup_task:186 - Error in backup task: name 'time' is not defined
2025-05-01 20:26:46 | ERROR    | __main__:backup_task:186 - Error in backup task: name 'time' is not defined
2025-05-01 20:26:46 | ERROR    | __main__:backup_task:186 - Error in backup task: name 'time' is not defined
2025-05-01 20:26:46 | ERROR    | __main__:backup_task:186 - Error in backup task: name 'time' is not defined
2025-05-01 20:26:46 | ERROR    | __main__:backup_task:186 - Error in backup task: name 'time' is not defined
2025-05-01 20:26:46 | ERROR    | __main__:backup_task:186 - Error in backup task: name 'time' is not defined
2025-05-01 20:26:46 | ERROR    | __main__:backup_task:186 - Error in backup task: name 'time' is not defined
2025-05-01 20:26:46 | ERROR    | __main__:backup_task:186 - Error in backup task: name 'time' is not defined
2025-05-01 20:26:46 | ERROR    | __main__:backup_task:186 - Error in backup task: name 'time' is not defined
2025-05-01 20:26:46 | ERROR    | __main__:backup_task:186 - Error in backup task: name 'time' is not defined
2025-05-01 20:26:46 | ERROR    | __main__:backup_task:186 - Error in backup task: name 'time' is not defined
2025-05-01 20:26:46 | ERROR    | __main__:backup_task:186 - Error in backup task: name 'time' is not defined
2025-05-01 20:26:46 | ERROR    | __main__:backup_task:186 - Error in backup task: name 'time' is not defined
2025-05-01 20:26:46 | ERROR    | __main__:backup_task:186 - Error in backup task: name 'time' is not defined
2025-05-01 20:26:46 | ERROR    | __main__:backup_task:186 - Error in backup task: name 'time' is not defined
2025-05-01 20:26:46 | ERROR    | __main__:backup_task:186 - Error in backup task: name 'time' is not defined
2025-05-01 20:26:46 | ERROR    | __main__:backup_task:186 - Error in backup task: name 'time' is not defined
2025-05-01 20:26:46 | ERROR    | __main__:backup_task:186 - Error in backup task: name 'time' is not defined
2025-05-01 20:26:46 | ERROR    | __main__:backup_task:186 - Error in backup task: name 'time' is not defined
2025-05-01 20:26:46 | ERROR    | __main__:backup_task:186 - Error in backup task: name 'time' is not defined
2025-05-01 20:26:46 | ERROR    | __main__:backup_task:186 - Error in backup task: name 'time' is not defined
2025-05-01 20:26:46 | ERROR    | __main__:backup_task:186 - Error in backup task: name 'time' is not defined
2025-05-01 20:26:46 | ERROR    | __main__:backup_task:186 - Error in backup task: name 'time' is not defined
2025-05-01 20:26:46 | ERROR    | __main__:backup_task:186 - Error in backup task: name 'time' is not defined
2025-05-01 20:26:46 | ERROR    | __main__:backup_task:186 - Error in backup task: name 'time' is not defined
2025-05-01 20:26:46 | ERROR    | __main__:backup_task:186 - Error in backup task: name 'time' is not defined
2025-05-01 20:26:46 | ERROR    | __main__:backup_task:186 - Error in backup task: name 'time' is not defined
2025-05-01 20:26:46 | ERROR    | __main__:backup_task:186 - Error in backup task: name 'time' is not defined
2025-05-01 20:26:46 | ERROR    | __main__:backup_task:186 - Error in backup task: name 'time' is not defined
2025-05-01 20:26:46 | ERROR    | __main__:backup_task:186 - Error in backup task: name 'time' is not defined
2025-05-01 20:26:46 | ERROR    | __main__:backup_task:186 - Error in backup task: name 'time' is not defined
2025-05-01 20:26:46 | ERROR    | __main__:backup_task:186 - Error in backup task: name 'time' is not defined
2025-05-01 20:26:46 | ERROR    | __main__:backup_task:186 - Error in backup task: name 'time' is not defined
2025-05-01 20:26:46 | ERROR    | __main__:backup_task:186 - Error in backup task: name 'time' is not defined
2025-05-01 20:26:46 | ERROR    | __main__:backup_task:186 - Error in backup task: name 'time' is not defined
2025-05-01 20:26:46 | ERROR    | __main__:backup_task:186 - Error in backup task: name 'time' is not defined
2025-05-01 20:26:47 | ERROR    | __main__:backup_task:186 - Error in backup task: name 'time' is not defined
2025-05-01 20:26:47 | ERROR    | __main__:backup_task:186 - Error in backup task: name 'time' is not defined
2025-05-01 20:26:47 | ERROR    | __main__:backup_task:186 - Error in backup task: name 'time' is not defined
2025-05-01 20:26:47 | ERROR    | __main__:backup_task:186 - Error in backup task: name 'time' is not defined
2025-05-01 20:26:47 | ERROR    | __main__:backup_task:186 - Error in backup task: name 'time' is not defined
2025-05-01 20:26:47 | ERROR    | __main__:backup_task:186 - Error in backup task: name 'time' is not defined
2025-05-01 20:26:47 | ERROR    | __main__:backup_task:186 - Error in backup task: name 'time' is not defined
2025-05-01 20:26:47 | ERROR    | __main__:backup_task:186 - Error in backup task: name 'time' is not defined
2025-05-01 20:26:47 | ERROR    | __main__:backup_task:186 - Error in backup task: name 'time' is not defined
2025-05-01 20:26:47 | ERROR    | __main__:backup_task:186 - Error in backup task: name 'time' is not defined
2025-05-01 20:26:47 | ERROR    | __main__:backup_task:186 - Error in backup task: name 'time' is not defined
2025-05-01 20:26:47 | ERROR    | __main__:backup_task:186 - Error in backup task: name 'time' is not defined
2025-05-01 20:26:47 | ERROR    | __main__:backup_task:186 - Error in backup task: name 'time' is not defined
2025-05-01 20:26:47 | ERROR    | __main__:backup_task:186 - Error in backup task: name 'time' is not defined
2025-05-01 20:26:47 | ERROR    | __main__:backup_task:186 - Error in backup task: name 'time' is not defined
2025-05-01 20:26:47 | ERROR    | __main__:backup_task:186 - Error in backup task: name 'time' is not defined
2025-05-01 20:26:47 | ERROR    | __main__:backup_task:186 - Error in backup task: name 'time' is not defined
2025-05-01 20:26:47 | ERROR    | __main__:backup_task:186 - Error in backup task: name 'time' is not defined
2025-05-01 20:26:47 | ERROR    | __main__:backup_task:186 - Error in backup task: name 'time' is not defined
2025-05-01 20:26:47 | ERROR    | __main__:backup_task:186 - Error in backup task: name 'time' is not defined
2025-05-01 20:26:47 | ERROR    | __main__:backup_task:186 - Error in backup task: name 'time' is not defined
2025-05-01 20:26:47 | ERROR    | __main__:backup_task:186 - Error in backup task: name 'time' is not defined
2025-05-01 20:26:47 | ERROR    | __main__:backup_task:186 - Error in backup task: name 'time' is not defined
2025-05-01 20:26:47 | ERROR    | __main__:backup_task:186 - Error in backup task: name 'time' is not defined
2025-05-01 20:26:47 | ERROR    | __main__:backup_task:186 - Error in backup task: name 'time' is not defined
2025-05-01 20:26:47 | ERROR    | __main__:backup_task:186 - Error in backup task: name 'time' is not defined
2025-05-01 20:26:47 | ERROR    | __main__:backup_task:186 - Error in backup task: name 'time' is not defined
2025-05-01 20:26:47 | ERROR    | __main__:backup_task:186 - Error in backup task: name 'time' is not defined
2025-05-01 20:26:47 | ERROR    | __main__:backup_task:186 - Error in backup task: name 'time' is not defined
2025-05-01 20:26:47 | ERROR    | __main__:backup_task:186 - Error in backup task: name 'time' is not defined
2025-05-01 20:26:47 | ERROR    | __main__:backup_task:186 - Error in backup task: name 'time' is not defined
2025-05-01 20:26:47 | ERROR    | __main__:backup_task:186 - Error in backup task: name 'time' is not defined
2025-05-01 20:26:47 | ERROR    | __main__:backup_task:186 - Error in backup task: name 'time' is not defined
2025-05-01 20:26:47 | ERROR    | __main__:backup_task:186 - Error in backup task: name 'time' is not defined
2025-05-01 20:26:47 | ERROR    | __main__:backup_task:186 - Error in backup task: name 'time' is not defined
2025-05-01 20:26:47 | ERROR    | __main__:backup_task:186 - Error in backup task: name 'time' is not defined
2025-05-01 20:26:47 | ERROR    | __main__:backup_task:186 - Error in backup task: name 'time' is not defined
2025-05-01 20:26:47 | ERROR    | __main__:backup_task:186 - Error in backup task: name 'time' is not defined
2025-05-01 20:26:47 | ERROR    | __main__:backup_task:186 - Error in backup task: name 'time' is not defined
2025-05-01 20:26:47 | ERROR    | __main__:backup_task:186 - Error in backup task: name 'time' is not defined
2025-05-01 20:26:47 | ERROR    | __main__:backup_task:186 - Error in backup task: name 'time' is not defined
2025-05-01 20:26:47 | ERROR    | __main__:backup_task:186 - Error in backup task: name 'time' is not defined
2025-05-01 20:26:47 | ERROR    | __main__:backup_task:186 - Error in backup task: name 'time' is not defined
2025-05-01 20:26:47 | ERROR    | __main__:backup_task:186 - Error in backup task: name 'time' is not defined
2025-05-01 20:26:47 | ERROR    | __main__:backup_task:186 - Error in backup task: name 'time' is not defined
2025-05-01 20:26:47 | ERROR    | __main__:backup_task:186 - Error in backup task: name 'time' is not defined
2025-05-01 20:26:47 | ERROR    | __main__:backup_task:186 - Error in backup task: name 'time' is not defined
2025-05-01 20:26:47 | ERROR    | __main__:backup_task:186 - Error in backup task: name 'time' is not defined
2025-05-01 20:26:47 | ERROR    | __main__:backup_task:186 - Error in backup task: name 'time' is not defined
2025-05-01 20:26:47 | ERROR    | __main__:backup_task:186 - Error in backup task: name 'time' is not defined
2025-05-01 20:26:47 | ERROR    | __main__:backup_task:186 - Error in backup task: name 'time' is not defined
2025-05-01 20:26:47 | ERROR    | __main__:backup_task:186 - Error in backup task: name 'time' is not defined
2025-05-01 20:26:47 | ERROR    | __main__:backup_task:186 - Error in backup task: name 'time' is not defined
2025-05-01 20:26:47 | ERROR    | __main__:backup_task:186 - Error in backup task: name 'time' is not defined
2025-05-01 20:26:47 | ERROR    | __main__:backup_task:186 - Error in backup task: name 'time' is not defined
2025-05-01 20:26:47 | ERROR    | __main__:backup_task:186 - Error in backup task: name 'time' is not defined
2025-05-01 20:26:47 | ERROR    | __main__:backup_task:186 - Error in backup task: name 'time' is not defined
2025-05-01 20:26:47 | ERROR    | __main__:backup_task:186 - Error in backup task: name 'time' is not defined
2025-05-01 20:26:47 | ERROR    | __main__:backup_task:186 - Error in backup task: name 'time' is not defined
2025-05-01 20:26:47 | ERROR    | __main__:backup_task:186 - Error in backup task: name 'time' is not defined
2025-05-01 20:26:47 | ERROR    | __main__:backup_task:186 - Error in backup task: name 'time' is not defined
2025-05-01 20:26:47 | ERROR    | __main__:backup_task:186 - Error in backup task: name 'time' is not defined
2025-05-01 20:26:47 | ERROR    | __main__:backup_task:186 - Error in backup task: name 'time' is not defined
2025-05-01 20:26:47 | ERROR    | __main__:backup_task:186 - Error in backup task: name 'time' is not defined
2025-05-01 20:26:47 | ERROR    | __main__:backup_task:186 - Error in backup task: name 'time' is not defined
2025-05-01 20:26:47 | ERROR    | __main__:backup_task:186 - Error in backup task: name 'time' is not defined
2025-05-01 20:26:47 | ERROR    | __main__:backup_task:186 - Error in backup task: name 'time' is not defined
2025-05-01 20:26:47 | ERROR    | __main__:backup_task:186 - Error in backup task: name 'time' is not defined
2025-05-01 20:26:47 | ERROR    | __main__:backup_task:186 - Error in backup task: name 'time' is not defined
2025-05-01 20:26:47 | ERROR    | __main__:backup_task:186 - Error in backup task: name 'time' is not defined
2025-05-01 20:26:47 | ERROR    | __main__:backup_task:186 - Error in backup task: name 'time' is not defined
2025-05-01 20:26:47 | ERROR    | __main__:backup_task:186 - Error in backup task: name 'time' is not defined
2025-05-01 20:26:47 | ERROR    | __main__:backup_task:186 - Error in backup task: name 'time' is not defined
2025-05-01 20:26:47 | ERROR    | __main__:backup_task:186 - Error in backup task: name 'time' is not defined
2025-05-01 20:26:47 | ERROR    | __main__:backup_task:186 - Error in backup task: name 'time' is not defined
2025-05-01 20:26:47 | ERROR    | __main__:backup_task:186 - Error in backup task: name 'time' is not defined
2025-05-01 20:26:47 | ERROR    | __main__:backup_task:186 - Error in backup task: name 'time' is not defined
2025-05-01 20:26:47 | ERROR    | __main__:backup_task:186 - Error in backup task: name 'time' is not defined
2025-05-01 20:26:47 | ERROR    | __main__:backup_task:186 - Error in backup task: name 'time' is not defined
2025-05-01 20:26:47 | ERROR    | __main__:backup_task:186 - Error in backup task: name 'time' is not defined
2025-05-01 20:26:47 | ERROR    | __main__:backup_task:186 - Error in backup task: name 'time' is not defined
2025-05-01 20:26:47 | ERROR    | __main__:backup_task:186 - Error in backup task: name 'time' is not defined
2025-05-01 20:26:47 | ERROR    | __main__:backup_task:186 - Error in backup task: name 'time' is not defined
2025-05-01 20:26:47 | ERROR    | __main__:backup_task:186 - Error in backup task: name 'time' is not defined
2025-05-01 20:26:47 | ERROR    | __main__:backup_task:186 - Error in backup task: name 'time' is not defined
2025-05-01 20:26:47 | ERROR    | __main__:backup_task:186 - Error in backup task: name 'time' is not defined
2025-05-01 20:26:47 | ERROR    | __main__:backup_task:186 - Error in backup task: name 'time' is not defined
2025-05-01 20:26:47 | ERROR    | __main__:backup_task:186 - Error in backup task: name 'time' is not defined
2025-05-01 20:26:47 | ERROR    | __main__:backup_task:186 - Error in backup task: name 'time' is not defined
2025-05-01 20:26:47 | ERROR    | __main__:backup_task:186 - Error in backup task: name 'time' is not defined
2025-05-01 20:26:47 | ERROR    | __main__:backup_task:186 - Error in backup task: name 'time' is not defined
2025-05-01 20:26:47 | ERROR    | __main__:backup_task:186 - Error in backup task: name 'time' is not defined
2025-05-01 20:26:47 | ERROR    | __main__:backup_task:186 - Error in backup task: name 'time' is not defined
2025-05-01 20:26:47 | ERROR    | __main__:backup_task:186 - Error in backup task: name 'time' is not defined
2025-05-01 20:26:47 | ERROR    | __main__:backup_task:186 - Error in backup task: name 'time' is not defined
2025-05-01 20:26:47 | ERROR    | __main__:backup_task:186 - Error in backup task: name 'time' is not defined
2025-05-01 20:26:47 | ERROR    | __main__:backup_task:186 - Error in backup task: name 'time' is not defined
2025-05-01 20:26:47 | ERROR    | __main__:backup_task:186 - Error in backup task: name 'time' is not defined
2025-05-01 20:26:47 | ERROR    | __main__:backup_task:186 - Error in backup task: name 'time' is not defined
2025-05-01 20:26:47 | ERROR    | __main__:backup_task:186 - Error in backup task: name 'time' is not defined
2025-05-01 20:26:47 | ERROR    | __main__:backup_task:186 - Error in backup task: name 'time' is not defined
2025-05-01 20:26:47 | ERROR    | __main__:backup_task:186 - Error in backup task: name 'time' is not defined
2025-05-01 20:26:47 | ERROR    | __main__:backup_task:186 - Error in backup task: name 'time' is not defined
2025-05-01 20:26:47 | ERROR    | __main__:backup_task:186 - Error in backup task: name 'time' is not defined
2025-05-01 20:26:47 | ERROR    | __main__:backup_task:186 - Error in backup task: name 'time' is not defined
2025-05-01 20:26:47 | ERROR    | __main__:backup_task:186 - Error in backup task: name 'time' is not defined
2025-05-01 20:26:47 | ERROR    | __main__:backup_task:186 - Error in backup task: name 'time' is not defined
2025-05-01 20:26:47 | ERROR    | __main__:backup_task:186 - Error in backup task: name 'time' is not defined
2025-05-01 20:26:47 | ERROR    | __main__:backup_task:186 - Error in backup task: name 'time' is not defined
2025-05-01 20:26:47 | ERROR    | __main__:backup_task:186 - Error in backup task: name 'time' is not defined
2025-05-01 20:26:47 | ERROR    | __main__:backup_task:186 - Error in backup task: name 'time' is not defined
2025-05-01 20:26:47 | ERROR    | __main__:backup_task:186 - Error in backup task: name 'time' is not defined
2025-05-01 20:26:47 | ERROR    | __main__:backup_task:186 - Error in backup task: name 'time' is not defined
2025-05-01 20:26:47 | ERROR    | __main__:backup_task:186 - Error in backup task: name 'time' is not defined
2025-05-01 20:26:47 | ERROR    | __main__:backup_task:186 - Error in backup task: name 'time' is not defined
2025-05-01 20:26:47 | ERROR    | __main__:backup_task:186 - Error in backup task: name 'time' is not defined
2025-05-01 20:26:47 | ERROR    | __main__:backup_task:186 - Error in backup task: name 'time' is not defined
2025-05-01 20:26:47 | ERROR    | __main__:backup_task:186 - Error in backup task: name 'time' is not defined
2025-05-01 20:26:47 | ERROR    | __main__:backup_task:186 - Error in backup task: name 'time' is not defined
2025-05-01 20:26:47 | ERROR    | __main__:backup_task:186 - Error in backup task: name 'time' is not defined
2025-05-01 20:26:47 | ERROR    | __main__:backup_task:186 - Error in backup task: name 'time' is not defined
2025-05-01 20:26:47 | ERROR    | __main__:backup_task:186 - Error in backup task: name 'time' is not defined
2025-05-01 20:26:47 | ERROR    | __main__:backup_task:186 - Error in backup task: name 'time' is not defined
2025-05-01 20:26:47 | ERROR    | __main__:backup_task:186 - Error in backup task: name 'time' is not defined
2025-05-01 20:26:47 | ERROR    | __main__:backup_task:186 - Error in backup task: name 'time' is not defined
2025-05-01 20:26:47 | ERROR    | __main__:backup_task:186 - Error in backup task: name 'time' is not defined
2025-05-01 20:26:47 | ERROR    | __main__:backup_task:186 - Error in backup task: name 'time' is not defined
2025-05-01 20:26:47 | ERROR    | __main__:backup_task:186 - Error in backup task: name 'time' is not defined
2025-05-01 20:26:47 | ERROR    | __main__:backup_task:186 - Error in backup task: name 'time' is not defined
2025-05-01 20:26:47 | ERROR    | __main__:backup_task:186 - Error in backup task: name 'time' is not defined
2025-05-01 20:26:47 | ERROR    | __main__:backup_task:186 - Error in backup task: name 'time' is not defined
2025-05-01 20:26:47 | ERROR    | __main__:backup_task:186 - Error in backup task: name 'time' is not defined
2025-05-01 20:26:47 | ERROR    | __main__:backup_task:186 - Error in backup task: name 'time' is not defined
2025-05-01 20:26:47 | ERROR    | __main__:backup_task:186 - Error in backup task: name 'time' is not defined
2025-05-01 20:26:47 | ERROR    | __main__:backup_task:186 - Error in backup task: name 'time' is not defined
2025-05-01 20:26:47 | ERROR    | __main__:backup_task:186 - Error in backup task: name 'time' is not defined
2025-05-01 20:26:47 | ERROR    | __main__:backup_task:186 - Error in backup task: name 'time' is not defined
2025-05-01 20:26:47 | ERROR    | __main__:backup_task:186 - Error in backup task: name 'time' is not defined
2025-05-01 20:26:47 | ERROR    | __main__:backup_task:186 - Error in backup task: name 'time' is not defined
2025-05-01 20:26:47 | ERROR    | __main__:backup_task:186 - Error in backup task: name 'time' is not defined
2025-05-01 20:26:47 | ERROR    | __main__:backup_task:186 - Error in backup task: name 'time' is not defined
2025-05-01 20:26:47 | ERROR    | __main__:backup_task:186 - Error in backup task: name 'time' is not defined
2025-05-01 20:26:47 | ERROR    | __main__:backup_task:186 - Error in backup task: name 'time' is not defined
2025-05-01 20:26:47 | ERROR    | __main__:backup_task:186 - Error in backup task: name 'time' is not defined
2025-05-01 20:26:47 | ERROR    | __main__:backup_task:186 - Error in backup task: name 'time' is not defined
2025-05-01 20:26:47 | ERROR    | __main__:backup_task:186 - Error in backup task: name 'time' is not defined
2025-05-01 20:26:47 | ERROR    | __main__:backup_task:186 - Error in backup task: name 'time' is not defined
2025-05-01 20:26:47 | ERROR    | __main__:backup_task:186 - Error in backup task: name 'time' is not defined
2025-05-01 20:26:47 | ERROR    | __main__:backup_task:186 - Error in backup task: name 'time' is not defined
2025-05-01 20:26:47 | ERROR    | __main__:backup_task:186 - Error in backup task: name 'time' is not defined
2025-05-01 20:26:47 | ERROR    | __main__:backup_task:186 - Error in backup task: name 'time' is not defined
2025-05-01 20:26:47 | ERROR    | __main__:backup_task:186 - Error in backup task: name 'time' is not defined
2025-05-01 20:26:47 | ERROR    | __main__:backup_task:186 - Error in backup task: name 'time' is not defined
2025-05-01 20:26:47 | ERROR    | __main__:backup_task:186 - Error in backup task: name 'time' is not defined
2025-05-01 20:26:47 | ERROR    | __main__:backup_task:186 - Error in backup task: name 'time' is not defined
2025-05-01 20:26:47 | ERROR    | __main__:backup_task:186 - Error in backup task: name 'time' is not defined
2025-05-01 20:26:47 | ERROR    | __main__:backup_task:186 - Error in backup task: name 'time' is not defined
2025-05-01 20:26:47 | ERROR    | __main__:backup_task:186 - Error in backup task: name 'time' is not defined
2025-05-01 20:26:47 | ERROR    | __main__:backup_task:186 - Error in backup task: name 'time' is not defined
2025-05-01 20:26:47 | ERROR    | __main__:backup_task:186 - Error in backup task: name 'time' is not defined
2025-05-01 20:26:47 | ERROR    | __main__:backup_task:186 - Error in backup task: name 'time' is not defined
2025-05-01 20:26:47 | ERROR    | __main__:backup_task:186 - Error in backup task: name 'time' is not defined
2025-05-01 20:26:47 | ERROR    | __main__:backup_task:186 - Error in backup task: name 'time' is not defined
2025-05-01 20:26:47 | ERROR    | __main__:backup_task:186 - Error in backup task: name 'time' is not defined
2025-05-01 20:26:47 | ERROR    | __main__:backup_task:186 - Error in backup task: name 'time' is not defined
2025-05-01 20:26:47 | ERROR    | __main__:backup_task:186 - Error in backup task: name 'time' is not defined
2025-05-01 20:26:47 | ERROR    | __main__:backup_task:186 - Error in backup task: name 'time' is not defined
2025-05-01 20:26:47 | ERROR    | __main__:backup_task:186 - Error in backup task: name 'time' is not defined
2025-05-01 20:26:47 | ERROR    | __main__:backup_task:186 - Error in backup task: name 'time' is not defined
2025-05-01 20:26:47 | ERROR    | __main__:backup_task:186 - Error in backup task: name 'time' is not defined
2025-05-01 20:26:47 | ERROR    | __main__:backup_task:186 - Error in backup task: name 'time' is not defined
2025-05-01 20:26:47 | ERROR    | __main__:backup_task:186 - Error in backup task: name 'time' is not defined
2025-05-01 20:26:47 | ERROR    | __main__:backup_task:186 - Error in backup task: name 'time' is not defined
2025-05-01 20:26:47 | ERROR    | __main__:backup_task:186 - Error in backup task: name 'time' is not defined
2025-05-01 20:26:47 | ERROR    | __main__:backup_task:186 - Error in backup task: name 'time' is not defined
2025-05-01 20:26:47 | ERROR    | __main__:backup_task:186 - Error in backup task: name 'time' is not defined
2025-05-01 20:26:47 | ERROR    | __main__:backup_task:186 - Error in backup task: name 'time' is not defined
2025-05-01 20:26:47 | ERROR    | __main__:backup_task:186 - Error in backup task: name 'time' is not defined
2025-05-01 20:26:47 | ERROR    | __main__:backup_task:186 - Error in backup task: name 'time' is not defined
2025-05-01 20:26:47 | ERROR    | __main__:backup_task:186 - Error in backup task: name 'time' is not defined
2025-05-01 20:26:47 | ERROR    | __main__:backup_task:186 - Error in backup task: name 'time' is not defined
2025-05-01 20:26:47 | ERROR    | __main__:backup_task:186 - Error in backup task: name 'time' is not defined
2025-05-01 20:26:47 | ERROR    | __main__:backup_task:186 - Error in backup task: name 'time' is not defined
2025-05-01 20:26:47 | ERROR    | __main__:backup_task:186 - Error in backup task: name 'time' is not defined
2025-05-01 20:26:47 | ERROR    | __main__:backup_task:186 - Error in backup task: name 'time' is not defined
2025-05-01 20:26:47 | ERROR    | __main__:backup_task:186 - Error in backup task: name 'time' is not defined
2025-05-01 20:26:47 | ERROR    | __main__:backup_task:186 - Error in backup task: name 'time' is not defined
2025-05-01 20:26:47 | ERROR    | __main__:backup_task:186 - Error in backup task: name 'time' is not defined
2025-05-01 20:26:47 | ERROR    | __main__:backup_task:186 - Error in backup task: name 'time' is not defined
2025-05-01 20:26:47 | ERROR    | __main__:backup_task:186 - Error in backup task: name 'time' is not defined
2025-05-01 20:26:47 | ERROR    | __main__:backup_task:186 - Error in backup task: name 'time' is not defined
2025-05-01 20:26:47 | ERROR    | __main__:backup_task:186 - Error in backup task: name 'time' is not defined
2025-05-01 20:26:47 | ERROR    | __main__:backup_task:186 - Error in backup task: name 'time' is not defined
2025-05-01 20:26:47 | ERROR    | __main__:backup_task:186 - Error in backup task: name 'time' is not defined
2025-05-01 20:26:47 | ERROR    | __main__:backup_task:186 - Error in backup task: name 'time' is not defined
2025-05-01 20:26:47 | ERROR    | __main__:backup_task:186 - Error in backup task: name 'time' is not defined
2025-05-01 20:26:47 | ERROR    | __main__:backup_task:186 - Error in backup task: name 'time' is not defined
2025-05-01 20:26:47 | ERROR    | __main__:backup_task:186 - Error in backup task: name 'time' is not defined
2025-05-01 20:26:47 | ERROR    | __main__:backup_task:186 - Error in backup task: name 'time' is not defined
2025-05-01 20:26:47 | ERROR    | __main__:backup_task:186 - Error in backup task: name 'time' is not defined
2025-05-01 20:26:47 | ERROR    | __main__:backup_task:186 - Error in backup task: name 'time' is not defined
2025-05-01 20:26:47 | ERROR    | __main__:backup_task:186 - Error in backup task: name 'time' is not defined
2025-05-01 20:26:47 | ERROR    | __main__:backup_task:186 - Error in backup task: name 'time' is not defined
2025-05-01 20:26:47 | ERROR    | __main__:backup_task:186 - Error in backup task: name 'time' is not defined
2025-05-01 20:26:47 | ERROR    | __main__:backup_task:186 - Error in backup task: name 'time' is not defined
2025-05-01 20:26:47 | ERROR    | __main__:backup_task:186 - Error in backup task: name 'time' is not defined
2025-05-01 20:26:47 | ERROR    | __main__:backup_task:186 - Error in backup task: name 'time' is not defined
2025-05-01 20:26:47 | ERROR    | __main__:backup_task:186 - Error in backup task: name 'time' is not defined
2025-05-01 20:26:47 | ERROR    | __main__:backup_task:186 - Error in backup task: name 'time' is not defined
2025-05-01 20:26:47 | ERROR    | __main__:backup_task:186 - Error in backup task: name 'time' is not defined
2025-05-01 20:26:47 | ERROR    | __main__:backup_task:186 - Error in backup task: name 'time' is not defined
2025-05-01 20:26:47 | ERROR    | __main__:backup_task:186 - Error in backup task: name 'time' is not defined
2025-05-01 20:26:47 | ERROR    | __main__:backup_task:186 - Error in backup task: name 'time' is not defined
2025-05-01 20:26:47 | ERROR    | __main__:backup_task:186 - Error in backup task: name 'time' is not defined
2025-05-01 20:26:47 | ERROR    | __main__:backup_task:186 - Error in backup task: name 'time' is not defined
2025-05-01 20:26:47 | ERROR    | __main__:backup_task:186 - Error in backup task: name 'time' is not defined
2025-05-01 20:26:47 | ERROR    | __main__:backup_task:186 - Error in backup task: name 'time' is not defined
2025-05-01 20:26:47 | ERROR    | __main__:backup_task:186 - Error in backup task: name 'time' is not defined
2025-05-01 20:26:47 | ERROR    | __main__:backup_task:186 - Error in backup task: name 'time' is not defined
2025-05-01 20:26:47 | ERROR    | __main__:backup_task:186 - Error in backup task: name 'time' is not defined
2025-05-01 20:26:47 | ERROR    | __main__:backup_task:186 - Error in backup task: name 'time' is not defined
2025-05-01 20:26:47 | ERROR    | __main__:backup_task:186 - Error in backup task: name 'time' is not defined
2025-05-01 20:26:47 | ERROR    | __main__:backup_task:186 - Error in backup task: name 'time' is not defined
2025-05-01 20:26:47 | ERROR    | __main__:backup_task:186 - Error in backup task: name 'time' is not defined
2025-05-01 20:26:47 | ERROR    | __main__:backup_task:186 - Error in backup task: name 'time' is not defined
2025-05-01 20:26:47 | ERROR    | __main__:backup_task:186 - Error in backup task: name 'time' is not defined
2025-05-01 20:26:47 | ERROR    | __main__:backup_task:186 - Error in backup task: name 'time' is not defined
2025-05-01 20:26:47 | ERROR    | __main__:backup_task:186 - Error in backup task: name 'time' is not defined
2025-05-01 20:26:47 | ERROR    | __main__:backup_task:186 - Error in backup task: name 'time' is not defined
2025-05-01 20:26:47 | ERROR    | __main__:backup_task:186 - Error in backup task: name 'time' is not defined
2025-05-01 20:26:47 | ERROR    | __main__:backup_task:186 - Error in backup task: name 'time' is not defined
2025-05-01 20:26:47 | ERROR    | __main__:backup_task:186 - Error in backup task: name 'time' is not defined
2025-05-01 20:26:47 | ERROR    | __main__:backup_task:186 - Error in backup task: name 'time' is not defined
2025-05-01 20:26:47 | ERROR    | __main__:backup_task:186 - Error in backup task: name 'time' is not defined
2025-05-01 20:26:47 | ERROR    | __main__:backup_task:186 - Error in backup task: name 'time' is not defined
2025-05-01 20:26:47 | ERROR    | __main__:backup_task:186 - Error in backup task: name 'time' is not defined
2025-05-01 20:26:47 | ERROR    | __main__:backup_task:186 - Error in backup task: name 'time' is not defined
2025-05-01 20:26:47 | ERROR    | __main__:backup_task:186 - Error in backup task: name 'time' is not defined
2025-05-01 20:26:47 | ERROR    | __main__:backup_task:186 - Error in backup task: name 'time' is not defined
2025-05-01 20:26:47 | ERROR    | __main__:backup_task:186 - Error in backup task: name 'time' is not defined
2025-05-01 20:26:47 | ERROR    | __main__:backup_task:186 - Error in backup task: name 'time' is not defined
2025-05-01 20:26:47 | ERROR    | __main__:backup_task:186 - Error in backup task: name 'time' is not defined
2025-05-01 20:26:47 | ERROR    | __main__:backup_task:186 - Error in backup task: name 'time' is not defined
2025-05-01 20:26:47 | ERROR    | __main__:backup_task:186 - Error in backup task: name 'time' is not defined
2025-05-01 20:26:47 | ERROR    | __main__:backup_task:186 - Error in backup task: name 'time' is not defined
2025-05-01 20:26:47 | ERROR    | __main__:backup_task:186 - Error in backup task: name 'time' is not defined
2025-05-01 20:26:47 | ERROR    | __main__:backup_task:186 - Error in backup task: name 'time' is not defined
2025-05-01 20:26:47 | ERROR    | __main__:backup_task:186 - Error in backup task: name 'time' is not defined
2025-05-01 20:26:47 | ERROR    | __main__:backup_task:186 - Error in backup task: name 'time' is not defined
2025-05-01 20:26:47 | ERROR    | __main__:backup_task:186 - Error in backup task: name 'time' is not defined
2025-05-01 20:26:47 | ERROR    | __main__:backup_task:186 - Error in backup task: name 'time' is not defined
2025-05-01 20:26:47 | ERROR    | __main__:backup_task:186 - Error in backup task: name 'time' is not defined
2025-05-01 20:26:47 | ERROR    | __main__:backup_task:186 - Error in backup task: name 'time' is not defined
2025-05-01 20:26:47 | ERROR    | __main__:backup_task:186 - Error in backup task: name 'time' is not defined
2025-05-01 20:26:47 | ERROR    | __main__:backup_task:186 - Error in backup task: name 'time' is not defined
2025-05-01 20:26:47 | ERROR    | __main__:backup_task:186 - Error in backup task: name 'time' is not defined
2025-05-01 20:26:47 | ERROR    | __main__:backup_task:186 - Error in backup task: name 'time' is not defined
2025-05-01 20:26:47 | ERROR    | __main__:backup_task:186 - Error in backup task: name 'time' is not defined
2025-05-01 20:26:47 | ERROR    | __main__:backup_task:186 - Error in backup task: name 'time' is not defined
2025-05-01 20:26:47 | ERROR    | __main__:backup_task:186 - Error in backup task: name 'time' is not defined
2025-05-01 20:26:47 | ERROR    | __main__:backup_task:186 - Error in backup task: name 'time' is not defined
2025-05-01 20:26:47 | ERROR    | __main__:backup_task:186 - Error in backup task: name 'time' is not defined
2025-05-01 20:26:47 | ERROR    | __main__:backup_task:186 - Error in backup task: name 'time' is not defined
2025-05-01 20:26:47 | ERROR    | __main__:backup_task:186 - Error in backup task: name 'time' is not defined
2025-05-01 20:26:47 | ERROR    | __main__:backup_task:186 - Error in backup task: name 'time' is not defined
2025-05-01 20:26:47 | ERROR    | __main__:backup_task:186 - Error in backup task: name 'time' is not defined
2025-05-01 20:26:47 | ERROR    | __main__:backup_task:186 - Error in backup task: name 'time' is not defined
2025-05-01 20:26:47 | ERROR    | __main__:backup_task:186 - Error in backup task: name 'time' is not defined
2025-05-01 20:26:47 | ERROR    | __main__:backup_task:186 - Error in backup task: name 'time' is not defined
2025-05-01 20:26:47 | ERROR    | __main__:backup_task:186 - Error in backup task: name 'time' is not defined
2025-05-01 20:26:47 | ERROR    | __main__:backup_task:186 - Error in backup task: name 'time' is not defined
2025-05-01 20:26:47 | ERROR    | __main__:backup_task:186 - Error in backup task: name 'time' is not defined
2025-05-01 20:26:47 | ERROR    | __main__:backup_task:186 - Error in backup task: name 'time' is not defined
2025-05-01 20:26:47 | ERROR    | __main__:backup_task:186 - Error in backup task: name 'time' is not defined
2025-05-01 20:26:47 | ERROR    | __main__:backup_task:186 - Error in backup task: name 'time' is not defined
2025-05-01 20:26:47 | ERROR    | __main__:backup_task:186 - Error in backup task: name 'time' is not defined
2025-05-01 20:26:47 | ERROR    | __main__:backup_task:186 - Error in backup task: name 'time' is not defined
2025-05-01 20:26:47 | ERROR    | __main__:backup_task:186 - Error in backup task: name 'time' is not defined
2025-05-01 20:26:47 | ERROR    | __main__:backup_task:186 - Error in backup task: name 'time' is not defined
2025-05-01 20:26:47 | ERROR    | __main__:backup_task:186 - Error in backup task: name 'time' is not defined
2025-05-01 20:26:47 | ERROR    | __main__:backup_task:186 - Error in backup task: name 'time' is not defined
2025-05-01 20:26:47 | ERROR    | __main__:backup_task:186 - Error in backup task: name 'time' is not defined
2025-05-01 20:26:47 | ERROR    | __main__:backup_task:186 - Error in backup task: name 'time' is not defined
2025-05-01 20:26:47 | ERROR    | __main__:backup_task:186 - Error in backup task: name 'time' is not defined
2025-05-01 20:26:47 | ERROR    | __main__:backup_task:186 - Error in backup task: name 'time' is not defined
2025-05-01 20:26:47 | ERROR    | __main__:backup_task:186 - Error in backup task: name 'time' is not defined
2025-05-01 20:26:47 | ERROR    | __main__:backup_task:186 - Error in backup task: name 'time' is not defined
2025-05-01 20:26:47 | ERROR    | __main__:backup_task:186 - Error in backup task: name 'time' is not defined
2025-05-01 20:26:47 | ERROR    | __main__:backup_task:186 - Error in backup task: name 'time' is not defined
2025-05-01 20:26:47 | ERROR    | __main__:backup_task:186 - Error in backup task: name 'time' is not defined
2025-05-01 20:26:47 | ERROR    | __main__:backup_task:186 - Error in backup task: name 'time' is not defined
2025-05-01 20:26:47 | ERROR    | __main__:backup_task:186 - Error in backup task: name 'time' is not defined
2025-05-01 20:26:47 | ERROR    | __main__:backup_task:186 - Error in backup task: name 'time' is not defined
2025-05-01 20:26:47 | ERROR    | __main__:backup_task:186 - Error in backup task: name 'time' is not defined
2025-05-01 20:26:47 | ERROR    | __main__:backup_task:186 - Error in backup task: name 'time' is not defined
2025-05-01 20:26:47 | ERROR    | __main__:backup_task:186 - Error in backup task: name 'time' is not defined
2025-05-01 20:26:47 | ERROR    | __main__:backup_task:186 - Error in backup task: name 'time' is not defined
2025-05-01 20:26:47 | ERROR    | __main__:backup_task:186 - Error in backup task: name 'time' is not defined
2025-05-01 20:26:47 | ERROR    | __main__:backup_task:186 - Error in backup task: name 'time' is not defined
2025-05-01 20:26:47 | ERROR    | __main__:backup_task:186 - Error in backup task: name 'time' is not defined
2025-05-01 20:26:47 | ERROR    | __main__:backup_task:186 - Error in backup task: name 'time' is not defined
2025-05-01 20:26:47 | ERROR    | __main__:backup_task:186 - Error in backup task: name 'time' is not defined
2025-05-01 20:26:47 | ERROR    | __main__:backup_task:186 - Error in backup task: name 'time' is not defined
2025-05-01 20:26:47 | ERROR    | __main__:backup_task:186 - Error in backup task: name 'time' is not defined
2025-05-01 20:26:47 | ERROR    | __main__:backup_task:186 - Error in backup task: name 'time' is not defined
2025-05-01 20:26:47 | ERROR    | __main__:backup_task:186 - Error in backup task: name 'time' is not defined
2025-05-01 20:26:47 | ERROR    | __main__:backup_task:186 - Error in backup task: name 'time' is not defined
2025-05-01 20:26:47 | ERROR    | __main__:backup_task:186 - Error in backup task: name 'time' is not defined
2025-05-01 20:26:47 | ERROR    | __main__:backup_task:186 - Error in backup task: name 'time' is not defined
2025-05-01 20:26:47 | ERROR    | __main__:backup_task:186 - Error in backup task: name 'time' is not defined
2025-05-01 20:26:47 | ERROR    | __main__:backup_task:186 - Error in backup task: name 'time' is not defined
2025-05-01 20:26:47 | ERROR    | __main__:backup_task:186 - Error in backup task: name 'time' is not defined
2025-05-01 20:26:47 | ERROR    | __main__:backup_task:186 - Error in backup task: name 'time' is not defined
2025-05-01 20:26:47 | ERROR    | __main__:backup_task:186 - Error in backup task: name 'time' is not defined
2025-05-01 20:26:47 | ERROR    | __main__:backup_task:186 - Error in backup task: name 'time' is not defined
2025-05-01 20:26:47 | ERROR    | __main__:backup_task:186 - Error in backup task: name 'time' is not defined
2025-05-01 20:26:47 | ERROR    | __main__:backup_task:186 - Error in backup task: name 'time' is not defined
2025-05-01 20:26:47 | ERROR    | __main__:backup_task:186 - Error in backup task: name 'time' is not defined
2025-05-01 20:26:47 | ERROR    | __main__:backup_task:186 - Error in backup task: name 'time' is not defined
2025-05-01 20:26:47 | ERROR    | __main__:backup_task:186 - Error in backup task: name 'time' is not defined
2025-05-01 20:26:47 | ERROR    | __main__:backup_task:186 - Error in backup task: name 'time' is not defined
2025-05-01 20:26:47 | ERROR    | __main__:backup_task:186 - Error in backup task: name 'time' is not defined
2025-05-01 20:26:47 | ERROR    | __main__:backup_task:186 - Error in backup task: name 'time' is not defined
2025-05-01 20:26:47 | ERROR    | __main__:backup_task:186 - Error in backup task: name 'time' is not defined
2025-05-01 20:26:47 | ERROR    | __main__:backup_task:186 - Error in backup task: name 'time' is not defined
2025-05-01 20:26:47 | ERROR    | __main__:backup_task:186 - Error in backup task: name 'time' is not defined
2025-05-01 20:26:47 | ERROR    | __main__:backup_task:186 - Error in backup task: name 'time' is not defined
2025-05-01 20:26:47 | ERROR    | __main__:backup_task:186 - Error in backup task: name 'time' is not defined
2025-05-01 20:26:47 | ERROR    | __main__:backup_task:186 - Error in backup task: name 'time' is not defined
2025-05-01 20:26:47 | ERROR    | __main__:backup_task:186 - Error in backup task: name 'time' is not defined
2025-05-01 20:26:47 | ERROR    | __main__:backup_task:186 - Error in backup task: name 'time' is not defined
2025-05-01 20:26:47 | ERROR    | __main__:backup_task:186 - Error in backup task: name 'time' is not defined
2025-05-01 20:26:47 | ERROR    | __main__:backup_task:186 - Error in backup task: name 'time' is not defined
2025-05-01 20:26:47 | ERROR    | __main__:backup_task:186 - Error in backup task: name 'time' is not defined
2025-05-01 20:26:47 | ERROR    | __main__:backup_task:186 - Error in backup task: name 'time' is not defined
2025-05-01 20:26:47 | ERROR    | __main__:backup_task:186 - Error in backup task: name 'time' is not defined
2025-05-01 20:26:47 | ERROR    | __main__:backup_task:186 - Error in backup task: name 'time' is not defined
2025-05-01 20:26:47 | ERROR    | __main__:backup_task:186 - Error in backup task: name 'time' is not defined
2025-05-01 20:26:47 | ERROR    | __main__:backup_task:186 - Error in backup task: name 'time' is not defined
2025-05-01 20:26:47 | ERROR    | __main__:backup_task:186 - Error in backup task: name 'time' is not defined
2025-05-01 20:26:47 | ERROR    | __main__:backup_task:186 - Error in backup task: name 'time' is not defined
2025-05-01 20:26:47 | ERROR    | __main__:backup_task:186 - Error in backup task: name 'time' is not defined
2025-05-01 20:26:47 | ERROR    | __main__:backup_task:186 - Error in backup task: name 'time' is not defined
2025-05-01 20:26:47 | ERROR    | __main__:backup_task:186 - Error in backup task: name 'time' is not defined
2025-05-01 20:26:47 | ERROR    | __main__:backup_task:186 - Error in backup task: name 'time' is not defined
2025-05-01 20:26:47 | ERROR    | __main__:backup_task:186 - Error in backup task: name 'time' is not defined
2025-05-01 20:26:47 | ERROR    | __main__:backup_task:186 - Error in backup task: name 'time' is not defined
2025-05-01 20:26:47 | ERROR    | __main__:backup_task:186 - Error in backup task: name 'time' is not defined
2025-05-01 20:26:47 | ERROR    | __main__:backup_task:186 - Error in backup task: name 'time' is not defined
2025-05-01 20:26:47 | ERROR    | __main__:backup_task:186 - Error in backup task: name 'time' is not defined
2025-05-01 20:26:47 | ERROR    | __main__:backup_task:186 - Error in backup task: name 'time' is not defined
2025-05-01 20:26:47 | ERROR    | __main__:backup_task:186 - Error in backup task: name 'time' is not defined
2025-05-01 20:26:47 | ERROR    | __main__:backup_task:186 - Error in backup task: name 'time' is not defined
2025-05-01 20:26:47 | ERROR    | __main__:backup_task:186 - Error in backup task: name 'time' is not defined
2025-05-01 20:26:47 | ERROR    | __main__:backup_task:186 - Error in backup task: name 'time' is not defined
2025-05-01 20:26:47 | ERROR    | __main__:backup_task:186 - Error in backup task: name 'time' is not defined
2025-05-01 20:26:47 | ERROR    | __main__:backup_task:186 - Error in backup task: name 'time' is not defined
2025-05-01 20:26:47 | ERROR    | __main__:backup_task:186 - Error in backup task: name 'time' is not defined
2025-05-01 20:26:47 | ERROR    | __main__:backup_task:186 - Error in backup task: name 'time' is not defined
2025-05-01 20:26:47 | ERROR    | __main__:backup_task:186 - Error in backup task: name 'time' is not defined
2025-05-01 20:26:47 | ERROR    | __main__:backup_task:186 - Error in backup task: name 'time' is not defined
2025-05-01 20:26:47 | ERROR    | __main__:backup_task:186 - Error in backup task: name 'time' is not defined
2025-05-01 20:26:47 | ERROR    | __main__:backup_task:186 - Error in backup task: name 'time' is not defined
2025-05-01 20:26:47 | ERROR    | __main__:backup_task:186 - Error in backup task: name 'time' is not defined
2025-05-01 20:26:47 | ERROR    | __main__:backup_task:186 - Error in backup task: name 'time' is not defined
2025-05-01 20:26:47 | ERROR    | __main__:backup_task:186 - Error in backup task: name 'time' is not defined
2025-05-01 20:26:47 | ERROR    | __main__:backup_task:186 - Error in backup task: name 'time' is not defined
2025-05-01 20:26:47 | ERROR    | __main__:backup_task:186 - Error in backup task: name 'time' is not defined
2025-05-01 20:26:47 | ERROR    | __main__:backup_task:186 - Error in backup task: name 'time' is not defined
2025-05-01 20:26:47 | ERROR    | __main__:backup_task:186 - Error in backup task: name 'time' is not defined
2025-05-01 20:26:47 | ERROR    | __main__:backup_task:186 - Error in backup task: name 'time' is not defined
2025-05-01 20:26:47 | ERROR    | __main__:backup_task:186 - Error in backup task: name 'time' is not defined
2025-05-01 20:26:47 | ERROR    | __main__:backup_task:186 - Error in backup task: name 'time' is not defined
2025-05-01 20:26:47 | ERROR    | __main__:backup_task:186 - Error in backup task: name 'time' is not defined
2025-05-01 20:26:47 | ERROR    | __main__:backup_task:186 - Error in backup task: name 'time' is not defined
2025-05-01 20:26:47 | ERROR    | __main__:backup_task:186 - Error in backup task: name 'time' is not defined
2025-05-01 20:26:47 | ERROR    | __main__:backup_task:186 - Error in backup task: name 'time' is not defined
2025-05-01 20:26:47 | ERROR    | __main__:backup_task:186 - Error in backup task: name 'time' is not defined
2025-05-01 20:26:47 | ERROR    | __main__:backup_task:186 - Error in backup task: name 'time' is not defined
2025-05-01 20:26:47 | ERROR    | __main__:backup_task:186 - Error in backup task: name 'time' is not defined
2025-05-01 20:26:47 | ERROR    | __main__:backup_task:186 - Error in backup task: name 'time' is not defined
2025-05-01 20:26:47 | ERROR    | __main__:backup_task:186 - Error in backup task: name 'time' is not defined
2025-05-01 20:26:47 | ERROR    | __main__:backup_task:186 - Error in backup task: name 'time' is not defined
2025-05-01 20:26:47 | ERROR    | __main__:backup_task:186 - Error in backup task: name 'time' is not defined
2025-05-01 20:26:47 | ERROR    | __main__:backup_task:186 - Error in backup task: name 'time' is not defined
2025-05-01 20:26:47 | ERROR    | __main__:backup_task:186 - Error in backup task: name 'time' is not defined
2025-05-01 20:26:47 | ERROR    | __main__:backup_task:186 - Error in backup task: name 'time' is not defined
2025-05-01 20:26:47 | ERROR    | __main__:backup_task:186 - Error in backup task: name 'time' is not defined
2025-05-01 20:26:47 | ERROR    | __main__:backup_task:186 - Error in backup task: name 'time' is not defined
2025-05-01 20:26:47 | ERROR    | __main__:backup_task:186 - Error in backup task: name 'time' is not defined
2025-05-01 20:26:47 | ERROR    | __main__:backup_task:186 - Error in backup task: name 'time' is not defined
2025-05-01 20:26:47 | ERROR    | __main__:backup_task:186 - Error in backup task: name 'time' is not defined
2025-05-01 20:26:47 | ERROR    | __main__:backup_task:186 - Error in backup task: name 'time' is not defined
2025-05-01 20:26:47 | ERROR    | __main__:backup_task:186 - Error in backup task: name 'time' is not defined
2025-05-01 20:26:47 | ERROR    | __main__:backup_task:186 - Error in backup task: name 'time' is not defined
2025-05-01 20:26:47 | ERROR    | __main__:backup_task:186 - Error in backup task: name 'time' is not defined
2025-05-01 20:26:47 | ERROR    | __main__:backup_task:186 - Error in backup task: name 'time' is not defined
2025-05-01 20:26:47 | ERROR    | __main__:backup_task:186 - Error in backup task: name 'time' is not defined
2025-05-01 20:26:47 | ERROR    | __main__:backup_task:186 - Error in backup task: name 'time' is not defined
2025-05-01 20:26:47 | ERROR    | __main__:backup_task:186 - Error in backup task: name 'time' is not defined
2025-05-01 20:26:47 | ERROR    | __main__:backup_task:186 - Error in backup task: name 'time' is not defined
2025-05-01 20:26:47 | ERROR    | __main__:backup_task:186 - Error in backup task: name 'time' is not defined
2025-05-01 20:26:47 | ERROR    | __main__:backup_task:186 - Error in backup task: name 'time' is not defined
2025-05-01 20:26:47 | ERROR    | __main__:backup_task:186 - Error in backup task: name 'time' is not defined
2025-05-01 20:26:47 | ERROR    | __main__:backup_task:186 - Error in backup task: name 'time' is not defined
2025-05-01 20:26:47 | ERROR    | __main__:backup_task:186 - Error in backup task: name 'time' is not defined
2025-05-01 20:26:47 | ERROR    | __main__:backup_task:186 - Error in backup task: name 'time' is not defined
2025-05-01 20:26:47 | ERROR    | __main__:backup_task:186 - Error in backup task: name 'time' is not defined
2025-05-01 20:26:47 | ERROR    | __main__:backup_task:186 - Error in backup task: name 'time' is not defined
2025-05-01 20:26:47 | ERROR    | __main__:backup_task:186 - Error in backup task: name 'time' is not defined
2025-05-01 20:26:47 | ERROR    | __main__:backup_task:186 - Error in backup task: name 'time' is not defined
2025-05-01 20:26:47 | ERROR    | __main__:backup_task:186 - Error in backup task: name 'time' is not defined
2025-05-01 20:26:47 | ERROR    | __main__:backup_task:186 - Error in backup task: name 'time' is not defined
2025-05-01 20:26:47 | ERROR    | __main__:backup_task:186 - Error in backup task: name 'time' is not defined
2025-05-01 20:26:47 | ERROR    | __main__:backup_task:186 - Error in backup task: name 'time' is not defined
2025-05-01 20:26:47 | ERROR    | __main__:backup_task:186 - Error in backup task: name 'time' is not defined
2025-05-01 20:26:47 | ERROR    | __main__:backup_task:186 - Error in backup task: name 'time' is not defined
2025-05-01 20:26:47 | ERROR    | __main__:backup_task:186 - Error in backup task: name 'time' is not defined
2025-05-01 20:26:47 | ERROR    | __main__:backup_task:186 - Error in backup task: name 'time' is not defined
2025-05-01 20:26:47 | ERROR    | __main__:backup_task:186 - Error in backup task: name 'time' is not defined
2025-05-01 20:26:47 | ERROR    | __main__:backup_task:186 - Error in backup task: name 'time' is not defined
2025-05-01 20:26:47 | ERROR    | __main__:backup_task:186 - Error in backup task: name 'time' is not defined
2025-05-01 20:26:47 | ERROR    | __main__:backup_task:186 - Error in backup task: name 'time' is not defined
2025-05-01 20:26:47 | ERROR    | __main__:backup_task:186 - Error in backup task: name 'time' is not defined
2025-05-01 20:26:47 | ERROR    | __main__:backup_task:186 - Error in backup task: name 'time' is not defined
2025-05-01 20:26:47 | ERROR    | __main__:backup_task:186 - Error in backup task: name 'time' is not defined
2025-05-01 20:26:47 | ERROR    | __main__:backup_task:186 - Error in backup task: name 'time' is not defined
2025-05-01 20:26:47 | ERROR    | __main__:backup_task:186 - Error in backup task: name 'time' is not defined
2025-05-01 20:26:47 | ERROR    | __main__:backup_task:186 - Error in backup task: name 'time' is not defined
2025-05-01 20:26:47 | ERROR    | __main__:backup_task:186 - Error in backup task: name 'time' is not defined
2025-05-01 20:26:47 | ERROR    | __main__:backup_task:186 - Error in backup task: name 'time' is not defined
2025-05-01 20:26:47 | ERROR    | __main__:backup_task:186 - Error in backup task: name 'time' is not defined
2025-05-01 20:26:47 | ERROR    | __main__:backup_task:186 - Error in backup task: name 'time' is not defined
2025-05-01 20:26:47 | ERROR    | __main__:backup_task:186 - Error in backup task: name 'time' is not defined
2025-05-01 20:26:47 | ERROR    | __main__:backup_task:186 - Error in backup task: name 'time' is not defined
2025-05-01 20:26:47 | ERROR    | __main__:backup_task:186 - Error in backup task: name 'time' is not defined
2025-05-01 20:26:47 | ERROR    | __main__:backup_task:186 - Error in backup task: name 'time' is not defined
2025-05-01 20:26:47 | ERROR    | __main__:backup_task:186 - Error in backup task: name 'time' is not defined
2025-05-01 20:26:47 | ERROR    | __main__:backup_task:186 - Error in backup task: name 'time' is not defined
2025-05-01 20:26:47 | ERROR    | __main__:backup_task:186 - Error in backup task: name 'time' is not defined
2025-05-01 20:26:47 | ERROR    | __main__:backup_task:186 - Error in backup task: name 'time' is not defined
2025-05-01 20:26:47 | ERROR    | __main__:backup_task:186 - Error in backup task: name 'time' is not defined
2025-05-01 20:26:47 | ERROR    | __main__:backup_task:186 - Error in backup task: name 'time' is not defined
2025-05-01 20:26:47 | ERROR    | __main__:backup_task:186 - Error in backup task: name 'time' is not defined
2025-05-01 20:26:47 | ERROR    | __main__:backup_task:186 - Error in backup task: name 'time' is not defined
2025-05-01 20:26:47 | ERROR    | __main__:backup_task:186 - Error in backup task: name 'time' is not defined
2025-05-01 20:26:47 | ERROR    | __main__:backup_task:186 - Error in backup task: name 'time' is not defined
2025-05-01 20:26:47 | ERROR    | __main__:backup_task:186 - Error in backup task: name 'time' is not defined
2025-05-01 20:26:47 | ERROR    | __main__:backup_task:186 - Error in backup task: name 'time' is not defined
2025-05-01 20:26:47 | ERROR    | __main__:backup_task:186 - Error in backup task: name 'time' is not defined
2025-05-01 20:26:47 | ERROR    | __main__:backup_task:186 - Error in backup task: name 'time' is not defined
2025-05-01 20:26:47 | ERROR    | __main__:backup_task:186 - Error in backup task: name 'time' is not defined
2025-05-01 20:26:47 | ERROR    | __main__:backup_task:186 - Error in backup task: name 'time' is not defined
2025-05-01 20:26:47 | ERROR    | __main__:backup_task:186 - Error in backup task: name 'time' is not defined
2025-05-01 20:26:47 | ERROR    | __main__:backup_task:186 - Error in backup task: name 'time' is not defined
2025-05-01 20:26:47 | ERROR    | __main__:backup_task:186 - Error in backup task: name 'time' is not defined
2025-05-01 20:26:47 | ERROR    | __main__:backup_task:186 - Error in backup task: name 'time' is not defined
2025-05-01 20:26:47 | ERROR    | __main__:backup_task:186 - Error in backup task: name 'time' is not defined
2025-05-01 20:26:47 | ERROR    | __main__:backup_task:186 - Error in backup task: name 'time' is not defined
2025-05-01 20:26:47 | ERROR    | __main__:backup_task:186 - Error in backup task: name 'time' is not defined
2025-05-01 20:26:47 | ERROR    | __main__:backup_task:186 - Error in backup task: name 'time' is not defined
2025-05-01 20:26:47 | ERROR    | __main__:backup_task:186 - Error in backup task: name 'time' is not defined
2025-05-01 20:26:47 | ERROR    | __main__:backup_task:186 - Error in backup task: name 'time' is not defined
2025-05-01 20:26:47 | ERROR    | __main__:backup_task:186 - Error in backup task: name 'time' is not defined
2025-05-01 20:26:47 | ERROR    | __main__:backup_task:186 - Error in backup task: name 'time' is not defined
2025-05-01 20:26:47 | ERROR    | __main__:backup_task:186 - Error in backup task: name 'time' is not defined
2025-05-01 20:26:47 | ERROR    | __main__:backup_task:186 - Error in backup task: name 'time' is not defined
2025-05-01 20:26:47 | ERROR    | __main__:backup_task:186 - Error in backup task: name 'time' is not defined
2025-05-01 20:26:47 | ERROR    | __main__:backup_task:186 - Error in backup task: name 'time' is not defined
2025-05-01 20:26:47 | ERROR    | __main__:backup_task:186 - Error in backup task: name 'time' is not defined
2025-05-01 20:26:47 | ERROR    | __main__:backup_task:186 - Error in backup task: name 'time' is not defined
2025-05-01 20:26:47 | ERROR    | __main__:backup_task:186 - Error in backup task: name 'time' is not defined
2025-05-01 20:26:47 | ERROR    | __main__:backup_task:186 - Error in backup task: name 'time' is not defined
2025-05-01 20:26:47 | ERROR    | __main__:backup_task:186 - Error in backup task: name 'time' is not defined
2025-05-01 20:26:47 | ERROR    | __main__:backup_task:186 - Error in backup task: name 'time' is not defined
2025-05-01 20:26:47 | ERROR    | __main__:backup_task:186 - Error in backup task: name 'time' is not defined
2025-05-01 20:26:47 | ERROR    | __main__:backup_task:186 - Error in backup task: name 'time' is not defined
2025-05-01 20:26:47 | ERROR    | __main__:backup_task:186 - Error in backup task: name 'time' is not defined
2025-05-01 20:26:47 | ERROR    | __main__:backup_task:186 - Error in backup task: name 'time' is not defined
2025-05-01 20:26:47 | ERROR    | __main__:backup_task:186 - Error in backup task: name 'time' is not defined
2025-05-01 20:26:47 | ERROR    | __main__:backup_task:186 - Error in backup task: name 'time' is not defined
2025-05-01 20:26:47 | ERROR    | __main__:backup_task:186 - Error in backup task: name 'time' is not defined
2025-05-01 20:26:47 | ERROR    | __main__:backup_task:186 - Error in backup task: name 'time' is not defined
2025-05-01 20:26:47 | ERROR    | __main__:backup_task:186 - Error in backup task: name 'time' is not defined
2025-05-01 20:26:47 | ERROR    | __main__:backup_task:186 - Error in backup task: name 'time' is not defined
2025-05-01 20:26:47 | ERROR    | __main__:backup_task:186 - Error in backup task: name 'time' is not defined
2025-05-01 20:26:47 | ERROR    | __main__:backup_task:186 - Error in backup task: name 'time' is not defined
2025-05-01 20:26:47 | ERROR    | __main__:backup_task:186 - Error in backup task: name 'time' is not defined
2025-05-01 20:26:47 | ERROR    | __main__:backup_task:186 - Error in backup task: name 'time' is not defined
2025-05-01 20:26:47 | ERROR    | __main__:backup_task:186 - Error in backup task: name 'time' is not defined
2025-05-01 20:26:47 | ERROR    | __main__:backup_task:186 - Error in backup task: name 'time' is not defined
2025-05-01 20:26:47 | ERROR    | __main__:backup_task:186 - Error in backup task: name 'time' is not defined
2025-05-01 20:26:47 | ERROR    | __main__:backup_task:186 - Error in backup task: name 'time' is not defined
2025-05-01 20:26:47 | ERROR    | __main__:backup_task:186 - Error in backup task: name 'time' is not defined
2025-05-01 20:26:47 | ERROR    | __main__:backup_task:186 - Error in backup task: name 'time' is not defined
2025-05-01 20:26:47 | ERROR    | __main__:backup_task:186 - Error in backup task: name 'time' is not defined
2025-05-01 20:26:47 | ERROR    | __main__:backup_task:186 - Error in backup task: name 'time' is not defined
2025-05-01 20:26:47 | ERROR    | __main__:backup_task:186 - Error in backup task: name 'time' is not defined
2025-05-01 20:26:47 | ERROR    | __main__:backup_task:186 - Error in backup task: name 'time' is not defined
2025-05-01 20:26:47 | ERROR    | __main__:backup_task:186 - Error in backup task: name 'time' is not defined
2025-05-01 20:26:47 | ERROR    | __main__:backup_task:186 - Error in backup task: name 'time' is not defined
2025-05-01 20:26:47 | ERROR    | __main__:backup_task:186 - Error in backup task: name 'time' is not defined
2025-05-01 20:26:47 | ERROR    | __main__:backup_task:186 - Error in backup task: name 'time' is not defined
2025-05-01 20:26:47 | ERROR    | __main__:backup_task:186 - Error in backup task: name 'time' is not defined
2025-05-01 20:26:47 | ERROR    | __main__:backup_task:186 - Error in backup task: name 'time' is not defined
2025-05-01 20:26:47 | ERROR    | __main__:backup_task:186 - Error in backup task: name 'time' is not defined
2025-05-01 20:26:47 | ERROR    | __main__:backup_task:186 - Error in backup task: name 'time' is not defined
2025-05-01 20:26:47 | ERROR    | __main__:backup_task:186 - Error in backup task: name 'time' is not defined
2025-05-01 20:26:47 | ERROR    | __main__:backup_task:186 - Error in backup task: name 'time' is not defined
2025-05-01 20:26:47 | ERROR    | __main__:backup_task:186 - Error in backup task: name 'time' is not defined
2025-05-01 20:26:47 | ERROR    | __main__:backup_task:186 - Error in backup task: name 'time' is not defined
2025-05-01 20:26:47 | ERROR    | __main__:backup_task:186 - Error in backup task: name 'time' is not defined
2025-05-01 20:26:47 | ERROR    | __main__:backup_task:186 - Error in backup task: name 'time' is not defined
2025-05-01 20:26:47 | ERROR    | __main__:backup_task:186 - Error in backup task: name 'time' is not defined
2025-05-01 20:26:47 | ERROR    | __main__:backup_task:186 - Error in backup task: name 'time' is not defined
2025-05-01 20:26:47 | ERROR    | __main__:backup_task:186 - Error in backup task: name 'time' is not defined
2025-05-01 20:26:47 | ERROR    | __main__:backup_task:186 - Error in backup task: name 'time' is not defined
2025-05-01 20:26:47 | ERROR    | __main__:backup_task:186 - Error in backup task: name 'time' is not defined
2025-05-01 20:26:47 | ERROR    | __main__:backup_task:186 - Error in backup task: name 'time' is not defined
2025-05-01 20:26:47 | ERROR    | __main__:backup_task:186 - Error in backup task: name 'time' is not defined
2025-05-01 20:26:47 | ERROR    | __main__:backup_task:186 - Error in backup task: name 'time' is not defined
2025-05-01 20:26:47 | ERROR    | __main__:backup_task:186 - Error in backup task: name 'time' is not defined
2025-05-01 20:26:47 | ERROR    | __main__:backup_task:186 - Error in backup task: name 'time' is not defined
2025-05-01 20:26:47 | ERROR    | __main__:backup_task:186 - Error in backup task: name 'time' is not defined
2025-05-01 20:26:47 | ERROR    | __main__:backup_task:186 - Error in backup task: name 'time' is not defined
2025-05-01 20:26:47 | ERROR    | __main__:backup_task:186 - Error in backup task: name 'time' is not defined
2025-05-01 20:26:47 | ERROR    | __main__:backup_task:186 - Error in backup task: name 'time' is not defined
2025-05-01 20:26:47 | ERROR    | __main__:backup_task:186 - Error in backup task: name 'time' is not defined
2025-05-01 20:26:47 | ERROR    | __main__:backup_task:186 - Error in backup task: name 'time' is not defined
2025-05-01 20:26:47 | ERROR    | __main__:backup_task:186 - Error in backup task: name 'time' is not defined
2025-05-01 20:26:47 | ERROR    | __main__:backup_task:186 - Error in backup task: name 'time' is not defined
2025-05-01 20:26:47 | ERROR    | __main__:backup_task:186 - Error in backup task: name 'time' is not defined
2025-05-01 20:26:47 | ERROR    | __main__:backup_task:186 - Error in backup task: name 'time' is not defined
2025-05-01 20:26:47 | ERROR    | __main__:backup_task:186 - Error in backup task: name 'time' is not defined
2025-05-01 20:26:47 | ERROR    | __main__:backup_task:186 - Error in backup task: name 'time' is not defined
2025-05-01 20:26:47 | ERROR    | __main__:backup_task:186 - Error in backup task: name 'time' is not defined
2025-05-01 20:26:47 | ERROR    | __main__:backup_task:186 - Error in backup task: name 'time' is not defined
2025-05-01 20:26:47 | ERROR    | __main__:backup_task:186 - Error in backup task: name 'time' is not defined
2025-05-01 20:26:47 | ERROR    | __main__:backup_task:186 - Error in backup task: name 'time' is not defined
2025-05-01 20:26:47 | ERROR    | __main__:backup_task:186 - Error in backup task: name 'time' is not defined
2025-05-01 20:26:47 | ERROR    | __main__:backup_task:186 - Error in backup task: name 'time' is not defined
2025-05-01 20:26:47 | ERROR    | __main__:backup_task:186 - Error in backup task: name 'time' is not defined
2025-05-01 20:26:47 | ERROR    | __main__:backup_task:186 - Error in backup task: name 'time' is not defined
2025-05-01 20:26:47 | ERROR    | __main__:backup_task:186 - Error in backup task: name 'time' is not defined
2025-05-01 20:26:47 | ERROR    | __main__:backup_task:186 - Error in backup task: name 'time' is not defined
2025-05-01 20:26:47 | ERROR    | __main__:backup_task:186 - Error in backup task: name 'time' is not defined
2025-05-01 20:26:47 | ERROR    | __main__:backup_task:186 - Error in backup task: name 'time' is not defined
2025-05-01 20:26:47 | ERROR    | __main__:backup_task:186 - Error in backup task: name 'time' is not defined
2025-05-01 20:26:47 | ERROR    | __main__:backup_task:186 - Error in backup task: name 'time' is not defined
2025-05-01 20:26:47 | ERROR    | __main__:backup_task:186 - Error in backup task: name 'time' is not defined
2025-05-01 20:26:47 | ERROR    | __main__:backup_task:186 - Error in backup task: name 'time' is not defined
2025-05-01 20:26:47 | ERROR    | __main__:backup_task:186 - Error in backup task: name 'time' is not defined
2025-05-01 20:26:47 | ERROR    | __main__:backup_task:186 - Error in backup task: name 'time' is not defined
2025-05-01 20:26:47 | ERROR    | __main__:backup_task:186 - Error in backup task: name 'time' is not defined
2025-05-01 20:26:47 | ERROR    | __main__:backup_task:186 - Error in backup task: name 'time' is not defined
2025-05-01 20:26:47 | ERROR    | __main__:backup_task:186 - Error in backup task: name 'time' is not defined
2025-05-01 20:26:47 | ERROR    | __main__:backup_task:186 - Error in backup task: name 'time' is not defined
2025-05-01 20:26:47 | ERROR    | __main__:backup_task:186 - Error in backup task: name 'time' is not defined
2025-05-01 20:26:47 | ERROR    | __main__:backup_task:186 - Error in backup task: name 'time' is not defined
2025-05-01 20:26:47 | ERROR    | __main__:backup_task:186 - Error in backup task: name 'time' is not defined
2025-05-01 20:26:47 | ERROR    | __main__:backup_task:186 - Error in backup task: name 'time' is not defined
2025-05-01 20:26:47 | ERROR    | __main__:backup_task:186 - Error in backup task: name 'time' is not defined
2025-05-01 20:26:47 | ERROR    | __main__:backup_task:186 - Error in backup task: name 'time' is not defined
2025-05-01 20:26:47 | ERROR    | __main__:backup_task:186 - Error in backup task: name 'time' is not defined
2025-05-01 20:26:47 | ERROR    | __main__:backup_task:186 - Error in backup task: name 'time' is not defined
2025-05-01 20:26:47 | ERROR    | __main__:backup_task:186 - Error in backup task: name 'time' is not defined
2025-05-01 20:26:47 | ERROR    | __main__:backup_task:186 - Error in backup task: name 'time' is not defined
2025-05-01 20:26:47 | ERROR    | __main__:backup_task:186 - Error in backup task: name 'time' is not defined
2025-05-01 20:26:47 | ERROR    | __main__:backup_task:186 - Error in backup task: name 'time' is not defined
2025-05-01 20:26:47 | ERROR    | __main__:backup_task:186 - Error in backup task: name 'time' is not defined
2025-05-01 20:26:47 | ERROR    | __main__:backup_task:186 - Error in backup task: name 'time' is not defined
2025-05-01 20:26:47 | ERROR    | __main__:backup_task:186 - Error in backup task: name 'time' is not defined
2025-05-01 20:26:47 | ERROR    | __main__:backup_task:186 - Error in backup task: name 'time' is not defined
2025-05-01 20:26:47 | ERROR    | __main__:backup_task:186 - Error in backup task: name 'time' is not defined
2025-05-01 20:26:47 | ERROR    | __main__:backup_task:186 - Error in backup task: name 'time' is not defined
2025-05-01 20:26:47 | ERROR    | __main__:backup_task:186 - Error in backup task: name 'time' is not defined
2025-05-01 20:26:47 | ERROR    | __main__:backup_task:186 - Error in backup task: name 'time' is not defined
2025-05-01 20:26:47 | ERROR    | __main__:backup_task:186 - Error in backup task: name 'time' is not defined
2025-05-01 20:26:47 | ERROR    | __main__:backup_task:186 - Error in backup task: name 'time' is not defined
2025-05-01 20:26:47 | ERROR    | __main__:backup_task:186 - Error in backup task: name 'time' is not defined
2025-05-01 20:26:47 | ERROR    | __main__:backup_task:186 - Error in backup task: name 'time' is not defined
2025-05-01 20:26:47 | ERROR    | __main__:backup_task:186 - Error in backup task: name 'time' is not defined
2025-05-01 20:26:47 | ERROR    | __main__:backup_task:186 - Error in backup task: name 'time' is not defined
2025-05-01 20:26:47 | ERROR    | __main__:backup_task:186 - Error in backup task: name 'time' is not defined
2025-05-01 20:26:47 | ERROR    | __main__:backup_task:186 - Error in backup task: name 'time' is not defined
2025-05-01 20:26:47 | ERROR    | __main__:backup_task:186 - Error in backup task: name 'time' is not defined
2025-05-01 20:26:47 | ERROR    | __main__:backup_task:186 - Error in backup task: name 'time' is not defined
2025-05-01 20:26:47 | ERROR    | __main__:backup_task:186 - Error in backup task: name 'time' is not defined
2025-05-01 20:26:47 | ERROR    | __main__:backup_task:186 - Error in backup task: name 'time' is not defined
2025-05-01 20:26:47 | ERROR    | __main__:backup_task:186 - Error in backup task: name 'time' is not defined
2025-05-01 20:26:47 | ERROR    | __main__:backup_task:186 - Error in backup task: name 'time' is not defined
2025-05-01 20:26:47 | ERROR    | __main__:backup_task:186 - Error in backup task: name 'time' is not defined
2025-05-01 20:26:47 | ERROR    | __main__:backup_task:186 - Error in backup task: name 'time' is not defined
2025-05-01 20:26:47 | ERROR    | __main__:backup_task:186 - Error in backup task: name 'time' is not defined
2025-05-01 20:26:47 | ERROR    | __main__:backup_task:186 - Error in backup task: name 'time' is not defined
2025-05-01 20:26:47 | ERROR    | __main__:backup_task:186 - Error in backup task: name 'time' is not defined
2025-05-01 20:26:47 | ERROR    | __main__:backup_task:186 - Error in backup task: name 'time' is not defined
2025-05-01 20:26:47 | ERROR    | __main__:backup_task:186 - Error in backup task: name 'time' is not defined
2025-05-01 20:26:47 | ERROR    | __main__:backup_task:186 - Error in backup task: name 'time' is not defined
2025-05-01 20:26:47 | ERROR    | __main__:backup_task:186 - Error in backup task: name 'time' is not defined
2025-05-01 20:26:47 | ERROR    | __main__:backup_task:186 - Error in backup task: name 'time' is not defined
2025-05-01 20:26:47 | ERROR    | __main__:backup_task:186 - Error in backup task: name 'time' is not defined
2025-05-01 20:26:47 | ERROR    | __main__:backup_task:186 - Error in backup task: name 'time' is not defined
2025-05-01 20:26:47 | ERROR    | __main__:backup_task:186 - Error in backup task: name 'time' is not defined
2025-05-01 20:26:47 | ERROR    | __main__:backup_task:186 - Error in backup task: name 'time' is not defined
2025-05-01 20:26:47 | ERROR    | __main__:backup_task:186 - Error in backup task: name 'time' is not defined
2025-05-01 20:26:47 | ERROR    | __main__:backup_task:186 - Error in backup task: name 'time' is not defined
2025-05-01 20:26:47 | ERROR    | __main__:backup_task:186 - Error in backup task: name 'time' is not defined
2025-05-01 20:26:47 | ERROR    | __main__:backup_task:186 - Error in backup task: name 'time' is not defined
2025-05-01 20:26:47 | ERROR    | __main__:backup_task:186 - Error in backup task: name 'time' is not defined
2025-05-01 20:26:47 | ERROR    | __main__:backup_task:186 - Error in backup task: name 'time' is not defined
2025-05-01 20:26:47 | ERROR    | __main__:backup_task:186 - Error in backup task: name 'time' is not defined
2025-05-01 20:26:47 | ERROR    | __main__:backup_task:186 - Error in backup task: name 'time' is not defined
2025-05-01 20:26:47 | ERROR    | __main__:backup_task:186 - Error in backup task: name 'time' is not defined
2025-05-01 20:26:47 | ERROR    | __main__:backup_task:186 - Error in backup task: name 'time' is not defined
2025-05-01 20:26:47 | ERROR    | __main__:backup_task:186 - Error in backup task: name 'time' is not defined
2025-05-01 20:26:47 | ERROR    | __main__:backup_task:186 - Error in backup task: name 'time' is not defined
2025-05-01 20:26:47 | ERROR    | __main__:backup_task:186 - Error in backup task: name 'time' is not defined
2025-05-01 20:26:47 | ERROR    | __main__:backup_task:186 - Error in backup task: name 'time' is not defined
2025-05-01 20:26:47 | ERROR    | __main__:backup_task:186 - Error in backup task: name 'time' is not defined
2025-05-01 20:26:47 | ERROR    | __main__:backup_task:186 - Error in backup task: name 'time' is not defined
2025-05-01 20:26:47 | ERROR    | __main__:backup_task:186 - Error in backup task: name 'time' is not defined
2025-05-01 20:26:47 | ERROR    | __main__:backup_task:186 - Error in backup task: name 'time' is not defined
2025-05-01 20:26:47 | ERROR    | __main__:backup_task:186 - Error in backup task: name 'time' is not defined
2025-05-01 20:26:47 | ERROR    | __main__:backup_task:186 - Error in backup task: name 'time' is not defined
2025-05-01 20:26:47 | ERROR    | __main__:backup_task:186 - Error in backup task: name 'time' is not defined
2025-05-01 20:26:47 | ERROR    | __main__:backup_task:186 - Error in backup task: name 'time' is not defined
2025-05-01 20:26:47 | ERROR    | __main__:backup_task:186 - Error in backup task: name 'time' is not defined
2025-05-01 20:26:47 | ERROR    | __main__:backup_task:186 - Error in backup task: name 'time' is not defined
2025-05-01 20:26:47 | ERROR    | __main__:backup_task:186 - Error in backup task: name 'time' is not defined
2025-05-01 20:26:47 | ERROR    | __main__:backup_task:186 - Error in backup task: name 'time' is not defined
2025-05-01 20:26:47 | ERROR    | __main__:backup_task:186 - Error in backup task: name 'time' is not defined
2025-05-01 20:26:47 | ERROR    | __main__:backup_task:186 - Error in backup task: name 'time' is not defined
2025-05-01 20:26:47 | ERROR    | __main__:backup_task:186 - Error in backup task: name 'time' is not defined
2025-05-01 20:26:47 | ERROR    | __main__:backup_task:186 - Error in backup task: name 'time' is not defined
2025-05-01 20:26:47 | ERROR    | __main__:backup_task:186 - Error in backup task: name 'time' is not defined
2025-05-01 20:26:47 | ERROR    | __main__:backup_task:186 - Error in backup task: name 'time' is not defined
2025-05-01 20:26:47 | ERROR    | __main__:backup_task:186 - Error in backup task: name 'time' is not defined
2025-05-01 20:26:47 | ERROR    | __main__:backup_task:186 - Error in backup task: name 'time' is not defined
2025-05-01 20:26:47 | ERROR    | __main__:backup_task:186 - Error in backup task: name 'time' is not defined
2025-05-01 20:26:47 | ERROR    | __main__:backup_task:186 - Error in backup task: name 'time' is not defined
2025-05-01 20:26:47 | ERROR    | __main__:backup_task:186 - Error in backup task: name 'time' is not defined
2025-05-01 20:26:47 | ERROR    | __main__:backup_task:186 - Error in backup task: name 'time' is not defined
2025-05-01 20:26:47 | ERROR    | __main__:backup_task:186 - Error in backup task: name 'time' is not defined
2025-05-01 20:26:47 | ERROR    | __main__:backup_task:186 - Error in backup task: name 'time' is not defined
2025-05-01 20:26:47 | ERROR    | __main__:backup_task:186 - Error in backup task: name 'time' is not defined
2025-05-01 20:26:47 | ERROR    | __main__:backup_task:186 - Error in backup task: name 'time' is not defined
2025-05-01 20:26:47 | ERROR    | __main__:backup_task:186 - Error in backup task: name 'time' is not defined
2025-05-01 20:26:47 | ERROR    | __main__:backup_task:186 - Error in backup task: name 'time' is not defined
2025-05-01 20:26:47 | ERROR    | __main__:backup_task:186 - Error in backup task: name 'time' is not defined
2025-05-01 20:26:47 | ERROR    | __main__:backup_task:186 - Error in backup task: name 'time' is not defined
2025-05-01 20:26:47 | ERROR    | __main__:backup_task:186 - Error in backup task: name 'time' is not defined
2025-05-01 20:26:47 | ERROR    | __main__:backup_task:186 - Error in backup task: name 'time' is not defined
2025-05-01 20:26:47 | ERROR    | __main__:backup_task:186 - Error in backup task: name 'time' is not defined
2025-05-01 20:26:47 | ERROR    | __main__:backup_task:186 - Error in backup task: name 'time' is not defined
2025-05-01 20:26:47 | ERROR    | __main__:backup_task:186 - Error in backup task: name 'time' is not defined
2025-05-01 20:26:47 | ERROR    | __main__:backup_task:186 - Error in backup task: name 'time' is not defined
2025-05-01 20:26:47 | ERROR    | __main__:backup_task:186 - Error in backup task: name 'time' is not defined
2025-05-01 20:26:47 | ERROR    | __main__:backup_task:186 - Error in backup task: name 'time' is not defined
2025-05-01 20:26:47 | ERROR    | __main__:backup_task:186 - Error in backup task: name 'time' is not defined
2025-05-01 20:26:47 | ERROR    | __main__:backup_task:186 - Error in backup task: name 'time' is not defined
2025-05-01 20:26:47 | ERROR    | __main__:backup_task:186 - Error in backup task: name 'time' is not defined
2025-05-01 20:26:47 | ERROR    | __main__:backup_task:186 - Error in backup task: name 'time' is not defined
2025-05-01 20:26:47 | ERROR    | __main__:backup_task:186 - Error in backup task: name 'time' is not defined
2025-05-01 20:26:47 | ERROR    | __main__:backup_task:186 - Error in backup task: name 'time' is not defined
2025-05-01 20:26:47 | ERROR    | __main__:backup_task:186 - Error in backup task: name 'time' is not defined
2025-05-01 20:26:47 | ERROR    | __main__:backup_task:186 - Error in backup task: name 'time' is not defined
2025-05-01 20:26:47 | ERROR    | __main__:backup_task:186 - Error in backup task: name 'time' is not defined
2025-05-01 20:26:47 | ERROR    | __main__:backup_task:186 - Error in backup task: name 'time' is not defined
2025-05-01 20:26:47 | ERROR    | __main__:backup_task:186 - Error in backup task: name 'time' is not defined
2025-05-01 20:26:47 | ERROR    | __main__:backup_task:186 - Error in backup task: name 'time' is not defined
2025-05-01 20:26:47 | ERROR    | __main__:backup_task:186 - Error in backup task: name 'time' is not defined
2025-05-01 20:26:47 | ERROR    | __main__:backup_task:186 - Error in backup task: name 'time' is not defined
2025-05-01 20:26:47 | ERROR    | __main__:backup_task:186 - Error in backup task: name 'time' is not defined
2025-05-01 20:26:47 | ERROR    | __main__:backup_task:186 - Error in backup task: name 'time' is not defined
2025-05-01 20:26:47 | ERROR    | __main__:backup_task:186 - Error in backup task: name 'time' is not defined
2025-05-01 20:26:47 | ERROR    | __main__:backup_task:186 - Error in backup task: name 'time' is not defined
2025-05-01 20:26:47 | ERROR    | __main__:backup_task:186 - Error in backup task: name 'time' is not defined
2025-05-01 20:26:47 | ERROR    | __main__:backup_task:186 - Error in backup task: name 'time' is not defined
2025-05-01 20:26:47 | ERROR    | __main__:backup_task:186 - Error in backup task: name 'time' is not defined
2025-05-01 20:26:47 | ERROR    | __main__:backup_task:186 - Error in backup task: name 'time' is not defined
2025-05-01 20:26:47 | ERROR    | __main__:backup_task:186 - Error in backup task: name 'time' is not defined
2025-05-01 20:26:47 | ERROR    | __main__:backup_task:186 - Error in backup task: name 'time' is not defined
2025-05-01 20:26:47 | ERROR    | __main__:backup_task:186 - Error in backup task: name 'time' is not defined
2025-05-01 20:26:47 | ERROR    | __main__:backup_task:186 - Error in backup task: name 'time' is not defined
2025-05-01 20:26:47 | ERROR    | __main__:backup_task:186 - Error in backup task: name 'time' is not defined
2025-05-01 20:26:47 | ERROR    | __main__:backup_task:186 - Error in backup task: name 'time' is not defined
2025-05-01 20:26:47 | ERROR    | __main__:backup_task:186 - Error in backup task: name 'time' is not defined
2025-05-01 20:26:47 | ERROR    | __main__:backup_task:186 - Error in backup task: name 'time' is not defined
2025-05-01 20:26:47 | ERROR    | __main__:backup_task:186 - Error in backup task: name 'time' is not defined
2025-05-01 20:26:47 | ERROR    | __main__:backup_task:186 - Error in backup task: name 'time' is not defined
2025-05-01 20:26:47 | ERROR    | __main__:backup_task:186 - Error in backup task: name 'time' is not defined
2025-05-01 20:26:47 | ERROR    | __main__:backup_task:186 - Error in backup task: name 'time' is not defined
2025-05-01 20:26:47 | ERROR    | __main__:backup_task:186 - Error in backup task: name 'time' is not defined
2025-05-01 20:26:47 | ERROR    | __main__:backup_task:186 - Error in backup task: name 'time' is not defined
2025-05-01 20:26:47 | ERROR    | __main__:backup_task:186 - Error in backup task: name 'time' is not defined
2025-05-01 20:26:47 | ERROR    | __main__:backup_task:186 - Error in backup task: name 'time' is not defined
2025-05-01 20:26:47 | ERROR    | __main__:backup_task:186 - Error in backup task: name 'time' is not defined
2025-05-01 20:26:47 | ERROR    | __main__:backup_task:186 - Error in backup task: name 'time' is not defined
2025-05-01 20:26:47 | ERROR    | __main__:backup_task:186 - Error in backup task: name 'time' is not defined
2025-05-01 20:26:47 | ERROR    | __main__:backup_task:186 - Error in backup task: name 'time' is not defined
2025-05-01 20:26:47 | ERROR    | __main__:backup_task:186 - Error in backup task: name 'time' is not defined
2025-05-01 20:26:47 | ERROR    | __main__:backup_task:186 - Error in backup task: name 'time' is not defined
2025-05-01 20:26:47 | ERROR    | __main__:backup_task:186 - Error in backup task: name 'time' is not defined
2025-05-01 20:26:47 | ERROR    | __main__:backup_task:186 - Error in backup task: name 'time' is not defined
2025-05-01 20:26:47 | ERROR    | __main__:backup_task:186 - Error in backup task: name 'time' is not defined
2025-05-01 20:26:47 | ERROR    | __main__:backup_task:186 - Error in backup task: name 'time' is not defined
2025-05-01 20:26:47 | ERROR    | __main__:backup_task:186 - Error in backup task: name 'time' is not defined
2025-05-01 20:26:47 | ERROR    | __main__:backup_task:186 - Error in backup task: name 'time' is not defined
2025-05-01 20:26:47 | ERROR    | __main__:backup_task:186 - Error in backup task: name 'time' is not defined
2025-05-01 20:26:47 | ERROR    | __main__:backup_task:186 - Error in backup task: name 'time' is not defined
2025-05-01 20:26:47 | ERROR    | __main__:backup_task:186 - Error in backup task: name 'time' is not defined
2025-05-01 20:26:47 | ERROR    | __main__:backup_task:186 - Error in backup task: name 'time' is not defined
2025-05-01 20:26:47 | ERROR    | __main__:backup_task:186 - Error in backup task: name 'time' is not defined
2025-05-01 20:26:47 | ERROR    | __main__:backup_task:186 - Error in backup task: name 'time' is not defined
2025-05-01 20:26:47 | ERROR    | __main__:backup_task:186 - Error in backup task: name 'time' is not defined
2025-05-01 20:26:47 | ERROR    | __main__:backup_task:186 - Error in backup task: name 'time' is not defined
2025-05-01 20:26:47 | ERROR    | __main__:backup_task:186 - Error in backup task: name 'time' is not defined
2025-05-01 20:26:47 | ERROR    | __main__:backup_task:186 - Error in backup task: name 'time' is not defined
2025-05-01 20:26:47 | ERROR    | __main__:backup_task:186 - Error in backup task: name 'time' is not defined
2025-05-01 20:26:47 | ERROR    | __main__:backup_task:186 - Error in backup task: name 'time' is not defined
2025-05-01 20:26:47 | ERROR    | __main__:backup_task:186 - Error in backup task: name 'time' is not defined
2025-05-01 20:26:47 | ERROR    | __main__:backup_task:186 - Error in backup task: name 'time' is not defined
2025-05-01 20:26:47 | ERROR    | __main__:backup_task:186 - Error in backup task: name 'time' is not defined
2025-05-01 20:26:47 | ERROR    | __main__:backup_task:186 - Error in backup task: name 'time' is not defined
2025-05-01 20:26:47 | ERROR    | __main__:backup_task:186 - Error in backup task: name 'time' is not defined
2025-05-01 20:26:47 | ERROR    | __main__:backup_task:186 - Error in backup task: name 'time' is not defined
2025-05-01 20:26:47 | ERROR    | __main__:backup_task:186 - Error in backup task: name 'time' is not defined
2025-05-01 20:26:47 | ERROR    | __main__:backup_task:186 - Error in backup task: name 'time' is not defined
2025-05-01 20:26:47 | ERROR    | __main__:backup_task:186 - Error in backup task: name 'time' is not defined
2025-05-01 20:26:47 | ERROR    | __main__:backup_task:186 - Error in backup task: name 'time' is not defined
2025-05-01 20:26:47 | ERROR    | __main__:backup_task:186 - Error in backup task: name 'time' is not defined
2025-05-01 20:26:47 | ERROR    | __main__:backup_task:186 - Error in backup task: name 'time' is not defined
2025-05-01 20:26:47 | ERROR    | __main__:backup_task:186 - Error in backup task: name 'time' is not defined
2025-05-01 20:26:47 | ERROR    | __main__:backup_task:186 - Error in backup task: name 'time' is not defined
2025-05-01 20:26:47 | ERROR    | __main__:backup_task:186 - Error in backup task: name 'time' is not defined
2025-05-01 20:26:47 | ERROR    | __main__:backup_task:186 - Error in backup task: name 'time' is not defined
2025-05-01 20:26:47 | ERROR    | __main__:backup_task:186 - Error in backup task: name 'time' is not defined
2025-05-01 20:26:47 | ERROR    | __main__:backup_task:186 - Error in backup task: name 'time' is not defined
2025-05-01 20:26:47 | ERROR    | __main__:backup_task:186 - Error in backup task: name 'time' is not defined
2025-05-01 20:26:47 | ERROR    | __main__:backup_task:186 - Error in backup task: name 'time' is not defined
2025-05-01 20:26:47 | ERROR    | __main__:backup_task:186 - Error in backup task: name 'time' is not defined
2025-05-01 20:26:47 | ERROR    | __main__:backup_task:186 - Error in backup task: name 'time' is not defined
2025-05-01 20:26:47 | ERROR    | __main__:backup_task:186 - Error in backup task: name 'time' is not defined
2025-05-01 20:26:47 | ERROR    | __main__:backup_task:186 - Error in backup task: name 'time' is not defined
2025-05-01 20:26:47 | ERROR    | __main__:backup_task:186 - Error in backup task: name 'time' is not defined
2025-05-01 20:26:47 | ERROR    | __main__:backup_task:186 - Error in backup task: name 'time' is not defined
2025-05-01 20:26:47 | ERROR    | __main__:backup_task:186 - Error in backup task: name 'time' is not defined
2025-05-01 20:26:47 | ERROR    | __main__:backup_task:186 - Error in backup task: name 'time' is not defined
2025-05-01 20:26:47 | ERROR    | __main__:backup_task:186 - Error in backup task: name 'time' is not defined
2025-05-01 20:26:47 | ERROR    | __main__:backup_task:186 - Error in backup task: name 'time' is not defined
2025-05-01 20:26:47 | ERROR    | __main__:backup_task:186 - Error in backup task: name 'time' is not defined
2025-05-01 20:26:47 | ERROR    | __main__:backup_task:186 - Error in backup task: name 'time' is not defined
2025-05-01 20:26:47 | ERROR    | __main__:backup_task:186 - Error in backup task: name 'time' is not defined
2025-05-01 20:26:47 | ERROR    | __main__:backup_task:186 - Error in backup task: name 'time' is not defined
2025-05-01 20:26:47 | ERROR    | __main__:backup_task:186 - Error in backup task: name 'time' is not defined
2025-05-01 20:26:47 | ERROR    | __main__:backup_task:186 - Error in backup task: name 'time' is not defined
2025-05-01 20:26:47 | ERROR    | __main__:backup_task:186 - Error in backup task: name 'time' is not defined
2025-05-01 20:26:47 | ERROR    | __main__:backup_task:186 - Error in backup task: name 'time' is not defined
2025-05-01 20:26:47 | ERROR    | __main__:backup_task:186 - Error in backup task: name 'time' is not defined
2025-05-01 20:26:47 | ERROR    | __main__:backup_task:186 - Error in backup task: name 'time' is not defined
2025-05-01 20:26:47 | ERROR    | __main__:backup_task:186 - Error in backup task: name 'time' is not defined
2025-05-01 20:26:47 | ERROR    | __main__:backup_task:186 - Error in backup task: name 'time' is not defined
2025-05-01 20:26:47 | ERROR    | __main__:backup_task:186 - Error in backup task: name 'time' is not defined
2025-05-01 20:26:47 | ERROR    | __main__:backup_task:186 - Error in backup task: name 'time' is not defined
2025-05-01 20:26:47 | ERROR    | __main__:backup_task:186 - Error in backup task: name 'time' is not defined
2025-05-01 20:26:47 | ERROR    | __main__:backup_task:186 - Error in backup task: name 'time' is not defined
2025-05-01 20:26:47 | ERROR    | __main__:backup_task:186 - Error in backup task: name 'time' is not defined
2025-05-01 20:26:47 | ERROR    | __main__:backup_task:186 - Error in backup task: name 'time' is not defined
2025-05-01 20:26:47 | ERROR    | __main__:backup_task:186 - Error in backup task: name 'time' is not defined
2025-05-01 20:26:47 | ERROR    | __main__:backup_task:186 - Error in backup task: name 'time' is not defined
2025-05-01 20:26:47 | ERROR    | __main__:backup_task:186 - Error in backup task: name 'time' is not defined
2025-05-01 20:26:47 | ERROR    | __main__:backup_task:186 - Error in backup task: name 'time' is not defined
2025-05-01 20:26:47 | ERROR    | __main__:backup_task:186 - Error in backup task: name 'time' is not defined
2025-05-01 20:26:47 | ERROR    | __main__:backup_task:186 - Error in backup task: name 'time' is not defined
2025-05-01 20:26:47 | ERROR    | __main__:backup_task:186 - Error in backup task: name 'time' is not defined
2025-05-01 20:26:47 | ERROR    | __main__:backup_task:186 - Error in backup task: name 'time' is not defined
2025-05-01 20:26:47 | ERROR    | __main__:backup_task:186 - Error in backup task: name 'time' is not defined
2025-05-01 20:26:47 | ERROR    | __main__:backup_task:186 - Error in backup task: name 'time' is not defined
2025-05-01 20:26:47 | ERROR    | __main__:backup_task:186 - Error in backup task: name 'time' is not defined
2025-05-01 20:26:47 | ERROR    | __main__:backup_task:186 - Error in backup task: name 'time' is not defined
2025-05-01 20:26:47 | ERROR    | __main__:backup_task:186 - Error in backup task: name 'time' is not defined
2025-05-01 20:26:47 | ERROR    | __main__:backup_task:186 - Error in backup task: name 'time' is not defined
2025-05-01 20:26:47 | ERROR    | __main__:backup_task:186 - Error in backup task: name 'time' is not defined
2025-05-01 20:26:47 | ERROR    | __main__:backup_task:186 - Error in backup task: name 'time' is not defined
2025-05-01 20:26:47 | ERROR    | __main__:backup_task:186 - Error in backup task: name 'time' is not defined
2025-05-01 20:26:47 | ERROR    | __main__:backup_task:186 - Error in backup task: name 'time' is not defined
2025-05-01 20:26:47 | ERROR    | __main__:backup_task:186 - Error in backup task: name 'time' is not defined
2025-05-01 20:26:47 | ERROR    | __main__:backup_task:186 - Error in backup task: name 'time' is not defined
2025-05-01 20:26:47 | ERROR    | __main__:backup_task:186 - Error in backup task: name 'time' is not defined
2025-05-01 20:26:47 | ERROR    | __main__:backup_task:186 - Error in backup task: name 'time' is not defined
2025-05-01 20:26:47 | ERROR    | __main__:backup_task:186 - Error in backup task: name 'time' is not defined
2025-05-01 20:26:47 | ERROR    | __main__:backup_task:186 - Error in backup task: name 'time' is not defined
2025-05-01 20:26:47 | ERROR    | __main__:backup_task:186 - Error in backup task: name 'time' is not defined
2025-05-01 20:26:47 | ERROR    | __main__:backup_task:186 - Error in backup task: name 'time' is not defined
2025-05-01 20:26:47 | ERROR    | __main__:backup_task:186 - Error in backup task: name 'time' is not defined
2025-05-01 20:26:47 | ERROR    | __main__:backup_task:186 - Error in backup task: name 'time' is not defined
2025-05-01 20:26:47 | ERROR    | __main__:backup_task:186 - Error in backup task: name 'time' is not defined
2025-05-01 20:26:47 | ERROR    | __main__:backup_task:186 - Error in backup task: name 'time' is not defined
2025-05-01 20:26:47 | ERROR    | __main__:backup_task:186 - Error in backup task: name 'time' is not defined
2025-05-01 20:26:47 | ERROR    | __main__:backup_task:186 - Error in backup task: name 'time' is not defined
2025-05-01 20:26:47 | ERROR    | __main__:backup_task:186 - Error in backup task: name 'time' is not defined
2025-05-01 20:26:47 | ERROR    | __main__:backup_task:186 - Error in backup task: name 'time' is not defined
2025-05-01 20:26:47 | ERROR    | __main__:backup_task:186 - Error in backup task: name 'time' is not defined
2025-05-01 20:26:47 | ERROR    | __main__:backup_task:186 - Error in backup task: name 'time' is not defined
2025-05-01 20:26:47 | ERROR    | __main__:backup_task:186 - Error in backup task: name 'time' is not defined
2025-05-01 20:26:47 | ERROR    | __main__:backup_task:186 - Error in backup task: name 'time' is not defined
2025-05-01 20:26:47 | ERROR    | __main__:backup_task:186 - Error in backup task: name 'time' is not defined
2025-05-01 20:26:47 | ERROR    | __main__:backup_task:186 - Error in backup task: name 'time' is not defined
2025-05-01 20:26:47 | ERROR    | __main__:backup_task:186 - Error in backup task: name 'time' is not defined
2025-05-01 20:26:47 | ERROR    | __main__:backup_task:186 - Error in backup task: name 'time' is not defined
2025-05-01 20:26:47 | ERROR    | __main__:backup_task:186 - Error in backup task: name 'time' is not defined
2025-05-01 20:26:47 | ERROR    | __main__:backup_task:186 - Error in backup task: name 'time' is not defined
2025-05-01 20:26:47 | ERROR    | __main__:backup_task:186 - Error in backup task: name 'time' is not defined
2025-05-01 20:26:47 | ERROR    | __main__:backup_task:186 - Error in backup task: name 'time' is not defined
2025-05-01 20:26:47 | ERROR    | __main__:backup_task:186 - Error in backup task: name 'time' is not defined
2025-05-01 20:26:47 | ERROR    | __main__:backup_task:186 - Error in backup task: name 'time' is not defined
2025-05-01 20:26:47 | ERROR    | __main__:backup_task:186 - Error in backup task: name 'time' is not defined
2025-05-01 20:26:47 | ERROR    | __main__:backup_task:186 - Error in backup task: name 'time' is not defined
2025-05-01 20:26:47 | ERROR    | __main__:backup_task:186 - Error in backup task: name 'time' is not defined
2025-05-01 20:26:47 | ERROR    | __main__:backup_task:186 - Error in backup task: name 'time' is not defined
2025-05-01 20:26:47 | ERROR    | __main__:backup_task:186 - Error in backup task: name 'time' is not defined
2025-05-01 20:26:47 | ERROR    | __main__:backup_task:186 - Error in backup task: name 'time' is not defined
2025-05-01 20:26:47 | ERROR    | __main__:backup_task:186 - Error in backup task: name 'time' is not defined
2025-05-01 20:26:47 | ERROR    | __main__:backup_task:186 - Error in backup task: name 'time' is not defined
2025-05-01 20:26:47 | ERROR    | __main__:backup_task:186 - Error in backup task: name 'time' is not defined
2025-05-01 20:26:47 | ERROR    | __main__:backup_task:186 - Error in backup task: name 'time' is not defined
2025-05-01 20:26:47 | ERROR    | __main__:backup_task:186 - Error in backup task: name 'time' is not defined
2025-05-01 20:26:47 | ERROR    | __main__:backup_task:186 - Error in backup task: name 'time' is not defined
2025-05-01 20:26:47 | ERROR    | __main__:backup_task:186 - Error in backup task: name 'time' is not defined
2025-05-01 20:26:47 | ERROR    | __main__:backup_task:186 - Error in backup task: name 'time' is not defined
2025-05-01 20:26:47 | ERROR    | __main__:backup_task:186 - Error in backup task: name 'time' is not defined
2025-05-01 20:26:47 | ERROR    | __main__:backup_task:186 - Error in backup task: name 'time' is not defined
2025-05-01 20:26:47 | ERROR    | __main__:backup_task:186 - Error in backup task: name 'time' is not defined
2025-05-01 20:26:47 | ERROR    | __main__:backup_task:186 - Error in backup task: name 'time' is not defined
2025-05-01 20:26:47 | ERROR    | __main__:backup_task:186 - Error in backup task: name 'time' is not defined
2025-05-01 20:26:47 | ERROR    | __main__:backup_task:186 - Error in backup task: name 'time' is not defined
2025-05-01 20:26:47 | ERROR    | __main__:backup_task:186 - Error in backup task: name 'time' is not defined
2025-05-01 20:26:47 | ERROR    | __main__:backup_task:186 - Error in backup task: name 'time' is not defined
2025-05-01 20:26:47 | ERROR    | __main__:backup_task:186 - Error in backup task: name 'time' is not defined
2025-05-01 20:26:47 | ERROR    | __main__:backup_task:186 - Error in backup task: name 'time' is not defined
2025-05-01 20:26:47 | ERROR    | __main__:backup_task:186 - Error in backup task: name 'time' is not defined
2025-05-01 20:26:47 | ERROR    | __main__:backup_task:186 - Error in backup task: name 'time' is not defined
2025-05-01 20:26:47 | ERROR    | __main__:backup_task:186 - Error in backup task: name 'time' is not defined
2025-05-01 20:26:47 | ERROR    | __main__:backup_task:186 - Error in backup task: name 'time' is not defined
2025-05-01 20:26:47 | ERROR    | __main__:backup_task:186 - Error in backup task: name 'time' is not defined
2025-05-01 20:26:47 | ERROR    | __main__:backup_task:186 - Error in backup task: name 'time' is not defined
2025-05-01 20:26:47 | ERROR    | __main__:backup_task:186 - Error in backup task: name 'time' is not defined
2025-05-01 20:26:47 | ERROR    | __main__:backup_task:186 - Error in backup task: name 'time' is not defined
2025-05-01 20:26:47 | ERROR    | __main__:backup_task:186 - Error in backup task: name 'time' is not defined
2025-05-01 20:26:47 | ERROR    | __main__:backup_task:186 - Error in backup task: name 'time' is not defined
2025-05-01 20:26:47 | ERROR    | __main__:backup_task:186 - Error in backup task: name 'time' is not defined
2025-05-01 20:26:47 | ERROR    | __main__:backup_task:186 - Error in backup task: name 'time' is not defined
2025-05-01 20:26:47 | ERROR    | __main__:backup_task:186 - Error in backup task: name 'time' is not defined
2025-05-01 20:26:47 | ERROR    | __main__:backup_task:186 - Error in backup task: name 'time' is not defined
2025-05-01 20:26:47 | ERROR    | __main__:backup_task:186 - Error in backup task: name 'time' is not defined
2025-05-01 20:26:47 | ERROR    | __main__:backup_task:186 - Error in backup task: name 'time' is not defined
2025-05-01 20:26:47 | ERROR    | __main__:backup_task:186 - Error in backup task: name 'time' is not defined
2025-05-01 20:26:47 | ERROR    | __main__:backup_task:186 - Error in backup task: name 'time' is not defined
2025-05-01 20:26:47 | ERROR    | __main__:backup_task:186 - Error in backup task: name 'time' is not defined
2025-05-01 20:26:47 | ERROR    | __main__:backup_task:186 - Error in backup task: name 'time' is not defined
2025-05-01 20:26:47 | ERROR    | __main__:backup_task:186 - Error in backup task: name 'time' is not defined
2025-05-01 20:26:47 | ERROR    | __main__:backup_task:186 - Error in backup task: name 'time' is not defined
2025-05-01 20:26:47 | ERROR    | __main__:backup_task:186 - Error in backup task: name 'time' is not defined
2025-05-01 20:26:47 | ERROR    | __main__:backup_task:186 - Error in backup task: name 'time' is not defined
2025-05-01 20:26:47 | ERROR    | __main__:backup_task:186 - Error in backup task: name 'time' is not defined
2025-05-01 20:26:47 | ERROR    | __main__:backup_task:186 - Error in backup task: name 'time' is not defined
2025-05-01 20:26:47 | ERROR    | __main__:backup_task:186 - Error in backup task: name 'time' is not defined
2025-05-01 20:26:47 | ERROR    | __main__:backup_task:186 - Error in backup task: name 'time' is not defined
2025-05-01 20:26:47 | ERROR    | __main__:backup_task:186 - Error in backup task: name 'time' is not defined
2025-05-01 20:26:47 | ERROR    | __main__:backup_task:186 - Error in backup task: name 'time' is not defined
2025-05-01 20:26:47 | ERROR    | __main__:backup_task:186 - Error in backup task: name 'time' is not defined
2025-05-01 20:26:47 | ERROR    | __main__:backup_task:186 - Error in backup task: name 'time' is not defined
2025-05-01 20:26:47 | ERROR    | __main__:backup_task:186 - Error in backup task: name 'time' is not defined
2025-05-01 20:26:47 | ERROR    | __main__:backup_task:186 - Error in backup task: name 'time' is not defined
2025-05-01 20:26:47 | ERROR    | __main__:backup_task:186 - Error in backup task: name 'time' is not defined
2025-05-01 20:26:47 | ERROR    | __main__:backup_task:186 - Error in backup task: name 'time' is not defined
2025-05-01 20:26:47 | ERROR    | __main__:backup_task:186 - Error in backup task: name 'time' is not defined
2025-05-01 20:26:47 | ERROR    | __main__:backup_task:186 - Error in backup task: name 'time' is not defined
2025-05-01 20:26:47 | ERROR    | __main__:backup_task:186 - Error in backup task: name 'time' is not defined
2025-05-01 20:26:47 | ERROR    | __main__:backup_task:186 - Error in backup task: name 'time' is not defined
2025-05-01 20:26:47 | ERROR    | __main__:backup_task:186 - Error in backup task: name 'time' is not defined
2025-05-01 20:26:47 | ERROR    | __main__:backup_task:186 - Error in backup task: name 'time' is not defined
2025-05-01 20:26:47 | ERROR    | __main__:backup_task:186 - Error in backup task: name 'time' is not defined
2025-05-01 20:26:47 | ERROR    | __main__:backup_task:186 - Error in backup task: name 'time' is not defined
2025-05-01 20:26:47 | ERROR    | __main__:backup_task:186 - Error in backup task: name 'time' is not defined
2025-05-01 20:26:47 | ERROR    | __main__:backup_task:186 - Error in backup task: name 'time' is not defined
2025-05-01 20:26:47 | ERROR    | __main__:backup_task:186 - Error in backup task: name 'time' is not defined
2025-05-01 20:26:47 | ERROR    | __main__:backup_task:186 - Error in backup task: name 'time' is not defined
2025-05-01 20:26:47 | ERROR    | __main__:backup_task:186 - Error in backup task: name 'time' is not defined
2025-05-01 20:26:47 | ERROR    | __main__:backup_task:186 - Error in backup task: name 'time' is not defined
2025-05-01 20:26:47 | ERROR    | __main__:backup_task:186 - Error in backup task: name 'time' is not defined
2025-05-01 20:26:47 | ERROR    | __main__:backup_task:186 - Error in backup task: name 'time' is not defined
2025-05-01 20:26:47 | ERROR    | __main__:backup_task:186 - Error in backup task: name 'time' is not defined
2025-05-01 20:26:47 | ERROR    | __main__:backup_task:186 - Error in backup task: name 'time' is not defined
2025-05-01 20:26:47 | ERROR    | __main__:backup_task:186 - Error in backup task: name 'time' is not defined
2025-05-01 20:26:47 | ERROR    | __main__:backup_task:186 - Error in backup task: name 'time' is not defined
2025-05-01 20:26:47 | ERROR    | __main__:backup_task:186 - Error in backup task: name 'time' is not defined
2025-05-01 20:26:47 | ERROR    | __main__:backup_task:186 - Error in backup task: name 'time' is not defined
2025-05-01 20:26:47 | ERROR    | __main__:backup_task:186 - Error in backup task: name 'time' is not defined
2025-05-01 20:26:47 | ERROR    | __main__:backup_task:186 - Error in backup task: name 'time' is not defined
2025-05-01 20:26:47 | ERROR    | __main__:backup_task:186 - Error in backup task: name 'time' is not defined
2025-05-01 20:26:47 | ERROR    | __main__:backup_task:186 - Error in backup task: name 'time' is not defined
2025-05-01 20:26:47 | ERROR    | __main__:backup_task:186 - Error in backup task: name 'time' is not defined
2025-05-01 20:26:47 | ERROR    | __main__:backup_task:186 - Error in backup task: name 'time' is not defined
2025-05-01 20:26:47 | ERROR    | __main__:backup_task:186 - Error in backup task: name 'time' is not defined
2025-05-01 20:26:47 | ERROR    | __main__:backup_task:186 - Error in backup task: name 'time' is not defined
2025-05-01 20:26:47 | ERROR    | __main__:backup_task:186 - Error in backup task: name 'time' is not defined
2025-05-01 20:26:47 | ERROR    | __main__:backup_task:186 - Error in backup task: name 'time' is not defined
2025-05-01 20:26:47 | ERROR    | __main__:backup_task:186 - Error in backup task: name 'time' is not defined
2025-05-01 20:26:47 | ERROR    | __main__:backup_task:186 - Error in backup task: name 'time' is not defined
2025-05-01 20:26:47 | ERROR    | __main__:backup_task:186 - Error in backup task: name 'time' is not defined
2025-05-01 20:26:47 | ERROR    | __main__:backup_task:186 - Error in backup task: name 'time' is not defined
2025-05-01 20:26:47 | ERROR    | __main__:backup_task:186 - Error in backup task: name 'time' is not defined
2025-05-01 20:26:47 | ERROR    | __main__:backup_task:186 - Error in backup task: name 'time' is not defined
2025-05-01 20:26:47 | ERROR    | __main__:backup_task:186 - Error in backup task: name 'time' is not defined
2025-05-01 20:26:47 | ERROR    | __main__:backup_task:186 - Error in backup task: name 'time' is not defined
2025-05-01 20:26:47 | ERROR    | __main__:backup_task:186 - Error in backup task: name 'time' is not defined
2025-05-01 20:26:47 | ERROR    | __main__:backup_task:186 - Error in backup task: name 'time' is not defined
2025-05-01 20:26:47 | ERROR    | __main__:backup_task:186 - Error in backup task: name 'time' is not defined
2025-05-01 20:26:47 | ERROR    | __main__:backup_task:186 - Error in backup task: name 'time' is not defined
2025-05-01 20:26:47 | ERROR    | __main__:backup_task:186 - Error in backup task: name 'time' is not defined
2025-05-01 20:26:47 | ERROR    | __main__:backup_task:186 - Error in backup task: name 'time' is not defined
2025-05-01 20:26:47 | ERROR    | __main__:backup_task:186 - Error in backup task: name 'time' is not defined
2025-05-01 20:26:47 | ERROR    | __main__:backup_task:186 - Error in backup task: name 'time' is not defined
2025-05-01 20:26:47 | ERROR    | __main__:backup_task:186 - Error in backup task: name 'time' is not defined
2025-05-01 20:26:47 | ERROR    | __main__:backup_task:186 - Error in backup task: name 'time' is not defined
2025-05-01 20:26:47 | ERROR    | __main__:backup_task:186 - Error in backup task: name 'time' is not defined
2025-05-01 20:26:47 | ERROR    | __main__:backup_task:186 - Error in backup task: name 'time' is not defined
2025-05-01 20:26:47 | ERROR    | __main__:backup_task:186 - Error in backup task: name 'time' is not defined
2025-05-01 20:26:47 | ERROR    | __main__:backup_task:186 - Error in backup task: name 'time' is not defined
2025-05-01 20:26:47 | ERROR    | __main__:backup_task:186 - Error in backup task: name 'time' is not defined
2025-05-01 20:26:47 | ERROR    | __main__:backup_task:186 - Error in backup task: name 'time' is not defined
2025-05-01 20:26:47 | ERROR    | __main__:backup_task:186 - Error in backup task: name 'time' is not defined
2025-05-01 20:26:47 | ERROR    | __main__:backup_task:186 - Error in backup task: name 'time' is not defined
2025-05-01 20:26:47 | ERROR    | __main__:backup_task:186 - Error in backup task: name 'time' is not defined
2025-05-01 20:26:47 | ERROR    | __main__:backup_task:186 - Error in backup task: name 'time' is not defined
2025-05-01 20:26:47 | ERROR    | __main__:backup_task:186 - Error in backup task: name 'time' is not defined
2025-05-01 20:26:47 | ERROR    | __main__:backup_task:186 - Error in backup task: name 'time' is not defined
2025-05-01 20:26:47 | ERROR    | __main__:backup_task:186 - Error in backup task: name 'time' is not defined
2025-05-01 20:26:47 | ERROR    | __main__:backup_task:186 - Error in backup task: name 'time' is not defined
2025-05-01 20:26:47 | ERROR    | __main__:backup_task:186 - Error in backup task: name 'time' is not defined
2025-05-01 20:26:47 | ERROR    | __main__:backup_task:186 - Error in backup task: name 'time' is not defined
2025-05-01 20:26:47 | ERROR    | __main__:backup_task:186 - Error in backup task: name 'time' is not defined
2025-05-01 20:26:47 | ERROR    | __main__:backup_task:186 - Error in backup task: name 'time' is not defined
2025-05-01 20:26:47 | ERROR    | __main__:backup_task:186 - Error in backup task: name 'time' is not defined
2025-05-01 20:26:47 | ERROR    | __main__:backup_task:186 - Error in backup task: name 'time' is not defined
2025-05-01 20:26:47 | ERROR    | __main__:backup_task:186 - Error in backup task: name 'time' is not defined
2025-05-01 20:26:47 | ERROR    | __main__:backup_task:186 - Error in backup task: name 'time' is not defined
2025-05-01 20:26:47 | ERROR    | __main__:backup_task:186 - Error in backup task: name 'time' is not defined
2025-05-01 20:26:47 | ERROR    | __main__:backup_task:186 - Error in backup task: name 'time' is not defined
2025-05-01 20:26:47 | ERROR    | __main__:backup_task:186 - Error in backup task: name 'time' is not defined
2025-05-01 20:26:47 | ERROR    | __main__:backup_task:186 - Error in backup task: name 'time' is not defined
2025-05-01 20:26:47 | ERROR    | __main__:backup_task:186 - Error in backup task: name 'time' is not defined
2025-05-01 20:26:47 | ERROR    | __main__:backup_task:186 - Error in backup task: name 'time' is not defined
2025-05-01 20:26:47 | ERROR    | __main__:backup_task:186 - Error in backup task: name 'time' is not defined
2025-05-01 20:26:47 | ERROR    | __main__:backup_task:186 - Error in backup task: name 'time' is not defined
2025-05-01 20:26:47 | ERROR    | __main__:backup_task:186 - Error in backup task: name 'time' is not defined
2025-05-01 20:26:47 | ERROR    | __main__:backup_task:186 - Error in backup task: name 'time' is not defined
2025-05-01 20:26:47 | ERROR    | __main__:backup_task:186 - Error in backup task: name 'time' is not defined
2025-05-01 20:26:47 | ERROR    | __main__:backup_task:186 - Error in backup task: name 'time' is not defined
2025-05-01 20:26:47 | ERROR    | __main__:backup_task:186 - Error in backup task: name 'time' is not defined
2025-05-01 20:26:47 | ERROR    | __main__:backup_task:186 - Error in backup task: name 'time' is not defined
2025-05-01 20:26:47 | ERROR    | __main__:backup_task:186 - Error in backup task: name 'time' is not defined
2025-05-01 20:26:47 | ERROR    | __main__:backup_task:186 - Error in backup task: name 'time' is not defined
2025-05-01 20:26:47 | ERROR    | __main__:backup_task:186 - Error in backup task: name 'time' is not defined
2025-05-01 20:26:47 | ERROR    | __main__:backup_task:186 - Error in backup task: name 'time' is not defined
2025-05-01 20:26:47 | ERROR    | __main__:backup_task:186 - Error in backup task: name 'time' is not defined
2025-05-01 20:26:47 | ERROR    | __main__:backup_task:186 - Error in backup task: name 'time' is not defined
2025-05-01 20:26:47 | ERROR    | __main__:backup_task:186 - Error in backup task: name 'time' is not defined
2025-05-01 20:26:47 | ERROR    | __main__:backup_task:186 - Error in backup task: name 'time' is not defined
2025-05-01 20:26:47 | ERROR    | __main__:backup_task:186 - Error in backup task: name 'time' is not defined
2025-05-01 20:26:47 | ERROR    | __main__:backup_task:186 - Error in backup task: name 'time' is not defined
2025-05-01 20:26:47 | ERROR    | __main__:backup_task:186 - Error in backup task: name 'time' is not defined
2025-05-01 20:26:47 | ERROR    | __main__:backup_task:186 - Error in backup task: name 'time' is not defined
2025-05-01 20:26:47 | ERROR    | __main__:backup_task:186 - Error in backup task: name 'time' is not defined
2025-05-01 20:26:47 | ERROR    | __main__:backup_task:186 - Error in backup task: name 'time' is not defined
2025-05-01 20:26:47 | ERROR    | __main__:backup_task:186 - Error in backup task: name 'time' is not defined
2025-05-01 20:26:47 | ERROR    | __main__:backup_task:186 - Error in backup task: name 'time' is not defined
2025-05-01 20:26:47 | ERROR    | __main__:backup_task:186 - Error in backup task: name 'time' is not defined
2025-05-01 20:26:47 | ERROR    | __main__:backup_task:186 - Error in backup task: name 'time' is not defined
2025-05-01 20:26:47 | ERROR    | __main__:backup_task:186 - Error in backup task: name 'time' is not defined
2025-05-01 20:26:47 | ERROR    | __main__:backup_task:186 - Error in backup task: name 'time' is not defined
2025-05-01 20:26:47 | ERROR    | __main__:backup_task:186 - Error in backup task: name 'time' is not defined
2025-05-01 20:26:47 | ERROR    | __main__:backup_task:186 - Error in backup task: name 'time' is not defined
2025-05-01 20:26:47 | ERROR    | __main__:backup_task:186 - Error in backup task: name 'time' is not defined
2025-05-01 20:26:47 | ERROR    | __main__:backup_task:186 - Error in backup task: name 'time' is not defined
2025-05-01 20:26:47 | ERROR    | __main__:backup_task:186 - Error in backup task: name 'time' is not defined
2025-05-01 20:26:47 | ERROR    | __main__:backup_task:186 - Error in backup task: name 'time' is not defined
2025-05-01 20:26:47 | ERROR    | __main__:backup_task:186 - Error in backup task: name 'time' is not defined
2025-05-01 20:26:47 | ERROR    | __main__:backup_task:186 - Error in backup task: name 'time' is not defined
2025-05-01 20:26:47 | ERROR    | __main__:backup_task:186 - Error in backup task: name 'time' is not defined
2025-05-01 20:26:47 | ERROR    | __main__:backup_task:186 - Error in backup task: name 'time' is not defined
2025-05-01 20:26:47 | ERROR    | __main__:backup_task:186 - Error in backup task: name 'time' is not defined
2025-05-01 20:26:47 | ERROR    | __main__:backup_task:186 - Error in backup task: name 'time' is not defined
2025-05-01 20:26:47 | ERROR    | __main__:backup_task:186 - Error in backup task: name 'time' is not defined
2025-05-01 20:26:47 | ERROR    | __main__:backup_task:186 - Error in backup task: name 'time' is not defined
2025-05-01 20:26:47 | ERROR    | __main__:backup_task:186 - Error in backup task: name 'time' is not defined
2025-05-01 20:26:47 | ERROR    | __main__:backup_task:186 - Error in backup task: name 'time' is not defined
2025-05-01 20:26:47 | ERROR    | __main__:backup_task:186 - Error in backup task: name 'time' is not defined
2025-05-01 20:26:47 | ERROR    | __main__:backup_task:186 - Error in backup task: name 'time' is not defined
2025-05-01 20:26:47 | ERROR    | __main__:backup_task:186 - Error in backup task: name 'time' is not defined
2025-05-01 20:26:47 | ERROR    | __main__:backup_task:186 - Error in backup task: name 'time' is not defined
2025-05-01 20:26:47 | ERROR    | __main__:backup_task:186 - Error in backup task: name 'time' is not defined
2025-05-01 20:26:47 | ERROR    | __main__:backup_task:186 - Error in backup task: name 'time' is not defined
2025-05-01 20:26:47 | ERROR    | __main__:backup_task:186 - Error in backup task: name 'time' is not defined
2025-05-01 20:26:47 | ERROR    | __main__:backup_task:186 - Error in backup task: name 'time' is not defined
2025-05-01 20:26:47 | ERROR    | __main__:backup_task:186 - Error in backup task: name 'time' is not defined
2025-05-01 20:26:47 | ERROR    | __main__:backup_task:186 - Error in backup task: name 'time' is not defined
2025-05-01 20:26:47 | ERROR    | __main__:backup_task:186 - Error in backup task: name 'time' is not defined
2025-05-01 20:26:47 | ERROR    | __main__:backup_task:186 - Error in backup task: name 'time' is not defined
2025-05-01 20:26:47 | ERROR    | __main__:backup_task:186 - Error in backup task: name 'time' is not defined
2025-05-01 20:26:47 | ERROR    | __main__:backup_task:186 - Error in backup task: name 'time' is not defined
2025-05-01 20:26:47 | ERROR    | __main__:backup_task:186 - Error in backup task: name 'time' is not defined
2025-05-01 20:26:47 | ERROR    | __main__:backup_task:186 - Error in backup task: name 'time' is not defined
2025-05-01 20:26:47 | ERROR    | __main__:backup_task:186 - Error in backup task: name 'time' is not defined
2025-05-01 20:26:47 | ERROR    | __main__:backup_task:186 - Error in backup task: name 'time' is not defined
2025-05-01 20:26:47 | ERROR    | __main__:backup_task:186 - Error in backup task: name 'time' is not defined
2025-05-01 20:26:47 | ERROR    | __main__:backup_task:186 - Error in backup task: name 'time' is not defined
2025-05-01 20:26:47 | ERROR    | __main__:backup_task:186 - Error in backup task: name 'time' is not defined
2025-05-01 20:26:47 | ERROR    | __main__:backup_task:186 - Error in backup task: name 'time' is not defined
2025-05-01 20:26:47 | ERROR    | __main__:backup_task:186 - Error in backup task: name 'time' is not defined
2025-05-01 20:26:47 | ERROR    | __main__:backup_task:186 - Error in backup task: name 'time' is not defined
2025-05-01 20:26:47 | ERROR    | __main__:backup_task:186 - Error in backup task: name 'time' is not defined
2025-05-01 20:26:47 | ERROR    | __main__:backup_task:186 - Error in backup task: name 'time' is not defined
2025-05-01 20:26:47 | ERROR    | __main__:backup_task:186 - Error in backup task: name 'time' is not defined
2025-05-01 20:26:47 | ERROR    | __main__:backup_task:186 - Error in backup task: name 'time' is not defined
2025-05-01 20:26:47 | ERROR    | __main__:backup_task:186 - Error in backup task: name 'time' is not defined
2025-05-01 20:26:47 | ERROR    | __main__:backup_task:186 - Error in backup task: name 'time' is not defined
2025-05-01 20:26:47 | ERROR    | __main__:backup_task:186 - Error in backup task: name 'time' is not defined
2025-05-01 20:26:47 | ERROR    | __main__:backup_task:186 - Error in backup task: name 'time' is not defined
2025-05-01 20:26:47 | ERROR    | __main__:backup_task:186 - Error in backup task: name 'time' is not defined
2025-05-01 20:26:47 | ERROR    | __main__:backup_task:186 - Error in backup task: name 'time' is not defined
2025-05-01 20:26:47 | ERROR    | __main__:backup_task:186 - Error in backup task: name 'time' is not defined
2025-05-01 20:26:47 | ERROR    | __main__:backup_task:186 - Error in backup task: name 'time' is not defined
2025-05-01 20:26:47 | ERROR    | __main__:backup_task:186 - Error in backup task: name 'time' is not defined
2025-05-01 20:26:47 | ERROR    | __main__:backup_task:186 - Error in backup task: name 'time' is not defined
2025-05-01 20:26:47 | ERROR    | __main__:backup_task:186 - Error in backup task: name 'time' is not defined
2025-05-01 20:26:47 | ERROR    | __main__:backup_task:186 - Error in backup task: name 'time' is not defined
2025-05-01 20:26:47 | ERROR    | __main__:backup_task:186 - Error in backup task: name 'time' is not defined
2025-05-01 20:26:47 | ERROR    | __main__:backup_task:186 - Error in backup task: name 'time' is not defined
2025-05-01 20:26:47 | ERROR    | __main__:backup_task:186 - Error in backup task: name 'time' is not defined
2025-05-01 20:26:47 | ERROR    | __main__:backup_task:186 - Error in backup task: name 'time' is not defined
2025-05-01 20:26:47 | ERROR    | __main__:backup_task:186 - Error in backup task: name 'time' is not defined
2025-05-01 20:26:47 | ERROR    | __main__:backup_task:186 - Error in backup task: name 'time' is not defined
2025-05-01 20:26:47 | ERROR    | __main__:backup_task:186 - Error in backup task: name 'time' is not defined
2025-05-01 20:26:47 | ERROR    | __main__:backup_task:186 - Error in backup task: name 'time' is not defined
2025-05-01 20:26:47 | ERROR    | __main__:backup_task:186 - Error in backup task: name 'time' is not defined
2025-05-01 20:26:47 | ERROR    | __main__:backup_task:186 - Error in backup task: name 'time' is not defined
2025-05-01 20:26:47 | ERROR    | __main__:backup_task:186 - Error in backup task: name 'time' is not defined
2025-05-01 20:26:47 | ERROR    | __main__:backup_task:186 - Error in backup task: name 'time' is not defined
2025-05-01 20:26:47 | ERROR    | __main__:backup_task:186 - Error in backup task: name 'time' is not defined
2025-05-01 20:26:47 | ERROR    | __main__:backup_task:186 - Error in backup task: name 'time' is not defined
2025-05-01 20:26:47 | ERROR    | __main__:backup_task:186 - Error in backup task: name 'time' is not defined
2025-05-01 20:26:47 | ERROR    | __main__:backup_task:186 - Error in backup task: name 'time' is not defined
2025-05-01 20:26:47 | ERROR    | __main__:backup_task:186 - Error in backup task: name 'time' is not defined
2025-05-01 20:26:47 | ERROR    | __main__:backup_task:186 - Error in backup task: name 'time' is not defined
2025-05-01 20:26:47 | ERROR    | __main__:backup_task:186 - Error in backup task: name 'time' is not defined
2025-05-01 20:26:47 | ERROR    | __main__:backup_task:186 - Error in backup task: name 'time' is not defined
2025-05-01 20:26:47 | ERROR    | __main__:backup_task:186 - Error in backup task: name 'time' is not defined
2025-05-01 20:26:47 | ERROR    | __main__:backup_task:186 - Error in backup task: name 'time' is not defined
2025-05-01 20:26:47 | ERROR    | __main__:backup_task:186 - Error in backup task: name 'time' is not defined
2025-05-01 20:26:47 | ERROR    | __main__:backup_task:186 - Error in backup task: name 'time' is not defined
2025-05-01 20:26:47 | ERROR    | __main__:backup_task:186 - Error in backup task: name 'time' is not defined
2025-05-01 20:26:47 | ERROR    | __main__:backup_task:186 - Error in backup task: name 'time' is not defined
2025-05-01 20:26:47 | ERROR    | __main__:backup_task:186 - Error in backup task: name 'time' is not defined
2025-05-01 20:26:47 | ERROR    | __main__:backup_task:186 - Error in backup task: name 'time' is not defined
2025-05-01 20:26:47 | ERROR    | __main__:backup_task:186 - Error in backup task: name 'time' is not defined
2025-05-01 20:26:47 | ERROR    | __main__:backup_task:186 - Error in backup task: name 'time' is not defined
2025-05-01 20:26:47 | ERROR    | __main__:backup_task:186 - Error in backup task: name 'time' is not defined
2025-05-01 20:26:47 | ERROR    | __main__:backup_task:186 - Error in backup task: name 'time' is not defined
2025-05-01 20:26:47 | ERROR    | __main__:backup_task:186 - Error in backup task: name 'time' is not defined
2025-05-01 20:26:47 | ERROR    | __main__:backup_task:186 - Error in backup task: name 'time' is not defined
2025-05-01 20:26:47 | ERROR    | __main__:backup_task:186 - Error in backup task: name 'time' is not defined
2025-05-01 20:26:47 | ERROR    | __main__:backup_task:186 - Error in backup task: name 'time' is not defined
2025-05-01 20:26:47 | ERROR    | __main__:backup_task:186 - Error in backup task: name 'time' is not defined
2025-05-01 20:26:47 | ERROR    | __main__:backup_task:186 - Error in backup task: name 'time' is not defined
2025-05-01 20:26:47 | ERROR    | __main__:backup_task:186 - Error in backup task: name 'time' is not defined
2025-05-01 20:26:47 | ERROR    | __main__:backup_task:186 - Error in backup task: name 'time' is not defined
2025-05-01 20:26:47 | ERROR    | __main__:backup_task:186 - Error in backup task: name 'time' is not defined
2025-05-01 20:26:47 | ERROR    | __main__:backup_task:186 - Error in backup task: name 'time' is not defined
2025-05-01 20:26:47 | ERROR    | __main__:backup_task:186 - Error in backup task: name 'time' is not defined
2025-05-01 20:26:47 | ERROR    | __main__:backup_task:186 - Error in backup task: name 'time' is not defined
2025-05-01 20:26:47 | ERROR    | __main__:backup_task:186 - Error in backup task: name 'time' is not defined
2025-05-01 20:26:47 | ERROR    | __main__:backup_task:186 - Error in backup task: name 'time' is not defined
2025-05-01 20:26:47 | ERROR    | __main__:backup_task:186 - Error in backup task: name 'time' is not defined
2025-05-01 20:26:47 | ERROR    | __main__:backup_task:186 - Error in backup task: name 'time' is not defined
2025-05-01 20:26:47 | ERROR    | __main__:backup_task:186 - Error in backup task: name 'time' is not defined
2025-05-01 20:26:47 | ERROR    | __main__:backup_task:186 - Error in backup task: name 'time' is not defined
2025-05-01 20:26:47 | ERROR    | __main__:backup_task:186 - Error in backup task: name 'time' is not defined
2025-05-01 20:26:47 | ERROR    | __main__:backup_task:186 - Error in backup task: name 'time' is not defined
2025-05-01 20:26:47 | ERROR    | __main__:backup_task:186 - Error in backup task: name 'time' is not defined
2025-05-01 20:26:47 | ERROR    | __main__:backup_task:186 - Error in backup task: name 'time' is not defined
2025-05-01 20:26:47 | ERROR    | __main__:backup_task:186 - Error in backup task: name 'time' is not defined
2025-05-01 20:26:47 | ERROR    | __main__:backup_task:186 - Error in backup task: name 'time' is not defined
2025-05-01 20:26:47 | ERROR    | __main__:backup_task:186 - Error in backup task: name 'time' is not defined
2025-05-01 20:26:47 | ERROR    | __main__:backup_task:186 - Error in backup task: name 'time' is not defined
2025-05-01 20:26:47 | ERROR    | __main__:backup_task:186 - Error in backup task: name 'time' is not defined
2025-05-01 20:26:47 | ERROR    | __main__:backup_task:186 - Error in backup task: name 'time' is not defined
2025-05-01 20:26:47 | ERROR    | __main__:backup_task:186 - Error in backup task: name 'time' is not defined
2025-05-01 20:26:47 | ERROR    | __main__:backup_task:186 - Error in backup task: name 'time' is not defined
2025-05-01 20:26:47 | ERROR    | __main__:backup_task:186 - Error in backup task: name 'time' is not defined
2025-05-01 20:26:47 | ERROR    | __main__:backup_task:186 - Error in backup task: name 'time' is not defined
2025-05-01 20:26:47 | ERROR    | __main__:backup_task:186 - Error in backup task: name 'time' is not defined
2025-05-01 20:26:47 | ERROR    | __main__:backup_task:186 - Error in backup task: name 'time' is not defined
2025-05-01 20:26:47 | ERROR    | __main__:backup_task:186 - Error in backup task: name 'time' is not defined
2025-05-01 20:26:47 | ERROR    | __main__:backup_task:186 - Error in backup task: name 'time' is not defined
2025-05-01 20:26:47 | ERROR    | __main__:backup_task:186 - Error in backup task: name 'time' is not defined
2025-05-01 20:26:47 | ERROR    | __main__:backup_task:186 - Error in backup task: name 'time' is not defined
2025-05-01 20:26:47 | ERROR    | __main__:backup_task:186 - Error in backup task: name 'time' is not defined
2025-05-01 20:26:47 | ERROR    | __main__:backup_task:186 - Error in backup task: name 'time' is not defined
2025-05-01 20:26:47 | ERROR    | __main__:backup_task:186 - Error in backup task: name 'time' is not defined
2025-05-01 20:26:47 | ERROR    | __main__:backup_task:186 - Error in backup task: name 'time' is not defined
2025-05-01 20:26:47 | ERROR    | __main__:backup_task:186 - Error in backup task: name 'time' is not defined
2025-05-01 20:26:47 | ERROR    | __main__:backup_task:186 - Error in backup task: name 'time' is not defined
2025-05-01 20:26:47 | ERROR    | __main__:backup_task:186 - Error in backup task: name 'time' is not defined
2025-05-01 20:26:47 | ERROR    | __main__:backup_task:186 - Error in backup task: name 'time' is not defined
2025-05-01 20:26:47 | ERROR    | __main__:backup_task:186 - Error in backup task: name 'time' is not defined
2025-05-01 20:26:47 | ERROR    | __main__:backup_task:186 - Error in backup task: name 'time' is not defined
2025-05-01 20:26:47 | ERROR    | __main__:backup_task:186 - Error in backup task: name 'time' is not defined
2025-05-01 20:26:47 | ERROR    | __main__:backup_task:186 - Error in backup task: name 'time' is not defined
2025-05-01 20:26:47 | ERROR    | __main__:backup_task:186 - Error in backup task: name 'time' is not defined
2025-05-01 20:26:47 | ERROR    | __main__:backup_task:186 - Error in backup task: name 'time' is not defined
2025-05-01 20:26:47 | ERROR    | __main__:backup_task:186 - Error in backup task: name 'time' is not defined
2025-05-01 20:26:47 | ERROR    | __main__:backup_task:186 - Error in backup task: name 'time' is not defined
2025-05-01 20:26:47 | ERROR    | __main__:backup_task:186 - Error in backup task: name 'time' is not defined
2025-05-01 20:26:47 | ERROR    | __main__:backup_task:186 - Error in backup task: name 'time' is not defined
2025-05-01 20:26:47 | ERROR    | __main__:backup_task:186 - Error in backup task: name 'time' is not defined
2025-05-01 20:26:47 | ERROR    | __main__:backup_task:186 - Error in backup task: name 'time' is not defined
2025-05-01 20:26:47 | ERROR    | __main__:backup_task:186 - Error in backup task: name 'time' is not defined
2025-05-01 20:26:47 | ERROR    | __main__:backup_task:186 - Error in backup task: name 'time' is not defined
2025-05-01 20:26:47 | ERROR    | __main__:backup_task:186 - Error in backup task: name 'time' is not defined
2025-05-01 20:26:47 | ERROR    | __main__:backup_task:186 - Error in backup task: name 'time' is not defined
2025-05-01 20:26:47 | ERROR    | __main__:backup_task:186 - Error in backup task: name 'time' is not defined
2025-05-01 20:26:47 | ERROR    | __main__:backup_task:186 - Error in backup task: name 'time' is not defined
2025-05-01 20:26:47 | ERROR    | __main__:backup_task:186 - Error in backup task: name 'time' is not defined
2025-05-01 20:26:47 | ERROR    | __main__:backup_task:186 - Error in backup task: name 'time' is not defined
2025-05-01 20:26:47 | ERROR    | __main__:backup_task:186 - Error in backup task: name 'time' is not defined
2025-05-01 20:26:47 | ERROR    | __main__:backup_task:186 - Error in backup task: name 'time' is not defined
2025-05-01 20:26:47 | ERROR    | __main__:backup_task:186 - Error in backup task: name 'time' is not defined
2025-05-01 20:26:47 | ERROR    | __main__:backup_task:186 - Error in backup task: name 'time' is not defined
2025-05-01 20:26:47 | ERROR    | __main__:backup_task:186 - Error in backup task: name 'time' is not defined
2025-05-01 20:26:47 | ERROR    | __main__:backup_task:186 - Error in backup task: name 'time' is not defined
2025-05-01 20:26:47 | ERROR    | __main__:backup_task:186 - Error in backup task: name 'time' is not defined
2025-05-01 20:26:47 | ERROR    | __main__:backup_task:186 - Error in backup task: name 'time' is not defined
2025-05-01 20:26:47 | ERROR    | __main__:backup_task:186 - Error in backup task: name 'time' is not defined
2025-05-01 20:26:47 | ERROR    | __main__:backup_task:186 - Error in backup task: name 'time' is not defined
2025-05-01 20:26:47 | ERROR    | __main__:backup_task:186 - Error in backup task: name 'time' is not defined
2025-05-01 20:26:47 | ERROR    | __main__:backup_task:186 - Error in backup task: name 'time' is not defined
2025-05-01 20:26:47 | ERROR    | __main__:backup_task:186 - Error in backup task: name 'time' is not defined
2025-05-01 20:26:47 | ERROR    | __main__:backup_task:186 - Error in backup task: name 'time' is not defined
2025-05-01 20:26:47 | ERROR    | __main__:backup_task:186 - Error in backup task: name 'time' is not defined
2025-05-01 20:26:47 | ERROR    | __main__:backup_task:186 - Error in backup task: name 'time' is not defined
2025-05-01 20:26:47 | ERROR    | __main__:backup_task:186 - Error in backup task: name 'time' is not defined
2025-05-01 20:26:47 | ERROR    | __main__:backup_task:186 - Error in backup task: name 'time' is not defined
2025-05-01 20:26:47 | ERROR    | __main__:backup_task:186 - Error in backup task: name 'time' is not defined
2025-05-01 20:26:47 | ERROR    | __main__:backup_task:186 - Error in backup task: name 'time' is not defined
2025-05-01 20:26:47 | ERROR    | __main__:backup_task:186 - Error in backup task: name 'time' is not defined
2025-05-01 20:26:47 | ERROR    | __main__:backup_task:186 - Error in backup task: name 'time' is not defined
2025-05-01 20:26:47 | ERROR    | __main__:backup_task:186 - Error in backup task: name 'time' is not defined
2025-05-01 20:26:47 | ERROR    | __main__:backup_task:186 - Error in backup task: name 'time' is not defined
2025-05-01 20:26:47 | ERROR    | __main__:backup_task:186 - Error in backup task: name 'time' is not defined
2025-05-01 20:26:47 | ERROR    | __main__:backup_task:186 - Error in backup task: name 'time' is not defined
2025-05-01 20:26:47 | ERROR    | __main__:backup_task:186 - Error in backup task: name 'time' is not defined
2025-05-01 20:26:47 | ERROR    | __main__:backup_task:186 - Error in backup task: name 'time' is not defined
2025-05-01 20:26:47 | ERROR    | __main__:backup_task:186 - Error in backup task: name 'time' is not defined
2025-05-01 20:26:47 | ERROR    | __main__:backup_task:186 - Error in backup task: name 'time' is not defined
2025-05-01 20:26:47 | ERROR    | __main__:backup_task:186 - Error in backup task: name 'time' is not defined
2025-05-01 20:26:47 | ERROR    | __main__:backup_task:186 - Error in backup task: name 'time' is not defined
2025-05-01 20:26:47 | ERROR    | __main__:backup_task:186 - Error in backup task: name 'time' is not defined
2025-05-01 20:26:47 | ERROR    | __main__:backup_task:186 - Error in backup task: name 'time' is not defined
2025-05-01 20:26:47 | ERROR    | __main__:backup_task:186 - Error in backup task: name 'time' is not defined
2025-05-01 20:26:47 | ERROR    | __main__:backup_task:186 - Error in backup task: name 'time' is not defined
2025-05-01 20:26:47 | ERROR    | __main__:backup_task:186 - Error in backup task: name 'time' is not defined
2025-05-01 20:26:47 | ERROR    | __main__:backup_task:186 - Error in backup task: name 'time' is not defined
2025-05-01 20:26:47 | ERROR    | __main__:backup_task:186 - Error in backup task: name 'time' is not defined
2025-05-01 20:26:47 | ERROR    | __main__:backup_task:186 - Error in backup task: name 'time' is not defined
2025-05-01 20:26:47 | ERROR    | __main__:backup_task:186 - Error in backup task: name 'time' is not defined
2025-05-01 20:26:47 | ERROR    | __main__:backup_task:186 - Error in backup task: name 'time' is not defined
2025-05-01 20:26:47 | ERROR    | __main__:backup_task:186 - Error in backup task: name 'time' is not defined
2025-05-01 20:26:47 | ERROR    | __main__:backup_task:186 - Error in backup task: name 'time' is not defined
2025-05-01 20:26:47 | ERROR    | __main__:backup_task:186 - Error in backup task: name 'time' is not defined
2025-05-01 20:26:47 | ERROR    | __main__:backup_task:186 - Error in backup task: name 'time' is not defined
2025-05-01 20:26:47 | ERROR    | __main__:backup_task:186 - Error in backup task: name 'time' is not defined
2025-05-01 20:26:47 | ERROR    | __main__:backup_task:186 - Error in backup task: name 'time' is not defined
2025-05-01 20:26:47 | ERROR    | __main__:backup_task:186 - Error in backup task: name 'time' is not defined
2025-05-01 20:26:47 | ERROR    | __main__:backup_task:186 - Error in backup task: name 'time' is not defined
2025-05-01 20:26:47 | ERROR    | __main__:backup_task:186 - Error in backup task: name 'time' is not defined
2025-05-01 20:26:47 | ERROR    | __main__:backup_task:186 - Error in backup task: name 'time' is not defined
2025-05-01 20:26:47 | ERROR    | __main__:backup_task:186 - Error in backup task: name 'time' is not defined
2025-05-01 20:26:47 | ERROR    | __main__:backup_task:186 - Error in backup task: name 'time' is not defined
2025-05-01 20:26:47 | ERROR    | __main__:backup_task:186 - Error in backup task: name 'time' is not defined
2025-05-01 20:26:47 | ERROR    | __main__:backup_task:186 - Error in backup task: name 'time' is not defined
2025-05-01 20:26:47 | ERROR    | __main__:backup_task:186 - Error in backup task: name 'time' is not defined
2025-05-01 20:26:47 | ERROR    | __main__:backup_task:186 - Error in backup task: name 'time' is not defined
2025-05-01 20:26:47 | ERROR    | __main__:backup_task:186 - Error in backup task: name 'time' is not defined
2025-05-01 20:26:47 | ERROR    | __main__:backup_task:186 - Error in backup task: name 'time' is not defined
2025-05-01 20:26:47 | ERROR    | __main__:backup_task:186 - Error in backup task: name 'time' is not defined
2025-05-01 20:26:47 | ERROR    | __main__:backup_task:186 - Error in backup task: name 'time' is not defined
2025-05-01 20:26:47 | ERROR    | __main__:backup_task:186 - Error in backup task: name 'time' is not defined
2025-05-01 20:26:47 | ERROR    | __main__:backup_task:186 - Error in backup task: name 'time' is not defined
2025-05-01 20:26:47 | ERROR    | __main__:backup_task:186 - Error in backup task: name 'time' is not defined
2025-05-01 20:26:47 | ERROR    | __main__:backup_task:186 - Error in backup task: name 'time' is not defined
2025-05-01 20:26:47 | ERROR    | __main__:backup_task:186 - Error in backup task: name 'time' is not defined
2025-05-01 20:26:47 | ERROR    | __main__:backup_task:186 - Error in backup task: name 'time' is not defined
2025-05-01 20:26:47 | ERROR    | __main__:backup_task:186 - Error in backup task: name 'time' is not defined
2025-05-01 20:26:47 | ERROR    | __main__:backup_task:186 - Error in backup task: name 'time' is not defined
2025-05-01 20:26:47 | ERROR    | __main__:backup_task:186 - Error in backup task: name 'time' is not defined
2025-05-01 20:26:47 | ERROR    | __main__:backup_task:186 - Error in backup task: name 'time' is not defined
2025-05-01 20:26:47 | ERROR    | __main__:backup_task:186 - Error in backup task: name 'time' is not defined
2025-05-01 20:26:47 | ERROR    | __main__:backup_task:186 - Error in backup task: name 'time' is not defined
2025-05-01 20:26:47 | ERROR    | __main__:backup_task:186 - Error in backup task: name 'time' is not defined
2025-05-01 20:26:47 | ERROR    | __main__:backup_task:186 - Error in backup task: name 'time' is not defined
2025-05-01 20:26:47 | ERROR    | __main__:backup_task:186 - Error in backup task: name 'time' is not defined
2025-05-01 20:26:47 | ERROR    | __main__:backup_task:186 - Error in backup task: name 'time' is not defined
2025-05-01 20:26:47 | ERROR    | __main__:backup_task:186 - Error in backup task: name 'time' is not defined
2025-05-01 20:26:47 | ERROR    | __main__:backup_task:186 - Error in backup task: name 'time' is not defined
2025-05-01 20:26:47 | ERROR    | __main__:backup_task:186 - Error in backup task: name 'time' is not defined
2025-05-01 20:26:47 | ERROR    | __main__:backup_task:186 - Error in backup task: name 'time' is not defined
2025-05-01 20:26:47 | ERROR    | __main__:backup_task:186 - Error in backup task: name 'time' is not defined
2025-05-01 20:26:47 | ERROR    | __main__:backup_task:186 - Error in backup task: name 'time' is not defined
2025-05-01 20:26:47 | ERROR    | __main__:backup_task:186 - Error in backup task: name 'time' is not defined
2025-05-01 20:26:47 | ERROR    | __main__:backup_task:186 - Error in backup task: name 'time' is not defined
2025-05-01 20:26:47 | ERROR    | __main__:backup_task:186 - Error in backup task: name 'time' is not defined
2025-05-01 20:26:47 | ERROR    | __main__:backup_task:186 - Error in backup task: name 'time' is not defined
2025-05-01 20:26:47 | ERROR    | __main__:backup_task:186 - Error in backup task: name 'time' is not defined
2025-05-01 20:26:47 | ERROR    | __main__:backup_task:186 - Error in backup task: name 'time' is not defined
2025-05-01 20:26:47 | ERROR    | __main__:backup_task:186 - Error in backup task: name 'time' is not defined
2025-05-01 20:26:47 | ERROR    | __main__:backup_task:186 - Error in backup task: name 'time' is not defined
2025-05-01 20:26:47 | ERROR    | __main__:backup_task:186 - Error in backup task: name 'time' is not defined
2025-05-01 20:26:47 | ERROR    | __main__:backup_task:186 - Error in backup task: name 'time' is not defined
2025-05-01 20:26:47 | ERROR    | __main__:backup_task:186 - Error in backup task: name 'time' is not defined
2025-05-01 20:26:47 | ERROR    | __main__:backup_task:186 - Error in backup task: name 'time' is not defined
2025-05-01 20:26:47 | ERROR    | __main__:backup_task:186 - Error in backup task: name 'time' is not defined
2025-05-01 20:26:47 | ERROR    | __main__:backup_task:186 - Error in backup task: name 'time' is not defined
2025-05-01 20:26:47 | ERROR    | __main__:backup_task:186 - Error in backup task: name 'time' is not defined
2025-05-01 20:26:47 | ERROR    | __main__:backup_task:186 - Error in backup task: name 'time' is not defined
2025-05-01 20:26:47 | ERROR    | __main__:backup_task:186 - Error in backup task: name 'time' is not defined
2025-05-01 20:26:47 | ERROR    | __main__:backup_task:186 - Error in backup task: name 'time' is not defined
2025-05-01 20:26:47 | ERROR    | __main__:backup_task:186 - Error in backup task: name 'time' is not defined
2025-05-01 20:26:47 | ERROR    | __main__:backup_task:186 - Error in backup task: name 'time' is not defined
2025-05-01 20:26:47 | ERROR    | __main__:backup_task:186 - Error in backup task: name 'time' is not defined
2025-05-01 20:26:47 | ERROR    | __main__:backup_task:186 - Error in backup task: name 'time' is not defined
2025-05-01 20:26:47 | ERROR    | __main__:backup_task:186 - Error in backup task: name 'time' is not defined
2025-05-01 20:26:47 | ERROR    | __main__:backup_task:186 - Error in backup task: name 'time' is not defined
2025-05-01 20:26:47 | ERROR    | __main__:backup_task:186 - Error in backup task: name 'time' is not defined
2025-05-01 20:26:47 | ERROR    | __main__:backup_task:186 - Error in backup task: name 'time' is not defined
2025-05-01 20:26:47 | ERROR    | __main__:backup_task:186 - Error in backup task: name 'time' is not defined
2025-05-01 20:26:47 | ERROR    | __main__:backup_task:186 - Error in backup task: name 'time' is not defined
2025-05-01 20:26:47 | ERROR    | __main__:backup_task:186 - Error in backup task: name 'time' is not defined
2025-05-01 20:26:47 | ERROR    | __main__:backup_task:186 - Error in backup task: name 'time' is not defined
2025-05-01 20:26:47 | ERROR    | __main__:backup_task:186 - Error in backup task: name 'time' is not defined
2025-05-01 20:26:47 | ERROR    | __main__:backup_task:186 - Error in backup task: name 'time' is not defined
2025-05-01 20:26:47 | ERROR    | __main__:backup_task:186 - Error in backup task: name 'time' is not defined
2025-05-01 20:26:47 | ERROR    | __main__:backup_task:186 - Error in backup task: name 'time' is not defined
2025-05-01 20:26:47 | ERROR    | __main__:backup_task:186 - Error in backup task: name 'time' is not defined
2025-05-01 20:26:47 | ERROR    | __main__:backup_task:186 - Error in backup task: name 'time' is not defined
2025-05-01 20:26:47 | ERROR    | __main__:backup_task:186 - Error in backup task: name 'time' is not defined
2025-05-01 20:26:47 | ERROR    | __main__:backup_task:186 - Error in backup task: name 'time' is not defined
2025-05-01 20:26:47 | ERROR    | __main__:backup_task:186 - Error in backup task: name 'time' is not defined
2025-05-01 20:26:47 | ERROR    | __main__:backup_task:186 - Error in backup task: name 'time' is not defined
2025-05-01 20:26:47 | ERROR    | __main__:backup_task:186 - Error in backup task: name 'time' is not defined
2025-05-01 20:26:47 | ERROR    | __main__:backup_task:186 - Error in backup task: name 'time' is not defined
2025-05-01 20:26:47 | ERROR    | __main__:backup_task:186 - Error in backup task: name 'time' is not defined
2025-05-01 20:26:47 | ERROR    | __main__:backup_task:186 - Error in backup task: name 'time' is not defined
2025-05-01 20:26:47 | ERROR    | __main__:backup_task:186 - Error in backup task: name 'time' is not defined
2025-05-01 20:26:47 | ERROR    | __main__:backup_task:186 - Error in backup task: name 'time' is not defined
2025-05-01 20:26:47 | ERROR    | __main__:backup_task:186 - Error in backup task: name 'time' is not defined
2025-05-01 20:26:47 | ERROR    | __main__:backup_task:186 - Error in backup task: name 'time' is not defined
2025-05-01 20:26:47 | ERROR    | __main__:backup_task:186 - Error in backup task: name 'time' is not defined
2025-05-01 20:26:47 | ERROR    | __main__:backup_task:186 - Error in backup task: name 'time' is not defined
2025-05-01 20:26:47 | ERROR    | __main__:backup_task:186 - Error in backup task: name 'time' is not defined
2025-05-01 20:26:47 | ERROR    | __main__:backup_task:186 - Error in backup task: name 'time' is not defined
2025-05-01 20:26:47 | ERROR    | __main__:backup_task:186 - Error in backup task: name 'time' is not defined
2025-05-01 20:26:47 | ERROR    | __main__:backup_task:186 - Error in backup task: name 'time' is not defined
2025-05-01 20:26:47 | ERROR    | __main__:backup_task:186 - Error in backup task: name 'time' is not defined
2025-05-01 20:26:47 | ERROR    | __main__:backup_task:186 - Error in backup task: name 'time' is not defined
2025-05-01 20:26:47 | ERROR    | __main__:backup_task:186 - Error in backup task: name 'time' is not defined
2025-05-01 20:26:47 | ERROR    | __main__:backup_task:186 - Error in backup task: name 'time' is not defined
2025-05-01 20:26:47 | ERROR    | __main__:backup_task:186 - Error in backup task: name 'time' is not defined
2025-05-01 20:26:47 | ERROR    | __main__:backup_task:186 - Error in backup task: name 'time' is not defined
2025-05-01 20:26:47 | ERROR    | __main__:backup_task:186 - Error in backup task: name 'time' is not defined
2025-05-01 20:26:47 | ERROR    | __main__:backup_task:186 - Error in backup task: name 'time' is not defined
2025-05-01 20:26:47 | ERROR    | __main__:backup_task:186 - Error in backup task: name 'time' is not defined
2025-05-01 20:26:47 | ERROR    | __main__:backup_task:186 - Error in backup task: name 'time' is not defined
2025-05-01 20:26:47 | ERROR    | __main__:backup_task:186 - Error in backup task: name 'time' is not defined
2025-05-01 20:26:47 | ERROR    | __main__:backup_task:186 - Error in backup task: name 'time' is not defined
2025-05-01 20:26:47 | ERROR    | __main__:backup_task:186 - Error in backup task: name 'time' is not defined
2025-05-01 20:26:47 | ERROR    | __main__:backup_task:186 - Error in backup task: name 'time' is not defined
2025-05-01 20:26:47 | ERROR    | __main__:backup_task:186 - Error in backup task: name 'time' is not defined
2025-05-01 20:26:47 | ERROR    | __main__:backup_task:186 - Error in backup task: name 'time' is not defined
2025-05-01 20:26:47 | ERROR    | __main__:backup_task:186 - Error in backup task: name 'time' is not defined
2025-05-01 20:26:47 | ERROR    | __main__:backup_task:186 - Error in backup task: name 'time' is not defined
2025-05-01 20:26:47 | ERROR    | __main__:backup_task:186 - Error in backup task: name 'time' is not defined
2025-05-01 20:26:47 | ERROR    | __main__:backup_task:186 - Error in backup task: name 'time' is not defined
2025-05-01 20:26:47 | ERROR    | __main__:backup_task:186 - Error in backup task: name 'time' is not defined
2025-05-01 20:26:47 | ERROR    | __main__:backup_task:186 - Error in backup task: name 'time' is not defined
2025-05-01 20:26:47 | ERROR    | __main__:backup_task:186 - Error in backup task: name 'time' is not defined
2025-05-01 20:26:47 | ERROR    | __main__:backup_task:186 - Error in backup task: name 'time' is not defined
2025-05-01 20:26:47 | ERROR    | __main__:backup_task:186 - Error in backup task: name 'time' is not defined
2025-05-01 20:26:47 | ERROR    | __main__:backup_task:186 - Error in backup task: name 'time' is not defined
2025-05-01 20:26:47 | ERROR    | __main__:backup_task:186 - Error in backup task: name 'time' is not defined
2025-05-01 20:26:47 | ERROR    | __main__:backup_task:186 - Error in backup task: name 'time' is not defined
2025-05-01 20:26:47 | ERROR    | __main__:backup_task:186 - Error in backup task: name 'time' is not defined
2025-05-01 20:26:47 | ERROR    | __main__:backup_task:186 - Error in backup task: name 'time' is not defined
2025-05-01 20:26:47 | ERROR    | __main__:backup_task:186 - Error in backup task: name 'time' is not defined
2025-05-01 20:26:47 | ERROR    | __main__:backup_task:186 - Error in backup task: name 'time' is not defined
2025-05-01 20:26:47 | ERROR    | __main__:backup_task:186 - Error in backup task: name 'time' is not defined
2025-05-01 20:26:47 | ERROR    | __main__:backup_task:186 - Error in backup task: name 'time' is not defined
2025-05-01 20:26:47 | ERROR    | __main__:backup_task:186 - Error in backup task: name 'time' is not defined
2025-05-01 20:26:47 | ERROR    | __main__:backup_task:186 - Error in backup task: name 'time' is not defined
2025-05-01 20:26:47 | ERROR    | __main__:backup_task:186 - Error in backup task: name 'time' is not defined
2025-05-01 20:26:47 | ERROR    | __main__:backup_task:186 - Error in backup task: name 'time' is not defined
2025-05-01 20:26:47 | ERROR    | __main__:backup_task:186 - Error in backup task: name 'time' is not defined
2025-05-01 20:26:47 | ERROR    | __main__:backup_task:186 - Error in backup task: name 'time' is not defined
2025-05-01 20:26:47 | ERROR    | __main__:backup_task:186 - Error in backup task: name 'time' is not defined
2025-05-01 20:26:47 | ERROR    | __main__:backup_task:186 - Error in backup task: name 'time' is not defined
2025-05-01 20:26:47 | ERROR    | __main__:backup_task:186 - Error in backup task: name 'time' is not defined
2025-05-01 20:26:47 | ERROR    | __main__:backup_task:186 - Error in backup task: name 'time' is not defined
2025-05-01 20:26:47 | ERROR    | __main__:backup_task:186 - Error in backup task: name 'time' is not defined
2025-05-01 20:26:47 | ERROR    | __main__:backup_task:186 - Error in backup task: name 'time' is not defined
2025-05-01 20:26:47 | ERROR    | __main__:backup_task:186 - Error in backup task: name 'time' is not defined
2025-05-01 20:26:47 | ERROR    | __main__:backup_task:186 - Error in backup task: name 'time' is not defined
2025-05-01 20:26:47 | ERROR    | __main__:backup_task:186 - Error in backup task: name 'time' is not defined
2025-05-01 20:26:47 | ERROR    | __main__:backup_task:186 - Error in backup task: name 'time' is not defined
2025-05-01 20:26:47 | ERROR    | __main__:backup_task:186 - Error in backup task: name 'time' is not defined
2025-05-01 20:26:47 | ERROR    | __main__:backup_task:186 - Error in backup task: name 'time' is not defined
2025-05-01 20:26:47 | ERROR    | __main__:backup_task:186 - Error in backup task: name 'time' is not defined
2025-05-01 20:26:47 | ERROR    | __main__:backup_task:186 - Error in backup task: name 'time' is not defined
2025-05-01 20:26:47 | ERROR    | __main__:backup_task:186 - Error in backup task: name 'time' is not defined
2025-05-01 20:26:47 | ERROR    | __main__:backup_task:186 - Error in backup task: name 'time' is not defined
2025-05-01 20:26:47 | ERROR    | __main__:backup_task:186 - Error in backup task: name 'time' is not defined
2025-05-01 20:26:47 | ERROR    | __main__:backup_task:186 - Error in backup task: name 'time' is not defined
2025-05-01 20:26:47 | ERROR    | __main__:backup_task:186 - Error in backup task: name 'time' is not defined
2025-05-01 20:26:47 | ERROR    | __main__:backup_task:186 - Error in backup task: name 'time' is not defined
2025-05-01 20:26:47 | ERROR    | __main__:backup_task:186 - Error in backup task: name 'time' is not defined
2025-05-01 20:26:47 | ERROR    | __main__:backup_task:186 - Error in backup task: name 'time' is not defined
2025-05-01 20:26:47 | ERROR    | __main__:backup_task:186 - Error in backup task: name 'time' is not defined
2025-05-01 20:26:47 | ERROR    | __main__:backup_task:186 - Error in backup task: name 'time' is not defined
2025-05-01 20:26:47 | ERROR    | __main__:backup_task:186 - Error in backup task: name 'time' is not defined
2025-05-01 20:26:47 | ERROR    | __main__:backup_task:186 - Error in backup task: name 'time' is not defined
2025-05-01 20:26:47 | ERROR    | __main__:backup_task:186 - Error in backup task: name 'time' is not defined
2025-05-01 20:26:47 | ERROR    | __main__:backup_task:186 - Error in backup task: name 'time' is not defined
2025-05-01 20:26:47 | ERROR    | __main__:backup_task:186 - Error in backup task: name 'time' is not defined
2025-05-01 20:26:47 | ERROR    | __main__:backup_task:186 - Error in backup task: name 'time' is not defined
2025-05-01 20:26:47 | ERROR    | __main__:backup_task:186 - Error in backup task: name 'time' is not defined
2025-05-01 20:26:47 | ERROR    | __main__:backup_task:186 - Error in backup task: name 'time' is not defined
2025-05-01 20:26:47 | ERROR    | __main__:backup_task:186 - Error in backup task: name 'time' is not defined
2025-05-01 20:26:47 | ERROR    | __main__:backup_task:186 - Error in backup task: name 'time' is not defined
2025-05-01 20:26:47 | ERROR    | __main__:backup_task:186 - Error in backup task: name 'time' is not defined
2025-05-01 20:26:47 | ERROR    | __main__:backup_task:186 - Error in backup task: name 'time' is not defined
2025-05-01 20:26:47 | ERROR    | __main__:backup_task:186 - Error in backup task: name 'time' is not defined
2025-05-01 20:26:47 | ERROR    | __main__:backup_task:186 - Error in backup task: name 'time' is not defined
2025-05-01 20:26:47 | ERROR    | __main__:backup_task:186 - Error in backup task: name 'time' is not defined
2025-05-01 20:26:47 | ERROR    | __main__:backup_task:186 - Error in backup task: name 'time' is not defined
2025-05-01 20:26:47 | ERROR    | __main__:backup_task:186 - Error in backup task: name 'time' is not defined
2025-05-01 20:26:47 | ERROR    | __main__:backup_task:186 - Error in backup task: name 'time' is not defined
2025-05-01 20:26:47 | ERROR    | __main__:backup_task:186 - Error in backup task: name 'time' is not defined
2025-05-01 20:26:47 | ERROR    | __main__:backup_task:186 - Error in backup task: name 'time' is not defined
2025-05-01 20:26:47 | ERROR    | __main__:backup_task:186 - Error in backup task: name 'time' is not defined
2025-05-01 20:26:47 | ERROR    | __main__:backup_task:186 - Error in backup task: name 'time' is not defined
2025-05-01 20:26:47 | ERROR    | __main__:backup_task:186 - Error in backup task: name 'time' is not defined
2025-05-01 20:26:47 | ERROR    | __main__:backup_task:186 - Error in backup task: name 'time' is not defined
2025-05-01 20:26:47 | ERROR    | __main__:backup_task:186 - Error in backup task: name 'time' is not defined
2025-05-01 20:26:47 | ERROR    | __main__:backup_task:186 - Error in backup task: name 'time' is not defined
2025-05-01 20:26:47 | ERROR    | __main__:backup_task:186 - Error in backup task: name 'time' is not defined
2025-05-01 20:26:47 | ERROR    | __main__:backup_task:186 - Error in backup task: name 'time' is not defined
2025-05-01 20:26:47 | ERROR    | __main__:backup_task:186 - Error in backup task: name 'time' is not defined
2025-05-01 20:26:47 | ERROR    | __main__:backup_task:186 - Error in backup task: name 'time' is not defined
2025-05-01 20:26:47 | ERROR    | __main__:backup_task:186 - Error in backup task: name 'time' is not defined
2025-05-01 20:26:47 | ERROR    | __main__:backup_task:186 - Error in backup task: name 'time' is not defined
2025-05-01 20:26:47 | ERROR    | __main__:backup_task:186 - Error in backup task: name 'time' is not defined
2025-05-01 20:26:47 | ERROR    | __main__:backup_task:186 - Error in backup task: name 'time' is not defined
2025-05-01 20:26:47 | ERROR    | __main__:backup_task:186 - Error in backup task: name 'time' is not defined
2025-05-01 20:26:47 | ERROR    | __main__:backup_task:186 - Error in backup task: name 'time' is not defined
2025-05-01 20:26:47 | ERROR    | __main__:backup_task:186 - Error in backup task: name 'time' is not defined
2025-05-01 20:26:47 | ERROR    | __main__:backup_task:186 - Error in backup task: name 'time' is not defined
2025-05-01 20:26:47 | ERROR    | __main__:backup_task:186 - Error in backup task: name 'time' is not defined
2025-05-01 20:26:47 | ERROR    | __main__:backup_task:186 - Error in backup task: name 'time' is not defined
2025-05-01 20:26:47 | ERROR    | __main__:backup_task:186 - Error in backup task: name 'time' is not defined
2025-05-01 20:26:47 | ERROR    | __main__:backup_task:186 - Error in backup task: name 'time' is not defined
2025-05-01 20:26:47 | ERROR    | __main__:backup_task:186 - Error in backup task: name 'time' is not defined
2025-05-01 20:26:47 | ERROR    | __main__:backup_task:186 - Error in backup task: name 'time' is not defined
2025-05-01 20:26:47 | ERROR    | __main__:backup_task:186 - Error in backup task: name 'time' is not defined
2025-05-01 20:26:47 | ERROR    | __main__:backup_task:186 - Error in backup task: name 'time' is not defined
2025-05-01 20:26:47 | ERROR    | __main__:backup_task:186 - Error in backup task: name 'time' is not defined
2025-05-01 20:26:47 | ERROR    | __main__:backup_task:186 - Error in backup task: name 'time' is not defined
2025-05-01 20:26:47 | ERROR    | __main__:backup_task:186 - Error in backup task: name 'time' is not defined
2025-05-01 20:26:47 | ERROR    | __main__:backup_task:186 - Error in backup task: name 'time' is not defined
2025-05-01 20:26:47 | ERROR    | __main__:backup_task:186 - Error in backup task: name 'time' is not defined
2025-05-01 20:26:47 | ERROR    | __main__:backup_task:186 - Error in backup task: name 'time' is not defined
2025-05-01 20:26:47 | ERROR    | __main__:backup_task:186 - Error in backup task: name 'time' is not defined
2025-05-01 20:26:47 | ERROR    | __main__:backup_task:186 - Error in backup task: name 'time' is not defined
2025-05-01 20:26:47 | ERROR    | __main__:backup_task:186 - Error in backup task: name 'time' is not defined
2025-05-01 20:26:47 | ERROR    | __main__:backup_task:186 - Error in backup task: name 'time' is not defined
2025-05-01 20:26:47 | ERROR    | __main__:backup_task:186 - Error in backup task: name 'time' is not defined
2025-05-01 20:26:47 | ERROR    | __main__:backup_task:186 - Error in backup task: name 'time' is not defined
2025-05-01 20:26:47 | ERROR    | __main__:backup_task:186 - Error in backup task: name 'time' is not defined
2025-05-01 20:26:47 | ERROR    | __main__:backup_task:186 - Error in backup task: name 'time' is not defined
2025-05-01 20:26:47 | ERROR    | __main__:backup_task:186 - Error in backup task: name 'time' is not defined
2025-05-01 20:26:47 | ERROR    | __main__:backup_task:186 - Error in backup task: name 'time' is not defined
2025-05-01 20:26:47 | ERROR    | __main__:backup_task:186 - Error in backup task: name 'time' is not defined
2025-05-01 20:26:47 | ERROR    | __main__:backup_task:186 - Error in backup task: name 'time' is not defined
2025-05-01 20:26:47 | ERROR    | __main__:backup_task:186 - Error in backup task: name 'time' is not defined
2025-05-01 20:26:47 | ERROR    | __main__:backup_task:186 - Error in backup task: name 'time' is not defined
2025-05-01 20:26:47 | ERROR    | __main__:backup_task:186 - Error in backup task: name 'time' is not defined
2025-05-01 20:26:47 | ERROR    | __main__:backup_task:186 - Error in backup task: name 'time' is not defined
2025-05-01 20:26:47 | ERROR    | __main__:backup_task:186 - Error in backup task: name 'time' is not defined
2025-05-01 20:26:47 | ERROR    | __main__:backup_task:186 - Error in backup task: name 'time' is not defined
2025-05-01 20:26:47 | ERROR    | __main__:backup_task:186 - Error in backup task: name 'time' is not defined
2025-05-01 20:26:47 | ERROR    | __main__:backup_task:186 - Error in backup task: name 'time' is not defined
2025-05-01 20:26:47 | ERROR    | __main__:backup_task:186 - Error in backup task: name 'time' is not defined
2025-05-01 20:26:47 | ERROR    | __main__:backup_task:186 - Error in backup task: name 'time' is not defined
2025-05-01 20:26:47 | ERROR    | __main__:backup_task:186 - Error in backup task: name 'time' is not defined
2025-05-01 20:26:47 | ERROR    | __main__:backup_task:186 - Error in backup task: name 'time' is not defined
2025-05-01 20:26:47 | ERROR    | __main__:backup_task:186 - Error in backup task: name 'time' is not defined
2025-05-01 20:26:47 | ERROR    | __main__:backup_task:186 - Error in backup task: name 'time' is not defined
2025-05-01 20:26:47 | ERROR    | __main__:backup_task:186 - Error in backup task: name 'time' is not defined
2025-05-01 20:26:47 | ERROR    | __main__:backup_task:186 - Error in backup task: name 'time' is not defined
2025-05-01 20:26:47 | ERROR    | __main__:backup_task:186 - Error in backup task: name 'time' is not defined
2025-05-01 20:26:47 | ERROR    | __main__:backup_task:186 - Error in backup task: name 'time' is not defined
2025-05-01 20:26:47 | ERROR    | __main__:backup_task:186 - Error in backup task: name 'time' is not defined
2025-05-01 20:26:47 | ERROR    | __main__:backup_task:186 - Error in backup task: name 'time' is not defined
2025-05-01 20:26:47 | ERROR    | __main__:backup_task:186 - Error in backup task: name 'time' is not defined
2025-05-01 20:26:47 | ERROR    | __main__:backup_task:186 - Error in backup task: name 'time' is not defined
2025-05-01 20:26:47 | ERROR    | __main__:backup_task:186 - Error in backup task: name 'time' is not defined
2025-05-01 20:26:47 | ERROR    | __main__:backup_task:186 - Error in backup task: name 'time' is not defined
2025-05-01 20:26:47 | ERROR    | __main__:backup_task:186 - Error in backup task: name 'time' is not defined
2025-05-01 20:26:47 | ERROR    | __main__:backup_task:186 - Error in backup task: name 'time' is not defined
2025-05-01 20:26:47 | ERROR    | __main__:backup_task:186 - Error in backup task: name 'time' is not defined
2025-05-01 20:26:47 | ERROR    | __main__:backup_task:186 - Error in backup task: name 'time' is not defined
2025-05-01 20:26:47 | ERROR    | __main__:backup_task:186 - Error in backup task: name 'time' is not defined
2025-05-01 20:26:47 | ERROR    | __main__:backup_task:186 - Error in backup task: name 'time' is not defined
2025-05-01 20:26:47 | ERROR    | __main__:backup_task:186 - Error in backup task: name 'time' is not defined
2025-05-01 20:26:47 | ERROR    | __main__:backup_task:186 - Error in backup task: name 'time' is not defined
2025-05-01 20:26:47 | ERROR    | __main__:backup_task:186 - Error in backup task: name 'time' is not defined
2025-05-01 20:26:47 | ERROR    | __main__:backup_task:186 - Error in backup task: name 'time' is not defined
2025-05-01 20:26:47 | ERROR    | __main__:backup_task:186 - Error in backup task: name 'time' is not defined
2025-05-01 20:26:47 | ERROR    | __main__:backup_task:186 - Error in backup task: name 'time' is not defined
2025-05-01 20:26:47 | ERROR    | __main__:backup_task:186 - Error in backup task: name 'time' is not defined
2025-05-01 20:26:47 | ERROR    | __main__:backup_task:186 - Error in backup task: name 'time' is not defined
2025-05-01 20:26:47 | ERROR    | __main__:backup_task:186 - Error in backup task: name 'time' is not defined
2025-05-01 20:26:47 | ERROR    | __main__:backup_task:186 - Error in backup task: name 'time' is not defined
2025-05-01 20:26:47 | ERROR    | __main__:backup_task:186 - Error in backup task: name 'time' is not defined
2025-05-01 20:26:47 | ERROR    | __main__:backup_task:186 - Error in backup task: name 'time' is not defined
2025-05-01 20:26:47 | ERROR    | __main__:backup_task:186 - Error in backup task: name 'time' is not defined
2025-05-01 20:26:47 | ERROR    | __main__:backup_task:186 - Error in backup task: name 'time' is not defined
2025-05-01 20:26:47 | ERROR    | __main__:backup_task:186 - Error in backup task: name 'time' is not defined
2025-05-01 20:26:47 | ERROR    | __main__:backup_task:186 - Error in backup task: name 'time' is not defined
2025-05-01 20:26:47 | ERROR    | __main__:backup_task:186 - Error in backup task: name 'time' is not defined
2025-05-01 20:26:47 | ERROR    | __main__:backup_task:186 - Error in backup task: name 'time' is not defined
2025-05-01 20:26:47 | ERROR    | __main__:backup_task:186 - Error in backup task: name 'time' is not defined
2025-05-01 20:26:47 | ERROR    | __main__:backup_task:186 - Error in backup task: name 'time' is not defined
2025-05-01 20:26:47 | ERROR    | __main__:backup_task:186 - Error in backup task: name 'time' is not defined
2025-05-01 20:26:47 | ERROR    | __main__:backup_task:186 - Error in backup task: name 'time' is not defined
2025-05-01 20:26:47 | ERROR    | __main__:backup_task:186 - Error in backup task: name 'time' is not defined
2025-05-01 20:26:47 | ERROR    | __main__:backup_task:186 - Error in backup task: name 'time' is not defined
2025-05-01 20:26:47 | ERROR    | __main__:backup_task:186 - Error in backup task: name 'time' is not defined
2025-05-01 20:26:47 | ERROR    | __main__:backup_task:186 - Error in backup task: name 'time' is not defined
2025-05-01 20:26:47 | ERROR    | __main__:backup_task:186 - Error in backup task: name 'time' is not defined
2025-05-01 20:26:47 | ERROR    | __main__:backup_task:186 - Error in backup task: name 'time' is not defined
2025-05-01 20:26:47 | ERROR    | __main__:backup_task:186 - Error in backup task: name 'time' is not defined
2025-05-01 20:26:47 | ERROR    | __main__:backup_task:186 - Error in backup task: name 'time' is not defined
2025-05-01 20:26:47 | ERROR    | __main__:backup_task:186 - Error in backup task: name 'time' is not defined
2025-05-01 20:26:47 | ERROR    | __main__:backup_task:186 - Error in backup task: name 'time' is not defined
2025-05-01 20:26:47 | ERROR    | __main__:backup_task:186 - Error in backup task: name 'time' is not defined
2025-05-01 20:26:47 | ERROR    | __main__:backup_task:186 - Error in backup task: name 'time' is not defined
2025-05-01 20:26:47 | ERROR    | __main__:backup_task:186 - Error in backup task: name 'time' is not defined
2025-05-01 20:26:47 | ERROR    | __main__:backup_task:186 - Error in backup task: name 'time' is not defined
2025-05-01 20:26:47 | ERROR    | __main__:backup_task:186 - Error in backup task: name 'time' is not defined
2025-05-01 20:26:47 | ERROR    | __main__:backup_task:186 - Error in backup task: name 'time' is not defined
2025-05-01 20:26:47 | ERROR    | __main__:backup_task:186 - Error in backup task: name 'time' is not defined
2025-05-01 20:26:47 | ERROR    | __main__:backup_task:186 - Error in backup task: name 'time' is not defined
2025-05-01 20:26:47 | ERROR    | __main__:backup_task:186 - Error in backup task: name 'time' is not defined
2025-05-01 20:26:47 | ERROR    | __main__:backup_task:186 - Error in backup task: name 'time' is not defined
2025-05-01 20:26:47 | ERROR    | __main__:backup_task:186 - Error in backup task: name 'time' is not defined
2025-05-01 20:26:47 | ERROR    | __main__:backup_task:186 - Error in backup task: name 'time' is not defined
2025-05-01 20:26:47 | ERROR    | __main__:backup_task:186 - Error in backup task: name 'time' is not defined
2025-05-01 20:26:47 | ERROR    | __main__:backup_task:186 - Error in backup task: name 'time' is not defined
2025-05-01 20:26:47 | ERROR    | __main__:backup_task:186 - Error in backup task: name 'time' is not defined
2025-05-01 20:26:47 | ERROR    | __main__:backup_task:186 - Error in backup task: name 'time' is not defined
2025-05-01 20:26:47 | ERROR    | __main__:backup_task:186 - Error in backup task: name 'time' is not defined
2025-05-01 20:26:47 | ERROR    | __main__:backup_task:186 - Error in backup task: name 'time' is not defined
2025-05-01 20:26:47 | ERROR    | __main__:backup_task:186 - Error in backup task: name 'time' is not defined
2025-05-01 20:26:47 | ERROR    | __main__:backup_task:186 - Error in backup task: name 'time' is not defined
2025-05-01 20:26:47 | ERROR    | __main__:backup_task:186 - Error in backup task: name 'time' is not defined
2025-05-01 20:26:47 | ERROR    | __main__:backup_task:186 - Error in backup task: name 'time' is not defined
2025-05-01 20:26:47 | ERROR    | __main__:backup_task:186 - Error in backup task: name 'time' is not defined
2025-05-01 20:26:47 | ERROR    | __main__:backup_task:186 - Error in backup task: name 'time' is not defined
2025-05-01 20:26:47 | ERROR    | __main__:backup_task:186 - Error in backup task: name 'time' is not defined
2025-05-01 20:26:47 | ERROR    | __main__:backup_task:186 - Error in backup task: name 'time' is not defined
2025-05-01 20:26:47 | ERROR    | __main__:backup_task:186 - Error in backup task: name 'time' is not defined
2025-05-01 20:26:47 | ERROR    | __main__:backup_task:186 - Error in backup task: name 'time' is not defined
2025-05-01 20:26:47 | ERROR    | __main__:backup_task:186 - Error in backup task: name 'time' is not defined
2025-05-01 20:26:47 | ERROR    | __main__:backup_task:186 - Error in backup task: name 'time' is not defined
2025-05-01 20:26:47 | ERROR    | __main__:backup_task:186 - Error in backup task: name 'time' is not defined
2025-05-01 20:26:47 | ERROR    | __main__:backup_task:186 - Error in backup task: name 'time' is not defined
2025-05-01 20:26:47 | ERROR    | __main__:backup_task:186 - Error in backup task: name 'time' is not defined
2025-05-01 20:26:47 | ERROR    | __main__:backup_task:186 - Error in backup task: name 'time' is not defined
2025-05-01 20:26:47 | ERROR    | __main__:backup_task:186 - Error in backup task: name 'time' is not defined
2025-05-01 20:26:47 | ERROR    | __main__:backup_task:186 - Error in backup task: name 'time' is not defined
2025-05-01 20:26:47 | ERROR    | __main__:backup_task:186 - Error in backup task: name 'time' is not defined
2025-05-01 20:26:47 | ERROR    | __main__:backup_task:186 - Error in backup task: name 'time' is not defined
2025-05-01 20:26:47 | ERROR    | __main__:backup_task:186 - Error in backup task: name 'time' is not defined
2025-05-01 20:26:47 | ERROR    | __main__:backup_task:186 - Error in backup task: name 'time' is not defined
2025-05-01 20:26:47 | ERROR    | __main__:backup_task:186 - Error in backup task: name 'time' is not defined
2025-05-01 20:26:47 | ERROR    | __main__:backup_task:186 - Error in backup task: name 'time' is not defined
2025-05-01 20:26:47 | ERROR    | __main__:backup_task:186 - Error in backup task: name 'time' is not defined
2025-05-01 20:26:47 | ERROR    | __main__:backup_task:186 - Error in backup task: name 'time' is not defined
2025-05-01 20:26:47 | ERROR    | __main__:backup_task:186 - Error in backup task: name 'time' is not defined
2025-05-01 20:26:47 | ERROR    | __main__:backup_task:186 - Error in backup task: name 'time' is not defined
2025-05-01 20:26:47 | ERROR    | __main__:backup_task:186 - Error in backup task: name 'time' is not defined
2025-05-01 20:26:47 | ERROR    | __main__:backup_task:186 - Error in backup task: name 'time' is not defined
2025-05-01 20:26:47 | ERROR    | __main__:backup_task:186 - Error in backup task: name 'time' is not defined
2025-05-01 20:26:47 | ERROR    | __main__:backup_task:186 - Error in backup task: name 'time' is not defined
2025-05-01 20:26:47 | ERROR    | __main__:backup_task:186 - Error in backup task: name 'time' is not defined
2025-05-01 20:26:47 | ERROR    | __main__:backup_task:186 - Error in backup task: name 'time' is not defined
2025-05-01 20:26:47 | ERROR    | __main__:backup_task:186 - Error in backup task: name 'time' is not defined
2025-05-01 20:26:47 | ERROR    | __main__:backup_task:186 - Error in backup task: name 'time' is not defined
2025-05-01 20:26:47 | ERROR    | __main__:backup_task:186 - Error in backup task: name 'time' is not defined
2025-05-01 20:26:47 | ERROR    | __main__:backup_task:186 - Error in backup task: name 'time' is not defined
2025-05-01 20:26:47 | ERROR    | __main__:backup_task:186 - Error in backup task: name 'time' is not defined
2025-05-01 20:26:47 | ERROR    | __main__:backup_task:186 - Error in backup task: name 'time' is not defined
2025-05-01 20:26:47 | ERROR    | __main__:backup_task:186 - Error in backup task: name 'time' is not defined
2025-05-01 20:26:47 | ERROR    | __main__:backup_task:186 - Error in backup task: name 'time' is not defined
2025-05-01 20:26:47 | ERROR    | __main__:backup_task:186 - Error in backup task: name 'time' is not defined
2025-05-01 20:26:47 | ERROR    | __main__:backup_task:186 - Error in backup task: name 'time' is not defined
2025-05-01 20:26:47 | ERROR    | __main__:backup_task:186 - Error in backup task: name 'time' is not defined
2025-05-01 20:26:47 | ERROR    | __main__:backup_task:186 - Error in backup task: name 'time' is not defined
2025-05-01 20:26:47 | ERROR    | __main__:backup_task:186 - Error in backup task: name 'time' is not defined
2025-05-01 20:26:47 | ERROR    | __main__:backup_task:186 - Error in backup task: name 'time' is not defined
2025-05-01 20:26:47 | ERROR    | __main__:backup_task:186 - Error in backup task: name 'time' is not defined
2025-05-01 20:26:47 | ERROR    | __main__:backup_task:186 - Error in backup task: name 'time' is not defined
2025-05-01 20:26:47 | ERROR    | __main__:backup_task:186 - Error in backup task: name 'time' is not defined
2025-05-01 20:26:47 | ERROR    | __main__:backup_task:186 - Error in backup task: name 'time' is not defined
2025-05-01 20:26:47 | ERROR    | __main__:backup_task:186 - Error in backup task: name 'time' is not defined
2025-05-01 20:26:47 | ERROR    | __main__:backup_task:186 - Error in backup task: name 'time' is not defined
2025-05-01 20:26:47 | ERROR    | __main__:backup_task:186 - Error in backup task: name 'time' is not defined
2025-05-01 20:26:47 | ERROR    | __main__:backup_task:186 - Error in backup task: name 'time' is not defined
2025-05-01 20:26:47 | ERROR    | __main__:backup_task:186 - Error in backup task: name 'time' is not defined
2025-05-01 20:26:47 | ERROR    | __main__:backup_task:186 - Error in backup task: name 'time' is not defined
2025-05-01 20:26:47 | ERROR    | __main__:backup_task:186 - Error in backup task: name 'time' is not defined
2025-05-01 20:26:47 | ERROR    | __main__:backup_task:186 - Error in backup task: name 'time' is not defined
2025-05-01 20:26:47 | ERROR    | __main__:backup_task:186 - Error in backup task: name 'time' is not defined
2025-05-01 20:26:47 | ERROR    | __main__:backup_task:186 - Error in backup task: name 'time' is not defined
2025-05-01 20:26:47 | ERROR    | __main__:backup_task:186 - Error in backup task: name 'time' is not defined
2025-05-01 20:26:47 | ERROR    | __main__:backup_task:186 - Error in backup task: name 'time' is not defined
2025-05-01 20:26:47 | ERROR    | __main__:backup_task:186 - Error in backup task: name 'time' is not defined
2025-05-01 20:26:47 | ERROR    | __main__:backup_task:186 - Error in backup task: name 'time' is not defined
2025-05-01 20:26:47 | ERROR    | __main__:backup_task:186 - Error in backup task: name 'time' is not defined
2025-05-01 20:26:47 | ERROR    | __main__:backup_task:186 - Error in backup task: name 'time' is not defined
2025-05-01 20:26:47 | ERROR    | __main__:backup_task:186 - Error in backup task: name 'time' is not defined
2025-05-01 20:26:47 | ERROR    | __main__:backup_task:186 - Error in backup task: name 'time' is not defined
2025-05-01 20:26:47 | ERROR    | __main__:backup_task:186 - Error in backup task: name 'time' is not defined
2025-05-01 20:26:47 | ERROR    | __main__:backup_task:186 - Error in backup task: name 'time' is not defined
2025-05-01 20:26:47 | ERROR    | __main__:backup_task:186 - Error in backup task: name 'time' is not defined
2025-05-01 20:26:47 | ERROR    | __main__:backup_task:186 - Error in backup task: name 'time' is not defined
2025-05-01 20:26:47 | ERROR    | __main__:backup_task:186 - Error in backup task: name 'time' is not defined
2025-05-01 20:26:47 | ERROR    | __main__:backup_task:186 - Error in backup task: name 'time' is not defined
2025-05-01 20:26:47 | ERROR    | __main__:backup_task:186 - Error in backup task: name 'time' is not defined
2025-05-01 20:26:47 | ERROR    | __main__:backup_task:186 - Error in backup task: name 'time' is not defined
2025-05-01 20:26:47 | ERROR    | __main__:backup_task:186 - Error in backup task: name 'time' is not defined
2025-05-01 20:26:47 | ERROR    | __main__:backup_task:186 - Error in backup task: name 'time' is not defined
2025-05-01 20:26:47 | ERROR    | __main__:backup_task:186 - Error in backup task: name 'time' is not defined
2025-05-01 20:26:47 | ERROR    | __main__:backup_task:186 - Error in backup task: name 'time' is not defined
2025-05-01 20:26:47 | ERROR    | __main__:backup_task:186 - Error in backup task: name 'time' is not defined
2025-05-01 20:26:47 | ERROR    | __main__:backup_task:186 - Error in backup task: name 'time' is not defined
2025-05-01 20:26:47 | ERROR    | __main__:backup_task:186 - Error in backup task: name 'time' is not defined
2025-05-01 20:26:47 | ERROR    | __main__:backup_task:186 - Error in backup task: name 'time' is not defined
2025-05-01 20:26:47 | ERROR    | __main__:backup_task:186 - Error in backup task: name 'time' is not defined
2025-05-01 20:26:47 | ERROR    | __main__:backup_task:186 - Error in backup task: name 'time' is not defined
2025-05-01 20:26:47 | ERROR    | __main__:backup_task:186 - Error in backup task: name 'time' is not defined
2025-05-01 20:26:47 | ERROR    | __main__:backup_task:186 - Error in backup task: name 'time' is not defined
2025-05-01 20:26:47 | ERROR    | __main__:backup_task:186 - Error in backup task: name 'time' is not defined
2025-05-01 20:26:47 | ERROR    | __main__:backup_task:186 - Error in backup task: name 'time' is not defined
2025-05-01 20:26:47 | ERROR    | __main__:backup_task:186 - Error in backup task: name 'time' is not defined
2025-05-01 20:26:47 | ERROR    | __main__:backup_task:186 - Error in backup task: name 'time' is not defined
2025-05-01 20:26:47 | ERROR    | __main__:backup_task:186 - Error in backup task: name 'time' is not defined
2025-05-01 20:26:47 | ERROR    | __main__:backup_task:186 - Error in backup task: name 'time' is not defined
2025-05-01 20:26:47 | ERROR    | __main__:backup_task:186 - Error in backup task: name 'time' is not defined
2025-05-01 20:26:47 | ERROR    | __main__:backup_task:186 - Error in backup task: name 'time' is not defined
2025-05-01 20:26:47 | ERROR    | __main__:backup_task:186 - Error in backup task: name 'time' is not defined
2025-05-01 20:26:47 | ERROR    | __main__:backup_task:186 - Error in backup task: name 'time' is not defined
2025-05-01 20:26:47 | ERROR    | __main__:backup_task:186 - Error in backup task: name 'time' is not defined
2025-05-01 20:26:47 | ERROR    | __main__:backup_task:186 - Error in backup task: name 'time' is not defined
2025-05-01 20:26:47 | ERROR    | __main__:backup_task:186 - Error in backup task: name 'time' is not defined
2025-05-01 20:26:47 | ERROR    | __main__:backup_task:186 - Error in backup task: name 'time' is not defined
2025-05-01 20:26:47 | ERROR    | __main__:backup_task:186 - Error in backup task: name 'time' is not defined
2025-05-01 20:26:47 | ERROR    | __main__:backup_task:186 - Error in backup task: name 'time' is not defined
2025-05-01 20:26:47 | ERROR    | __main__:backup_task:186 - Error in backup task: name 'time' is not defined
2025-05-01 20:26:47 | ERROR    | __main__:backup_task:186 - Error in backup task: name 'time' is not defined
2025-05-01 20:26:47 | ERROR    | __main__:backup_task:186 - Error in backup task: name 'time' is not defined
2025-05-01 20:26:47 | ERROR    | __main__:backup_task:186 - Error in backup task: name 'time' is not defined
2025-05-01 20:26:47 | ERROR    | __main__:backup_task:186 - Error in backup task: name 'time' is not defined
2025-05-01 20:26:47 | ERROR    | __main__:backup_task:186 - Error in backup task: name 'time' is not defined
2025-05-01 20:26:47 | ERROR    | __main__:backup_task:186 - Error in backup task: name 'time' is not defined
2025-05-01 20:26:47 | ERROR    | __main__:backup_task:186 - Error in backup task: name 'time' is not defined
2025-05-01 20:26:47 | ERROR    | __main__:backup_task:186 - Error in backup task: name 'time' is not defined
2025-05-01 20:26:47 | ERROR    | __main__:backup_task:186 - Error in backup task: name 'time' is not defined
2025-05-01 20:26:47 | ERROR    | __main__:backup_task:186 - Error in backup task: name 'time' is not defined
2025-05-01 20:26:47 | ERROR    | __main__:backup_task:186 - Error in backup task: name 'time' is not defined
2025-05-01 20:26:47 | ERROR    | __main__:backup_task:186 - Error in backup task: name 'time' is not defined
2025-05-01 20:26:47 | ERROR    | __main__:backup_task:186 - Error in backup task: name 'time' is not defined
2025-05-01 20:26:47 | ERROR    | __main__:backup_task:186 - Error in backup task: name 'time' is not defined
2025-05-01 20:26:47 | ERROR    | __main__:backup_task:186 - Error in backup task: name 'time' is not defined
2025-05-01 20:26:47 | ERROR    | __main__:backup_task:186 - Error in backup task: name 'time' is not defined
2025-05-01 20:26:47 | ERROR    | __main__:backup_task:186 - Error in backup task: name 'time' is not defined
2025-05-01 20:26:47 | ERROR    | __main__:backup_task:186 - Error in backup task: name 'time' is not defined
2025-05-01 20:26:47 | ERROR    | __main__:backup_task:186 - Error in backup task: name 'time' is not defined
2025-05-01 20:26:47 | ERROR    | __main__:backup_task:186 - Error in backup task: name 'time' is not defined
2025-05-01 20:26:47 | ERROR    | __main__:backup_task:186 - Error in backup task: name 'time' is not defined
2025-05-01 20:26:47 | ERROR    | __main__:backup_task:186 - Error in backup task: name 'time' is not defined
2025-05-01 20:26:47 | ERROR    | __main__:backup_task:186 - Error in backup task: name 'time' is not defined
2025-05-01 20:26:47 | ERROR    | __main__:backup_task:186 - Error in backup task: name 'time' is not defined
2025-05-01 20:26:47 | ERROR    | __main__:backup_task:186 - Error in backup task: name 'time' is not defined
2025-05-01 20:26:47 | ERROR    | __main__:backup_task:186 - Error in backup task: name 'time' is not defined
2025-05-01 20:26:47 | ERROR    | __main__:backup_task:186 - Error in backup task: name 'time' is not defined
2025-05-01 20:26:47 | ERROR    | __main__:backup_task:186 - Error in backup task: name 'time' is not defined
2025-05-01 20:26:47 | ERROR    | __main__:backup_task:186 - Error in backup task: name 'time' is not defined
2025-05-01 20:26:47 | ERROR    | __main__:backup_task:186 - Error in backup task: name 'time' is not defined
2025-05-01 20:26:47 | ERROR    | __main__:backup_task:186 - Error in backup task: name 'time' is not defined
2025-05-01 20:26:47 | ERROR    | __main__:backup_task:186 - Error in backup task: name 'time' is not defined
2025-05-01 20:26:47 | ERROR    | __main__:backup_task:186 - Error in backup task: name 'time' is not defined
2025-05-01 20:26:47 | ERROR    | __main__:backup_task:186 - Error in backup task: name 'time' is not defined
2025-05-01 20:26:47 | ERROR    | __main__:backup_task:186 - Error in backup task: name 'time' is not defined
2025-05-01 20:26:47 | ERROR    | __main__:backup_task:186 - Error in backup task: name 'time' is not defined
2025-05-01 20:26:47 | ERROR    | __main__:backup_task:186 - Error in backup task: name 'time' is not defined
2025-05-01 20:26:47 | ERROR    | __main__:backup_task:186 - Error in backup task: name 'time' is not defined
2025-05-01 20:26:47 | ERROR    | __main__:backup_task:186 - Error in backup task: name 'time' is not defined
2025-05-01 20:26:47 | ERROR    | __main__:backup_task:186 - Error in backup task: name 'time' is not defined
2025-05-01 20:26:47 | ERROR    | __main__:backup_task:186 - Error in backup task: name 'time' is not defined
2025-05-01 20:26:47 | ERROR    | __main__:backup_task:186 - Error in backup task: name 'time' is not defined
2025-05-01 20:26:47 | ERROR    | __main__:backup_task:186 - Error in backup task: name 'time' is not defined
2025-05-01 20:26:47 | ERROR    | __main__:backup_task:186 - Error in backup task: name 'time' is not defined
2025-05-01 20:26:47 | ERROR    | __main__:backup_task:186 - Error in backup task: name 'time' is not defined
2025-05-01 20:26:47 | ERROR    | __main__:backup_task:186 - Error in backup task: name 'time' is not defined
2025-05-01 20:26:47 | ERROR    | __main__:backup_task:186 - Error in backup task: name 'time' is not defined
2025-05-01 20:26:47 | ERROR    | __main__:backup_task:186 - Error in backup task: name 'time' is not defined
2025-05-01 20:26:47 | ERROR    | __main__:backup_task:186 - Error in backup task: name 'time' is not defined
2025-05-01 20:26:47 | ERROR    | __main__:backup_task:186 - Error in backup task: name 'time' is not defined
2025-05-01 20:26:47 | ERROR    | __main__:backup_task:186 - Error in backup task: name 'time' is not defined
2025-05-01 20:26:47 | ERROR    | __main__:backup_task:186 - Error in backup task: name 'time' is not defined
2025-05-01 20:26:47 | ERROR    | __main__:backup_task:186 - Error in backup task: name 'time' is not defined
2025-05-01 20:26:47 | ERROR    | __main__:backup_task:186 - Error in backup task: name 'time' is not defined
2025-05-01 20:26:47 | ERROR    | __main__:backup_task:186 - Error in backup task: name 'time' is not defined
2025-05-01 20:26:47 | ERROR    | __main__:backup_task:186 - Error in backup task: name 'time' is not defined
2025-05-01 20:26:47 | ERROR    | __main__:backup_task:186 - Error in backup task: name 'time' is not defined
2025-05-01 20:26:47 | ERROR    | __main__:backup_task:186 - Error in backup task: name 'time' is not defined
2025-05-01 20:26:47 | ERROR    | __main__:backup_task:186 - Error in backup task: name 'time' is not defined
2025-05-01 20:26:47 | ERROR    | __main__:backup_task:186 - Error in backup task: name 'time' is not defined
2025-05-01 20:26:47 | ERROR    | __main__:backup_task:186 - Error in backup task: name 'time' is not defined
2025-05-01 20:26:47 | ERROR    | __main__:backup_task:186 - Error in backup task: name 'time' is not defined
2025-05-01 20:26:47 | ERROR    | __main__:backup_task:186 - Error in backup task: name 'time' is not defined
2025-05-01 20:26:47 | ERROR    | __main__:backup_task:186 - Error in backup task: name 'time' is not defined
2025-05-01 20:26:47 | ERROR    | __main__:backup_task:186 - Error in backup task: name 'time' is not defined
2025-05-01 20:26:47 | ERROR    | __main__:backup_task:186 - Error in backup task: name 'time' is not defined
2025-05-01 20:26:47 | ERROR    | __main__:backup_task:186 - Error in backup task: name 'time' is not defined
2025-05-01 20:26:47 | ERROR    | __main__:backup_task:186 - Error in backup task: name 'time' is not defined
2025-05-01 20:26:47 | ERROR    | __main__:backup_task:186 - Error in backup task: name 'time' is not defined
2025-05-01 20:26:47 | ERROR    | __main__:backup_task:186 - Error in backup task: name 'time' is not defined
2025-05-01 20:26:47 | ERROR    | __main__:backup_task:186 - Error in backup task: name 'time' is not defined
2025-05-01 20:26:47 | ERROR    | __main__:backup_task:186 - Error in backup task: name 'time' is not defined
2025-05-01 20:26:47 | ERROR    | __main__:backup_task:186 - Error in backup task: name 'time' is not defined
2025-05-01 20:26:47 | ERROR    | __main__:backup_task:186 - Error in backup task: name 'time' is not defined
2025-05-01 20:26:47 | ERROR    | __main__:backup_task:186 - Error in backup task: name 'time' is not defined
2025-05-01 20:26:47 | ERROR    | __main__:backup_task:186 - Error in backup task: name 'time' is not defined
2025-05-01 20:26:47 | ERROR    | __main__:backup_task:186 - Error in backup task: name 'time' is not defined
2025-05-01 20:26:47 | ERROR    | __main__:backup_task:186 - Error in backup task: name 'time' is not defined
2025-05-01 20:26:47 | ERROR    | __main__:backup_task:186 - Error in backup task: name 'time' is not defined
2025-05-01 20:26:47 | ERROR    | __main__:backup_task:186 - Error in backup task: name 'time' is not defined
2025-05-01 20:26:47 | ERROR    | __main__:backup_task:186 - Error in backup task: name 'time' is not defined
2025-05-01 20:26:47 | ERROR    | __main__:backup_task:186 - Error in backup task: name 'time' is not defined
2025-05-01 20:26:47 | ERROR    | __main__:backup_task:186 - Error in backup task: name 'time' is not defined
2025-05-01 20:26:47 | ERROR    | __main__:backup_task:186 - Error in backup task: name 'time' is not defined
2025-05-01 20:26:47 | ERROR    | __main__:backup_task:186 - Error in backup task: name 'time' is not defined
2025-05-01 20:26:47 | ERROR    | __main__:backup_task:186 - Error in backup task: name 'time' is not defined
2025-05-01 20:26:47 | ERROR    | __main__:backup_task:186 - Error in backup task: name 'time' is not defined
2025-05-01 20:26:47 | ERROR    | __main__:backup_task:186 - Error in backup task: name 'time' is not defined
2025-05-01 20:26:47 | ERROR    | __main__:backup_task:186 - Error in backup task: name 'time' is not defined
2025-05-01 20:26:47 | ERROR    | __main__:backup_task:186 - Error in backup task: name 'time' is not defined
2025-05-01 20:26:47 | ERROR    | __main__:backup_task:186 - Error in backup task: name 'time' is not defined
2025-05-01 20:26:47 | ERROR    | __main__:backup_task:186 - Error in backup task: name 'time' is not defined
2025-05-01 20:26:47 | ERROR    | __main__:backup_task:186 - Error in backup task: name 'time' is not defined
2025-05-01 20:26:47 | ERROR    | __main__:backup_task:186 - Error in backup task: name 'time' is not defined
2025-05-01 20:26:47 | ERROR    | __main__:backup_task:186 - Error in backup task: name 'time' is not defined
2025-05-01 20:26:47 | ERROR    | __main__:backup_task:186 - Error in backup task: name 'time' is not defined
2025-05-01 20:26:47 | ERROR    | __main__:backup_task:186 - Error in backup task: name 'time' is not defined
2025-05-01 20:26:47 | ERROR    | __main__:backup_task:186 - Error in backup task: name 'time' is not defined
2025-05-01 20:26:47 | ERROR    | __main__:backup_task:186 - Error in backup task: name 'time' is not defined
2025-05-01 20:26:47 | ERROR    | __main__:backup_task:186 - Error in backup task: name 'time' is not defined
2025-05-01 20:26:47 | ERROR    | __main__:backup_task:186 - Error in backup task: name 'time' is not defined
2025-05-01 20:26:47 | ERROR    | __main__:backup_task:186 - Error in backup task: name 'time' is not defined
2025-05-01 20:26:47 | ERROR    | __main__:backup_task:186 - Error in backup task: name 'time' is not defined
2025-05-01 20:26:47 | ERROR    | __main__:backup_task:186 - Error in backup task: name 'time' is not defined
2025-05-01 20:26:47 | ERROR    | __main__:backup_task:186 - Error in backup task: name 'time' is not defined
2025-05-01 20:26:47 | ERROR    | __main__:backup_task:186 - Error in backup task: name 'time' is not defined
2025-05-01 20:26:47 | ERROR    | __main__:backup_task:186 - Error in backup task: name 'time' is not defined
2025-05-01 20:26:47 | ERROR    | __main__:backup_task:186 - Error in backup task: name 'time' is not defined
2025-05-01 20:26:47 | ERROR    | __main__:backup_task:186 - Error in backup task: name 'time' is not defined
2025-05-01 20:26:47 | ERROR    | __main__:backup_task:186 - Error in backup task: name 'time' is not defined
2025-05-01 20:26:47 | ERROR    | __main__:backup_task:186 - Error in backup task: name 'time' is not defined
2025-05-01 20:26:47 | ERROR    | __main__:backup_task:186 - Error in backup task: name 'time' is not defined
2025-05-01 20:26:47 | ERROR    | __main__:backup_task:186 - Error in backup task: name 'time' is not defined
2025-05-01 20:26:47 | ERROR    | __main__:backup_task:186 - Error in backup task: name 'time' is not defined
2025-05-01 20:26:47 | ERROR    | __main__:backup_task:186 - Error in backup task: name 'time' is not defined
2025-05-01 20:26:47 | ERROR    | __main__:backup_task:186 - Error in backup task: name 'time' is not defined
2025-05-01 20:26:47 | ERROR    | __main__:backup_task:186 - Error in backup task: name 'time' is not defined
2025-05-01 20:26:47 | ERROR    | __main__:backup_task:186 - Error in backup task: name 'time' is not defined
2025-05-01 20:26:47 | ERROR    | __main__:backup_task:186 - Error in backup task: name 'time' is not defined
2025-05-01 20:26:47 | ERROR    | __main__:backup_task:186 - Error in backup task: name 'time' is not defined
2025-05-01 20:26:47 | ERROR    | __main__:backup_task:186 - Error in backup task: name 'time' is not defined
2025-05-01 20:26:47 | ERROR    | __main__:backup_task:186 - Error in backup task: name 'time' is not defined
2025-05-01 20:26:47 | ERROR    | __main__:backup_task:186 - Error in backup task: name 'time' is not defined
2025-05-01 20:26:47 | ERROR    | __main__:backup_task:186 - Error in backup task: name 'time' is not defined
2025-05-01 20:26:47 | ERROR    | __main__:backup_task:186 - Error in backup task: name 'time' is not defined
2025-05-01 20:26:47 | ERROR    | __main__:backup_task:186 - Error in backup task: name 'time' is not defined
2025-05-01 20:26:47 | ERROR    | __main__:backup_task:186 - Error in backup task: name 'time' is not defined
2025-05-01 20:26:47 | ERROR    | __main__:backup_task:186 - Error in backup task: name 'time' is not defined
2025-05-01 20:26:47 | ERROR    | __main__:backup_task:186 - Error in backup task: name 'time' is not defined
2025-05-01 20:26:47 | ERROR    | __main__:backup_task:186 - Error in backup task: name 'time' is not defined
2025-05-01 20:26:47 | ERROR    | __main__:backup_task:186 - Error in backup task: name 'time' is not defined
2025-05-01 20:26:47 | ERROR    | __main__:backup_task:186 - Error in backup task: name 'time' is not defined
2025-05-01 20:26:47 | ERROR    | __main__:backup_task:186 - Error in backup task: name 'time' is not defined
2025-05-01 20:26:47 | ERROR    | __main__:backup_task:186 - Error in backup task: name 'time' is not defined
2025-05-01 20:26:47 | ERROR    | __main__:backup_task:186 - Error in backup task: name 'time' is not defined
2025-05-01 20:26:47 | ERROR    | __main__:backup_task:186 - Error in backup task: name 'time' is not defined
2025-05-01 20:26:47 | ERROR    | __main__:backup_task:186 - Error in backup task: name 'time' is not defined
2025-05-01 20:26:47 | ERROR    | __main__:backup_task:186 - Error in backup task: name 'time' is not defined
2025-05-01 20:26:47 | ERROR    | __main__:backup_task:186 - Error in backup task: name 'time' is not defined
2025-05-01 20:26:47 | ERROR    | __main__:backup_task:186 - Error in backup task: name 'time' is not defined
2025-05-01 20:26:47 | ERROR    | __main__:backup_task:186 - Error in backup task: name 'time' is not defined
2025-05-01 20:26:47 | ERROR    | __main__:backup_task:186 - Error in backup task: name 'time' is not defined
2025-05-01 20:26:47 | ERROR    | __main__:backup_task:186 - Error in backup task: name 'time' is not defined
2025-05-01 20:26:47 | ERROR    | __main__:backup_task:186 - Error in backup task: name 'time' is not defined
2025-05-01 20:26:47 | ERROR    | __main__:backup_task:186 - Error in backup task: name 'time' is not defined
2025-05-01 20:26:47 | ERROR    | __main__:backup_task:186 - Error in backup task: name 'time' is not defined
2025-05-01 20:26:47 | ERROR    | __main__:backup_task:186 - Error in backup task: name 'time' is not defined
2025-05-01 20:26:47 | ERROR    | __main__:backup_task:186 - Error in backup task: name 'time' is not defined
2025-05-01 20:26:47 | ERROR    | __main__:backup_task:186 - Error in backup task: name 'time' is not defined
2025-05-01 20:26:47 | ERROR    | __main__:backup_task:186 - Error in backup task: name 'time' is not defined
2025-05-01 20:26:47 | ERROR    | __main__:backup_task:186 - Error in backup task: name 'time' is not defined
2025-05-01 20:26:47 | ERROR    | __main__:backup_task:186 - Error in backup task: name 'time' is not defined
2025-05-01 20:26:47 | ERROR    | __main__:backup_task:186 - Error in backup task: name 'time' is not defined
2025-05-01 20:26:47 | ERROR    | __main__:backup_task:186 - Error in backup task: name 'time' is not defined
2025-05-01 20:26:47 | ERROR    | __main__:backup_task:186 - Error in backup task: name 'time' is not defined
2025-05-01 20:26:47 | ERROR    | __main__:backup_task:186 - Error in backup task: name 'time' is not defined
2025-05-01 20:26:47 | ERROR    | __main__:backup_task:186 - Error in backup task: name 'time' is not defined
2025-05-01 20:26:47 | ERROR    | __main__:backup_task:186 - Error in backup task: name 'time' is not defined
2025-05-01 20:26:47 | ERROR    | __main__:backup_task:186 - Error in backup task: name 'time' is not defined
2025-05-01 20:26:47 | ERROR    | __main__:backup_task:186 - Error in backup task: name 'time' is not defined
2025-05-01 20:26:47 | ERROR    | __main__:backup_task:186 - Error in backup task: name 'time' is not defined
2025-05-01 20:26:47 | ERROR    | __main__:backup_task:186 - Error in backup task: name 'time' is not defined
2025-05-01 20:26:47 | ERROR    | __main__:backup_task:186 - Error in backup task: name 'time' is not defined
2025-05-01 20:26:47 | ERROR    | __main__:backup_task:186 - Error in backup task: name 'time' is not defined
2025-05-01 20:26:47 | ERROR    | __main__:backup_task:186 - Error in backup task: name 'time' is not defined
2025-05-01 20:26:47 | ERROR    | __main__:backup_task:186 - Error in backup task: name 'time' is not defined
2025-05-01 20:26:47 | ERROR    | __main__:backup_task:186 - Error in backup task: name 'time' is not defined
2025-05-01 20:26:47 | ERROR    | __main__:backup_task:186 - Error in backup task: name 'time' is not defined
2025-05-01 20:26:47 | ERROR    | __main__:backup_task:186 - Error in backup task: name 'time' is not defined
2025-05-01 20:26:47 | ERROR    | __main__:backup_task:186 - Error in backup task: name 'time' is not defined
2025-05-01 20:26:47 | ERROR    | __main__:backup_task:186 - Error in backup task: name 'time' is not defined
2025-05-01 20:26:47 | ERROR    | __main__:backup_task:186 - Error in backup task: name 'time' is not defined
2025-05-01 20:26:47 | ERROR    | __main__:backup_task:186 - Error in backup task: name 'time' is not defined
2025-05-01 20:26:47 | ERROR    | __main__:backup_task:186 - Error in backup task: name 'time' is not defined
2025-05-01 20:26:47 | ERROR    | __main__:backup_task:186 - Error in backup task: name 'time' is not defined
2025-05-01 20:26:47 | ERROR    | __main__:backup_task:186 - Error in backup task: name 'time' is not defined
2025-05-01 20:26:47 | ERROR    | __main__:backup_task:186 - Error in backup task: name 'time' is not defined
2025-05-01 20:26:47 | ERROR    | __main__:backup_task:186 - Error in backup task: name 'time' is not defined
2025-05-01 20:26:47 | ERROR    | __main__:backup_task:186 - Error in backup task: name 'time' is not defined
2025-05-01 20:26:47 | ERROR    | __main__:backup_task:186 - Error in backup task: name 'time' is not defined
2025-05-01 20:26:47 | ERROR    | __main__:backup_task:186 - Error in backup task: name 'time' is not defined
2025-05-01 20:26:47 | ERROR    | __main__:backup_task:186 - Error in backup task: name 'time' is not defined
2025-05-01 20:26:47 | ERROR    | __main__:backup_task:186 - Error in backup task: name 'time' is not defined
2025-05-01 20:26:47 | ERROR    | __main__:backup_task:186 - Error in backup task: name 'time' is not defined
2025-05-01 20:26:47 | ERROR    | __main__:backup_task:186 - Error in backup task: name 'time' is not defined
2025-05-01 20:26:47 | ERROR    | __main__:backup_task:186 - Error in backup task: name 'time' is not defined
2025-05-01 20:26:47 | ERROR    | __main__:backup_task:186 - Error in backup task: name 'time' is not defined
2025-05-01 20:26:47 | ERROR    | __main__:backup_task:186 - Error in backup task: name 'time' is not defined
2025-05-01 20:26:47 | ERROR    | __main__:backup_task:186 - Error in backup task: name 'time' is not defined
2025-05-01 20:26:47 | ERROR    | __main__:backup_task:186 - Error in backup task: name 'time' is not defined
2025-05-01 20:26:47 | ERROR    | __main__:backup_task:186 - Error in backup task: name 'time' is not defined
2025-05-01 20:26:47 | ERROR    | __main__:backup_task:186 - Error in backup task: name 'time' is not defined
2025-05-01 20:26:47 | ERROR    | __main__:backup_task:186 - Error in backup task: name 'time' is not defined
2025-05-01 20:26:47 | ERROR    | __main__:backup_task:186 - Error in backup task: name 'time' is not defined
2025-05-01 20:26:47 | ERROR    | __main__:backup_task:186 - Error in backup task: name 'time' is not defined
2025-05-01 20:26:47 | ERROR    | __main__:backup_task:186 - Error in backup task: name 'time' is not defined
2025-05-01 20:26:47 | ERROR    | __main__:backup_task:186 - Error in backup task: name 'time' is not defined
2025-05-01 20:26:47 | ERROR    | __main__:backup_task:186 - Error in backup task: name 'time' is not defined
2025-05-01 20:26:47 | ERROR    | __main__:backup_task:186 - Error in backup task: name 'time' is not defined
2025-05-01 20:26:47 | ERROR    | __main__:backup_task:186 - Error in backup task: name 'time' is not defined
2025-05-01 20:26:47 | ERROR    | __main__:backup_task:186 - Error in backup task: name 'time' is not defined
2025-05-01 20:26:47 | ERROR    | __main__:backup_task:186 - Error in backup task: name 'time' is not defined
2025-05-01 20:26:47 | ERROR    | __main__:backup_task:186 - Error in backup task: name 'time' is not defined
2025-05-01 20:26:47 | ERROR    | __main__:backup_task:186 - Error in backup task: name 'time' is not defined
2025-05-01 20:26:47 | ERROR    | __main__:backup_task:186 - Error in backup task: name 'time' is not defined
2025-05-01 20:26:47 | ERROR    | __main__:backup_task:186 - Error in backup task: name 'time' is not defined
2025-05-01 20:26:47 | ERROR    | __main__:backup_task:186 - Error in backup task: name 'time' is not defined
2025-05-01 20:26:47 | ERROR    | __main__:backup_task:186 - Error in backup task: name 'time' is not defined
2025-05-01 20:26:47 | ERROR    | __main__:backup_task:186 - Error in backup task: name 'time' is not defined
2025-05-01 20:26:47 | ERROR    | __main__:backup_task:186 - Error in backup task: name 'time' is not defined
2025-05-01 20:26:47 | ERROR    | __main__:backup_task:186 - Error in backup task: name 'time' is not defined
2025-05-01 20:26:47 | ERROR    | __main__:backup_task:186 - Error in backup task: name 'time' is not defined
2025-05-01 20:26:47 | ERROR    | __main__:backup_task:186 - Error in backup task: name 'time' is not defined
2025-05-01 20:26:47 | ERROR    | __main__:backup_task:186 - Error in backup task: name 'time' is not defined
2025-05-01 20:26:47 | ERROR    | __main__:backup_task:186 - Error in backup task: name 'time' is not defined
2025-05-01 20:26:47 | ERROR    | __main__:backup_task:186 - Error in backup task: name 'time' is not defined
2025-05-01 20:26:47 | ERROR    | __main__:backup_task:186 - Error in backup task: name 'time' is not defined
2025-05-01 20:26:47 | ERROR    | __main__:backup_task:186 - Error in backup task: name 'time' is not defined
2025-05-01 20:26:47 | ERROR    | __main__:backup_task:186 - Error in backup task: name 'time' is not defined
2025-05-01 20:26:47 | ERROR    | __main__:backup_task:186 - Error in backup task: name 'time' is not defined
2025-05-01 20:26:47 | ERROR    | __main__:backup_task:186 - Error in backup task: name 'time' is not defined
2025-05-01 20:26:47 | ERROR    | __main__:backup_task:186 - Error in backup task: name 'time' is not defined
2025-05-01 20:26:47 | ERROR    | __main__:backup_task:186 - Error in backup task: name 'time' is not defined
2025-05-01 20:26:47 | ERROR    | __main__:backup_task:186 - Error in backup task: name 'time' is not defined
2025-05-01 20:26:47 | ERROR    | __main__:backup_task:186 - Error in backup task: name 'time' is not defined
2025-05-01 20:26:47 | ERROR    | __main__:backup_task:186 - Error in backup task: name 'time' is not defined
2025-05-01 20:26:47 | ERROR    | __main__:backup_task:186 - Error in backup task: name 'time' is not defined
2025-05-01 20:26:47 | ERROR    | __main__:backup_task:186 - Error in backup task: name 'time' is not defined
2025-05-01 20:26:47 | ERROR    | __main__:backup_task:186 - Error in backup task: name 'time' is not defined
2025-05-01 20:26:47 | ERROR    | __main__:backup_task:186 - Error in backup task: name 'time' is not defined
2025-05-01 20:26:47 | ERROR    | __main__:backup_task:186 - Error in backup task: name 'time' is not defined
2025-05-01 20:26:47 | ERROR    | __main__:backup_task:186 - Error in backup task: name 'time' is not defined
2025-05-01 20:26:47 | ERROR    | __main__:backup_task:186 - Error in backup task: name 'time' is not defined
2025-05-01 20:26:47 | ERROR    | __main__:backup_task:186 - Error in backup task: name 'time' is not defined
2025-05-01 20:26:47 | ERROR    | __main__:backup_task:186 - Error in backup task: name 'time' is not defined
2025-05-01 20:26:47 | ERROR    | __main__:backup_task:186 - Error in backup task: name 'time' is not defined
2025-05-01 20:26:47 | ERROR    | __main__:backup_task:186 - Error in backup task: name 'time' is not defined
2025-05-01 20:26:47 | ERROR    | __main__:backup_task:186 - Error in backup task: name 'time' is not defined
2025-05-01 20:26:47 | ERROR    | __main__:backup_task:186 - Error in backup task: name 'time' is not defined
2025-05-01 20:26:47 | ERROR    | __main__:backup_task:186 - Error in backup task: name 'time' is not defined
2025-05-01 20:26:47 | ERROR    | __main__:backup_task:186 - Error in backup task: name 'time' is not defined
2025-05-01 20:26:47 | ERROR    | __main__:backup_task:186 - Error in backup task: name 'time' is not defined
2025-05-01 20:26:47 | ERROR    | __main__:backup_task:186 - Error in backup task: name 'time' is not defined
2025-05-01 20:26:47 | ERROR    | __main__:backup_task:186 - Error in backup task: name 'time' is not defined
2025-05-01 20:26:47 | ERROR    | __main__:backup_task:186 - Error in backup task: name 'time' is not defined
2025-05-01 20:26:47 | ERROR    | __main__:backup_task:186 - Error in backup task: name 'time' is not defined
2025-05-01 20:26:47 | ERROR    | __main__:backup_task:186 - Error in backup task: name 'time' is not defined
2025-05-01 20:26:47 | ERROR    | __main__:backup_task:186 - Error in backup task: name 'time' is not defined
2025-05-01 20:26:47 | ERROR    | __main__:backup_task:186 - Error in backup task: name 'time' is not defined
2025-05-01 20:26:47 | ERROR    | __main__:backup_task:186 - Error in backup task: name 'time' is not defined
2025-05-01 20:26:47 | ERROR    | __main__:backup_task:186 - Error in backup task: name 'time' is not defined
2025-05-01 20:26:47 | ERROR    | __main__:backup_task:186 - Error in backup task: name 'time' is not defined
2025-05-01 20:26:47 | ERROR    | __main__:backup_task:186 - Error in backup task: name 'time' is not defined
2025-05-01 20:26:47 | ERROR    | __main__:backup_task:186 - Error in backup task: name 'time' is not defined
2025-05-01 20:26:47 | ERROR    | __main__:backup_task:186 - Error in backup task: name 'time' is not defined
2025-05-01 20:26:47 | ERROR    | __main__:backup_task:186 - Error in backup task: name 'time' is not defined
2025-05-01 20:26:47 | ERROR    | __main__:backup_task:186 - Error in backup task: name 'time' is not defined
2025-05-01 20:26:47 | ERROR    | __main__:backup_task:186 - Error in backup task: name 'time' is not defined
2025-05-01 20:26:47 | ERROR    | __main__:backup_task:186 - Error in backup task: name 'time' is not defined
2025-05-01 20:26:47 | ERROR    | __main__:backup_task:186 - Error in backup task: name 'time' is not defined
2025-05-01 20:26:47 | ERROR    | __main__:backup_task:186 - Error in backup task: name 'time' is not defined
2025-05-01 20:26:47 | ERROR    | __main__:backup_task:186 - Error in backup task: name 'time' is not defined
2025-05-01 20:26:47 | ERROR    | __main__:backup_task:186 - Error in backup task: name 'time' is not defined
2025-05-01 20:26:47 | ERROR    | __main__:backup_task:186 - Error in backup task: name 'time' is not defined
2025-05-01 20:26:47 | ERROR    | __main__:backup_task:186 - Error in backup task: name 'time' is not defined
2025-05-01 20:26:47 | ERROR    | __main__:backup_task:186 - Error in backup task: name 'time' is not defined
2025-05-01 20:26:47 | ERROR    | __main__:backup_task:186 - Error in backup task: name 'time' is not defined
2025-05-01 20:26:47 | ERROR    | __main__:backup_task:186 - Error in backup task: name 'time' is not defined
2025-05-01 20:26:47 | ERROR    | __main__:backup_task:186 - Error in backup task: name 'time' is not defined
2025-05-01 20:26:47 | ERROR    | __main__:backup_task:186 - Error in backup task: name 'time' is not defined
2025-05-01 20:26:47 | ERROR    | __main__:backup_task:186 - Error in backup task: name 'time' is not defined
2025-05-01 20:26:47 | ERROR    | __main__:backup_task:186 - Error in backup task: name 'time' is not defined
2025-05-01 20:26:47 | ERROR    | __main__:backup_task:186 - Error in backup task: name 'time' is not defined
2025-05-01 20:26:47 | ERROR    | __main__:backup_task:186 - Error in backup task: name 'time' is not defined
2025-05-01 20:26:47 | ERROR    | __main__:backup_task:186 - Error in backup task: name 'time' is not defined
2025-05-01 20:26:47 | ERROR    | __main__:backup_task:186 - Error in backup task: name 'time' is not defined
2025-05-01 20:26:47 | ERROR    | __main__:backup_task:186 - Error in backup task: name 'time' is not defined
2025-05-01 20:26:47 | ERROR    | __main__:backup_task:186 - Error in backup task: name 'time' is not defined
2025-05-01 20:26:47 | ERROR    | __main__:backup_task:186 - Error in backup task: name 'time' is not defined
2025-05-01 20:26:47 | ERROR    | __main__:backup_task:186 - Error in backup task: name 'time' is not defined
2025-05-01 20:26:47 | ERROR    | __main__:backup_task:186 - Error in backup task: name 'time' is not defined
2025-05-01 20:26:47 | ERROR    | __main__:backup_task:186 - Error in backup task: name 'time' is not defined
2025-05-01 20:26:47 | ERROR    | __main__:backup_task:186 - Error in backup task: name 'time' is not defined
2025-05-01 20:26:47 | ERROR    | __main__:backup_task:186 - Error in backup task: name 'time' is not defined
2025-05-01 20:26:47 | ERROR    | __main__:backup_task:186 - Error in backup task: name 'time' is not defined
2025-05-01 20:26:47 | ERROR    | __main__:backup_task:186 - Error in backup task: name 'time' is not defined
2025-05-01 20:26:47 | ERROR    | __main__:backup_task:186 - Error in backup task: name 'time' is not defined
2025-05-01 20:26:47 | ERROR    | __main__:backup_task:186 - Error in backup task: name 'time' is not defined
2025-05-01 20:26:47 | ERROR    | __main__:backup_task:186 - Error in backup task: name 'time' is not defined
2025-05-01 20:26:47 | ERROR    | __main__:backup_task:186 - Error in backup task: name 'time' is not defined
2025-05-01 20:26:47 | ERROR    | __main__:backup_task:186 - Error in backup task: name 'time' is not defined
2025-05-01 20:26:47 | ERROR    | __main__:backup_task:186 - Error in backup task: name 'time' is not defined
2025-05-01 20:26:47 | ERROR    | __main__:backup_task:186 - Error in backup task: name 'time' is not defined
2025-05-01 20:26:47 | ERROR    | __main__:backup_task:186 - Error in backup task: name 'time' is not defined
2025-05-01 20:26:47 | ERROR    | __main__:backup_task:186 - Error in backup task: name 'time' is not defined
2025-05-01 20:26:47 | ERROR    | __main__:backup_task:186 - Error in backup task: name 'time' is not defined
2025-05-01 20:26:47 | ERROR    | __main__:backup_task:186 - Error in backup task: name 'time' is not defined
2025-05-01 20:26:47 | ERROR    | __main__:backup_task:186 - Error in backup task: name 'time' is not defined
2025-05-01 20:26:47 | ERROR    | __main__:backup_task:186 - Error in backup task: name 'time' is not defined
2025-05-01 20:26:47 | ERROR    | __main__:backup_task:186 - Error in backup task: name 'time' is not defined
2025-05-01 20:26:47 | ERROR    | __main__:backup_task:186 - Error in backup task: name 'time' is not defined
2025-05-01 20:26:47 | ERROR    | __main__:backup_task:186 - Error in backup task: name 'time' is not defined
2025-05-01 20:26:47 | ERROR    | __main__:backup_task:186 - Error in backup task: name 'time' is not defined
2025-05-01 20:26:47 | ERROR    | __main__:backup_task:186 - Error in backup task: name 'time' is not defined
2025-05-01 20:26:47 | ERROR    | __main__:backup_task:186 - Error in backup task: name 'time' is not defined
2025-05-01 20:26:47 | ERROR    | __main__:backup_task:186 - Error in backup task: name 'time' is not defined
2025-05-01 20:26:47 | ERROR    | __main__:backup_task:186 - Error in backup task: name 'time' is not defined
2025-05-01 20:26:47 | ERROR    | __main__:backup_task:186 - Error in backup task: name 'time' is not defined
2025-05-01 20:26:47 | ERROR    | __main__:backup_task:186 - Error in backup task: name 'time' is not defined
2025-05-01 20:26:47 | ERROR    | __main__:backup_task:186 - Error in backup task: name 'time' is not defined
2025-05-01 20:26:47 | ERROR    | __main__:backup_task:186 - Error in backup task: name 'time' is not defined
2025-05-01 20:26:47 | ERROR    | __main__:backup_task:186 - Error in backup task: name 'time' is not defined
2025-05-01 20:26:47 | ERROR    | __main__:backup_task:186 - Error in backup task: name 'time' is not defined
2025-05-01 20:26:47 | ERROR    | __main__:backup_task:186 - Error in backup task: name 'time' is not defined
2025-05-01 20:26:47 | ERROR    | __main__:backup_task:186 - Error in backup task: name 'time' is not defined
2025-05-01 20:26:47 | ERROR    | __main__:backup_task:186 - Error in backup task: name 'time' is not defined
2025-05-01 20:26:47 | ERROR    | __main__:backup_task:186 - Error in backup task: name 'time' is not defined
2025-05-01 20:26:47 | ERROR    | __main__:backup_task:186 - Error in backup task: name 'time' is not defined
2025-05-01 20:26:47 | ERROR    | __main__:backup_task:186 - Error in backup task: name 'time' is not defined
2025-05-01 20:26:47 | ERROR    | __main__:backup_task:186 - Error in backup task: name 'time' is not defined
2025-05-01 20:26:47 | ERROR    | __main__:backup_task:186 - Error in backup task: name 'time' is not defined
2025-05-01 20:26:47 | ERROR    | __main__:backup_task:186 - Error in backup task: name 'time' is not defined
2025-05-01 20:26:47 | ERROR    | __main__:backup_task:186 - Error in backup task: name 'time' is not defined
2025-05-01 20:26:47 | ERROR    | __main__:backup_task:186 - Error in backup task: name 'time' is not defined
2025-05-01 20:26:47 | ERROR    | __main__:backup_task:186 - Error in backup task: name 'time' is not defined
2025-05-01 20:26:47 | ERROR    | __main__:backup_task:186 - Error in backup task: name 'time' is not defined
2025-05-01 20:26:47 | ERROR    | __main__:backup_task:186 - Error in backup task: name 'time' is not defined
2025-05-01 20:26:47 | ERROR    | __main__:backup_task:186 - Error in backup task: name 'time' is not defined
2025-05-01 20:26:47 | ERROR    | __main__:backup_task:186 - Error in backup task: name 'time' is not defined
2025-05-01 20:26:47 | ERROR    | __main__:backup_task:186 - Error in backup task: name 'time' is not defined
2025-05-01 20:26:47 | ERROR    | __main__:backup_task:186 - Error in backup task: name 'time' is not defined
2025-05-01 20:26:47 | ERROR    | __main__:backup_task:186 - Error in backup task: name 'time' is not defined
2025-05-01 20:26:47 | ERROR    | __main__:backup_task:186 - Error in backup task: name 'time' is not defined
2025-05-01 20:26:47 | ERROR    | __main__:backup_task:186 - Error in backup task: name 'time' is not defined
2025-05-01 20:26:47 | ERROR    | __main__:backup_task:186 - Error in backup task: name 'time' is not defined
2025-05-01 20:26:47 | ERROR    | __main__:backup_task:186 - Error in backup task: name 'time' is not defined
2025-05-01 20:26:47 | ERROR    | __main__:backup_task:186 - Error in backup task: name 'time' is not defined
2025-05-01 20:26:47 | ERROR    | __main__:backup_task:186 - Error in backup task: name 'time' is not defined
2025-05-01 20:26:47 | ERROR    | __main__:backup_task:186 - Error in backup task: name 'time' is not defined
2025-05-01 20:26:47 | ERROR    | __main__:backup_task:186 - Error in backup task: name 'time' is not defined
2025-05-01 20:26:47 | ERROR    | __main__:backup_task:186 - Error in backup task: name 'time' is not defined
2025-05-01 20:26:47 | ERROR    | __main__:backup_task:186 - Error in backup task: name 'time' is not defined
2025-05-01 20:26:47 | ERROR    | __main__:backup_task:186 - Error in backup task: name 'time' is not defined
2025-05-01 20:26:47 | ERROR    | __main__:backup_task:186 - Error in backup task: name 'time' is not defined
2025-05-01 20:26:47 | ERROR    | __main__:backup_task:186 - Error in backup task: name 'time' is not defined
2025-05-01 20:26:47 | ERROR    | __main__:backup_task:186 - Error in backup task: name 'time' is not defined
2025-05-01 20:26:47 | ERROR    | __main__:backup_task:186 - Error in backup task: name 'time' is not defined
2025-05-01 20:26:47 | ERROR    | __main__:backup_task:186 - Error in backup task: name 'time' is not defined
2025-05-01 20:26:47 | ERROR    | __main__:backup_task:186 - Error in backup task: name 'time' is not defined
2025-05-01 20:26:47 | ERROR    | __main__:backup_task:186 - Error in backup task: name 'time' is not defined
2025-05-01 20:26:47 | ERROR    | __main__:backup_task:186 - Error in backup task: name 'time' is not defined
2025-05-01 20:26:47 | ERROR    | __main__:backup_task:186 - Error in backup task: name 'time' is not defined
2025-05-01 20:26:47 | ERROR    | __main__:backup_task:186 - Error in backup task: name 'time' is not defined
2025-05-01 20:26:47 | ERROR    | __main__:backup_task:186 - Error in backup task: name 'time' is not defined
2025-05-01 20:26:47 | ERROR    | __main__:backup_task:186 - Error in backup task: name 'time' is not defined
2025-05-01 20:26:47 | ERROR    | __main__:backup_task:186 - Error in backup task: name 'time' is not defined
2025-05-01 20:26:47 | ERROR    | __main__:backup_task:186 - Error in backup task: name 'time' is not defined
2025-05-01 20:26:47 | ERROR    | __main__:backup_task:186 - Error in backup task: name 'time' is not defined
2025-05-01 20:26:47 | ERROR    | __main__:backup_task:186 - Error in backup task: name 'time' is not defined
2025-05-01 20:26:47 | ERROR    | __main__:backup_task:186 - Error in backup task: name 'time' is not defined
2025-05-01 20:26:47 | ERROR    | __main__:backup_task:186 - Error in backup task: name 'time' is not defined
2025-05-01 20:26:47 | ERROR    | __main__:backup_task:186 - Error in backup task: name 'time' is not defined
2025-05-01 20:26:47 | ERROR    | __main__:backup_task:186 - Error in backup task: name 'time' is not defined
2025-05-01 20:26:47 | ERROR    | __main__:backup_task:186 - Error in backup task: name 'time' is not defined
2025-05-01 20:26:47 | ERROR    | __main__:backup_task:186 - Error in backup task: name 'time' is not defined
2025-05-01 20:26:47 | ERROR    | __main__:backup_task:186 - Error in backup task: name 'time' is not defined
2025-05-01 20:26:47 | ERROR    | __main__:backup_task:186 - Error in backup task: name 'time' is not defined
2025-05-01 20:26:47 | ERROR    | __main__:backup_task:186 - Error in backup task: name 'time' is not defined
2025-05-01 20:26:47 | ERROR    | __main__:backup_task:186 - Error in backup task: name 'time' is not defined
2025-05-01 20:26:47 | ERROR    | __main__:backup_task:186 - Error in backup task: name 'time' is not defined
2025-05-01 20:26:47 | ERROR    | __main__:backup_task:186 - Error in backup task: name 'time' is not defined
2025-05-01 20:26:47 | ERROR    | __main__:backup_task:186 - Error in backup task: name 'time' is not defined
2025-05-01 20:26:47 | ERROR    | __main__:backup_task:186 - Error in backup task: name 'time' is not defined
2025-05-01 20:26:47 | ERROR    | __main__:backup_task:186 - Error in backup task: name 'time' is not defined
2025-05-01 20:26:47 | ERROR    | __main__:backup_task:186 - Error in backup task: name 'time' is not defined
2025-05-01 20:26:47 | ERROR    | __main__:backup_task:186 - Error in backup task: name 'time' is not defined
2025-05-01 20:26:47 | ERROR    | __main__:backup_task:186 - Error in backup task: name 'time' is not defined
2025-05-01 20:26:47 | ERROR    | __main__:backup_task:186 - Error in backup task: name 'time' is not defined
2025-05-01 20:26:47 | ERROR    | __main__:backup_task:186 - Error in backup task: name 'time' is not defined
2025-05-01 20:26:47 | ERROR    | __main__:backup_task:186 - Error in backup task: name 'time' is not defined
2025-05-01 20:26:47 | ERROR    | __main__:backup_task:186 - Error in backup task: name 'time' is not defined
2025-05-01 20:26:47 | ERROR    | __main__:backup_task:186 - Error in backup task: name 'time' is not defined
2025-05-01 20:26:47 | ERROR    | __main__:backup_task:186 - Error in backup task: name 'time' is not defined
2025-05-01 20:26:47 | ERROR    | __main__:backup_task:186 - Error in backup task: name 'time' is not defined
2025-05-01 20:26:47 | ERROR    | __main__:backup_task:186 - Error in backup task: name 'time' is not defined
2025-05-01 20:26:47 | ERROR    | __main__:backup_task:186 - Error in backup task: name 'time' is not defined
2025-05-01 20:26:47 | ERROR    | __main__:backup_task:186 - Error in backup task: name 'time' is not defined
2025-05-01 20:26:47 | ERROR    | __main__:backup_task:186 - Error in backup task: name 'time' is not defined
2025-05-01 20:26:47 | ERROR    | __main__:backup_task:186 - Error in backup task: name 'time' is not defined
2025-05-01 20:26:47 | ERROR    | __main__:backup_task:186 - Error in backup task: name 'time' is not defined
2025-05-01 20:26:47 | ERROR    | __main__:backup_task:186 - Error in backup task: name 'time' is not defined
2025-05-01 20:26:47 | ERROR    | __main__:backup_task:186 - Error in backup task: name 'time' is not defined
2025-05-01 20:26:47 | ERROR    | __main__:backup_task:186 - Error in backup task: name 'time' is not defined
2025-05-01 20:26:47 | ERROR    | __main__:backup_task:186 - Error in backup task: name 'time' is not defined
2025-05-01 20:26:47 | ERROR    | __main__:backup_task:186 - Error in backup task: name 'time' is not defined
2025-05-01 20:26:47 | ERROR    | __main__:backup_task:186 - Error in backup task: name 'time' is not defined
2025-05-01 20:26:47 | ERROR    | __main__:backup_task:186 - Error in backup task: name 'time' is not defined
2025-05-01 20:26:47 | ERROR    | __main__:backup_task:186 - Error in backup task: name 'time' is not defined
2025-05-01 20:26:47 | ERROR    | __main__:backup_task:186 - Error in backup task: name 'time' is not defined
2025-05-01 20:26:47 | ERROR    | __main__:backup_task:186 - Error in backup task: name 'time' is not defined
2025-05-01 20:26:47 | ERROR    | __main__:backup_task:186 - Error in backup task: name 'time' is not defined
2025-05-01 20:26:47 | ERROR    | __main__:backup_task:186 - Error in backup task: name 'time' is not defined
2025-05-01 20:26:47 | ERROR    | __main__:backup_task:186 - Error in backup task: name 'time' is not defined
2025-05-01 20:26:47 | ERROR    | __main__:backup_task:186 - Error in backup task: name 'time' is not defined
2025-05-01 20:26:47 | ERROR    | __main__:backup_task:186 - Error in backup task: name 'time' is not defined
2025-05-01 20:26:47 | ERROR    | __main__:backup_task:186 - Error in backup task: name 'time' is not defined
2025-05-01 20:26:47 | ERROR    | __main__:backup_task:186 - Error in backup task: name 'time' is not defined
2025-05-01 20:26:47 | ERROR    | __main__:backup_task:186 - Error in backup task: name 'time' is not defined
2025-05-01 20:26:47 | ERROR    | __main__:backup_task:186 - Error in backup task: name 'time' is not defined
2025-05-01 20:26:47 | ERROR    | __main__:backup_task:186 - Error in backup task: name 'time' is not defined
2025-05-01 20:26:47 | ERROR    | __main__:backup_task:186 - Error in backup task: name 'time' is not defined
2025-05-01 20:26:47 | ERROR    | __main__:backup_task:186 - Error in backup task: name 'time' is not defined
2025-05-01 20:26:47 | ERROR    | __main__:backup_task:186 - Error in backup task: name 'time' is not defined
2025-05-01 20:26:47 | ERROR    | __main__:backup_task:186 - Error in backup task: name 'time' is not defined
2025-05-01 20:26:47 | ERROR    | __main__:backup_task:186 - Error in backup task: name 'time' is not defined
2025-05-01 20:26:47 | ERROR    | __main__:backup_task:186 - Error in backup task: name 'time' is not defined
2025-05-01 20:26:47 | ERROR    | __main__:backup_task:186 - Error in backup task: name 'time' is not defined
2025-05-01 20:26:47 | ERROR    | __main__:backup_task:186 - Error in backup task: name 'time' is not defined
2025-05-01 20:26:47 | ERROR    | __main__:backup_task:186 - Error in backup task: name 'time' is not defined
2025-05-01 20:26:47 | ERROR    | __main__:backup_task:186 - Error in backup task: name 'time' is not defined
2025-05-01 20:26:47 | ERROR    | __main__:backup_task:186 - Error in backup task: name 'time' is not defined
2025-05-01 20:26:47 | ERROR    | __main__:backup_task:186 - Error in backup task: name 'time' is not defined
2025-05-01 20:26:47 | ERROR    | __main__:backup_task:186 - Error in backup task: name 'time' is not defined
2025-05-01 20:26:47 | ERROR    | __main__:backup_task:186 - Error in backup task: name 'time' is not defined
2025-05-01 20:26:47 | ERROR    | __main__:backup_task:186 - Error in backup task: name 'time' is not defined
2025-05-01 20:26:47 | ERROR    | __main__:backup_task:186 - Error in backup task: name 'time' is not defined
2025-05-01 20:26:47 | ERROR    | __main__:backup_task:186 - Error in backup task: name 'time' is not defined
2025-05-01 20:26:47 | ERROR    | __main__:backup_task:186 - Error in backup task: name 'time' is not defined
2025-05-01 20:26:47 | ERROR    | __main__:backup_task:186 - Error in backup task: name 'time' is not defined
2025-05-01 20:26:47 | ERROR    | __main__:backup_task:186 - Error in backup task: name 'time' is not defined
2025-05-01 20:26:47 | ERROR    | __main__:backup_task:186 - Error in backup task: name 'time' is not defined
2025-05-01 20:26:47 | ERROR    | __main__:backup_task:186 - Error in backup task: name 'time' is not defined
2025-05-01 20:26:47 | ERROR    | __main__:backup_task:186 - Error in backup task: name 'time' is not defined
2025-05-01 20:26:47 | ERROR    | __main__:backup_task:186 - Error in backup task: name 'time' is not defined
2025-05-01 20:26:47 | ERROR    | __main__:backup_task:186 - Error in backup task: name 'time' is not defined
2025-05-01 20:26:47 | ERROR    | __main__:backup_task:186 - Error in backup task: name 'time' is not defined
2025-05-01 20:26:47 | ERROR    | __main__:backup_task:186 - Error in backup task: name 'time' is not defined
2025-05-01 20:26:47 | ERROR    | __main__:backup_task:186 - Error in backup task: name 'time' is not defined
2025-05-01 20:26:47 | ERROR    | __main__:backup_task:186 - Error in backup task: name 'time' is not defined
2025-05-01 20:26:47 | ERROR    | __main__:backup_task:186 - Error in backup task: name 'time' is not defined
2025-05-01 20:26:47 | ERROR    | __main__:backup_task:186 - Error in backup task: name 'time' is not defined
2025-05-01 20:26:47 | ERROR    | __main__:backup_task:186 - Error in backup task: name 'time' is not defined
2025-05-01 20:26:47 | ERROR    | __main__:backup_task:186 - Error in backup task: name 'time' is not defined
2025-05-01 20:26:47 | ERROR    | __main__:backup_task:186 - Error in backup task: name 'time' is not defined
2025-05-01 20:26:47 | ERROR    | __main__:backup_task:186 - Error in backup task: name 'time' is not defined
2025-05-01 20:26:47 | ERROR    | __main__:backup_task:186 - Error in backup task: name 'time' is not defined
2025-05-01 20:26:47 | ERROR    | __main__:backup_task:186 - Error in backup task: name 'time' is not defined
2025-05-01 20:26:47 | ERROR    | __main__:backup_task:186 - Error in backup task: name 'time' is not defined
2025-05-01 20:26:47 | ERROR    | __main__:backup_task:186 - Error in backup task: name 'time' is not defined
2025-05-01 20:26:47 | ERROR    | __main__:backup_task:186 - Error in backup task: name 'time' is not defined
2025-05-01 20:26:47 | ERROR    | __main__:backup_task:186 - Error in backup task: name 'time' is not defined
2025-05-01 20:26:47 | ERROR    | __main__:backup_task:186 - Error in backup task: name 'time' is not defined
2025-05-01 20:26:47 | ERROR    | __main__:backup_task:186 - Error in backup task: name 'time' is not defined
2025-05-01 20:26:47 | ERROR    | __main__:backup_task:186 - Error in backup task: name 'time' is not defined
2025-05-01 20:26:47 | ERROR    | __main__:backup_task:186 - Error in backup task: name 'time' is not defined
2025-05-01 20:26:47 | ERROR    | __main__:backup_task:186 - Error in backup task: name 'time' is not defined
2025-05-01 20:26:47 | ERROR    | __main__:backup_task:186 - Error in backup task: name 'time' is not defined
2025-05-01 20:26:47 | ERROR    | __main__:backup_task:186 - Error in backup task: name 'time' is not defined
2025-05-01 20:26:47 | ERROR    | __main__:backup_task:186 - Error in backup task: name 'time' is not defined
2025-05-01 20:26:47 | ERROR    | __main__:backup_task:186 - Error in backup task: name 'time' is not defined
2025-05-01 20:26:47 | ERROR    | __main__:backup_task:186 - Error in backup task: name 'time' is not defined
2025-05-01 20:26:47 | ERROR    | __main__:backup_task:186 - Error in backup task: name 'time' is not defined
2025-05-01 20:26:47 | ERROR    | __main__:backup_task:186 - Error in backup task: name 'time' is not defined
2025-05-01 20:26:47 | ERROR    | __main__:backup_task:186 - Error in backup task: name 'time' is not defined
2025-05-01 20:26:47 | ERROR    | __main__:backup_task:186 - Error in backup task: name 'time' is not defined
2025-05-01 20:26:47 | ERROR    | __main__:backup_task:186 - Error in backup task: name 'time' is not defined
2025-05-01 20:26:47 | ERROR    | __main__:backup_task:186 - Error in backup task: name 'time' is not defined
2025-05-01 20:26:47 | ERROR    | __main__:backup_task:186 - Error in backup task: name 'time' is not defined
2025-05-01 20:26:47 | ERROR    | __main__:backup_task:186 - Error in backup task: name 'time' is not defined
2025-05-01 20:26:47 | ERROR    | __main__:backup_task:186 - Error in backup task: name 'time' is not defined
2025-05-01 20:26:47 | ERROR    | __main__:backup_task:186 - Error in backup task: name 'time' is not defined
2025-05-01 20:26:47 | ERROR    | __main__:backup_task:186 - Error in backup task: name 'time' is not defined
2025-05-01 20:26:47 | ERROR    | __main__:backup_task:186 - Error in backup task: name 'time' is not defined
2025-05-01 20:26:47 | ERROR    | __main__:backup_task:186 - Error in backup task: name 'time' is not defined
2025-05-01 20:26:47 | ERROR    | __main__:backup_task:186 - Error in backup task: name 'time' is not defined
2025-05-01 20:26:47 | ERROR    | __main__:backup_task:186 - Error in backup task: name 'time' is not defined
2025-05-01 20:26:47 | ERROR    | __main__:backup_task:186 - Error in backup task: name 'time' is not defined
2025-05-01 20:26:47 | ERROR    | __main__:backup_task:186 - Error in backup task: name 'time' is not defined
2025-05-01 20:26:47 | ERROR    | __main__:backup_task:186 - Error in backup task: name 'time' is not defined
2025-05-01 20:26:47 | ERROR    | __main__:backup_task:186 - Error in backup task: name 'time' is not defined
2025-05-01 20:26:47 | ERROR    | __main__:backup_task:186 - Error in backup task: name 'time' is not defined
2025-05-01 20:26:47 | ERROR    | __main__:backup_task:186 - Error in backup task: name 'time' is not defined
2025-05-01 20:26:47 | ERROR    | __main__:backup_task:186 - Error in backup task: name 'time' is not defined
2025-05-01 20:26:47 | ERROR    | __main__:backup_task:186 - Error in backup task: name 'time' is not defined
2025-05-01 20:26:47 | ERROR    | __main__:backup_task:186 - Error in backup task: name 'time' is not defined
2025-05-01 20:26:47 | ERROR    | __main__:backup_task:186 - Error in backup task: name 'time' is not defined
2025-05-01 20:26:47 | ERROR    | __main__:backup_task:186 - Error in backup task: name 'time' is not defined
2025-05-01 20:26:47 | ERROR    | __main__:backup_task:186 - Error in backup task: name 'time' is not defined
2025-05-01 20:26:47 | ERROR    | __main__:backup_task:186 - Error in backup task: name 'time' is not defined
2025-05-01 20:26:47 | ERROR    | __main__:backup_task:186 - Error in backup task: name 'time' is not defined
2025-05-01 20:26:47 | ERROR    | __main__:backup_task:186 - Error in backup task: name 'time' is not defined
2025-05-01 20:26:47 | ERROR    | __main__:backup_task:186 - Error in backup task: name 'time' is not defined
2025-05-01 20:26:47 | ERROR    | __main__:backup_task:186 - Error in backup task: name 'time' is not defined
2025-05-01 20:26:47 | ERROR    | __main__:backup_task:186 - Error in backup task: name 'time' is not defined
2025-05-01 20:26:47 | ERROR    | __main__:backup_task:186 - Error in backup task: name 'time' is not defined
2025-05-01 20:26:47 | ERROR    | __main__:backup_task:186 - Error in backup task: name 'time' is not defined
2025-05-01 20:26:47 | ERROR    | __main__:backup_task:186 - Error in backup task: name 'time' is not defined
2025-05-01 20:26:47 | ERROR    | __main__:backup_task:186 - Error in backup task: name 'time' is not defined
2025-05-01 20:26:47 | ERROR    | __main__:backup_task:186 - Error in backup task: name 'time' is not defined
2025-05-01 20:26:47 | ERROR    | __main__:backup_task:186 - Error in backup task: name 'time' is not defined
2025-05-01 20:26:47 | ERROR    | __main__:backup_task:186 - Error in backup task: name 'time' is not defined
2025-05-01 20:26:47 | ERROR    | __main__:backup_task:186 - Error in backup task: name 'time' is not defined
2025-05-01 20:26:47 | ERROR    | __main__:backup_task:186 - Error in backup task: name 'time' is not defined
2025-05-01 20:26:47 | ERROR    | __main__:backup_task:186 - Error in backup task: name 'time' is not defined
2025-05-01 20:26:47 | ERROR    | __main__:backup_task:186 - Error in backup task: name 'time' is not defined
2025-05-01 20:26:47 | ERROR    | __main__:backup_task:186 - Error in backup task: name 'time' is not defined
2025-05-01 20:26:47 | ERROR    | __main__:backup_task:186 - Error in backup task: name 'time' is not defined
2025-05-01 20:26:47 | ERROR    | __main__:backup_task:186 - Error in backup task: name 'time' is not defined
2025-05-01 20:26:47 | ERROR    | __main__:backup_task:186 - Error in backup task: name 'time' is not defined
2025-05-01 20:26:47 | ERROR    | __main__:backup_task:186 - Error in backup task: name 'time' is not defined
2025-05-01 20:26:47 | ERROR    | __main__:backup_task:186 - Error in backup task: name 'time' is not defined
2025-05-01 20:26:47 | ERROR    | __main__:backup_task:186 - Error in backup task: name 'time' is not defined
2025-05-01 20:26:47 | ERROR    | __main__:backup_task:186 - Error in backup task: name 'time' is not defined
2025-05-01 20:26:47 | ERROR    | __main__:backup_task:186 - Error in backup task: name 'time' is not defined
2025-05-01 20:26:47 | ERROR    | __main__:backup_task:186 - Error in backup task: name 'time' is not defined
2025-05-01 20:26:47 | ERROR    | __main__:backup_task:186 - Error in backup task: name 'time' is not defined
2025-05-01 20:26:47 | ERROR    | __main__:backup_task:186 - Error in backup task: name 'time' is not defined
2025-05-01 20:26:47 | ERROR    | __main__:backup_task:186 - Error in backup task: name 'time' is not defined
2025-05-01 20:26:47 | ERROR    | __main__:backup_task:186 - Error in backup task: name 'time' is not defined
2025-05-01 20:26:47 | ERROR    | __main__:backup_task:186 - Error in backup task: name 'time' is not defined
2025-05-01 20:26:47 | ERROR    | __main__:backup_task:186 - Error in backup task: name 'time' is not defined
2025-05-01 20:26:47 | ERROR    | __main__:backup_task:186 - Error in backup task: name 'time' is not defined
2025-05-01 20:26:47 | ERROR    | __main__:backup_task:186 - Error in backup task: name 'time' is not defined
2025-05-01 20:26:47 | ERROR    | __main__:backup_task:186 - Error in backup task: name 'time' is not defined
2025-05-01 20:26:47 | ERROR    | __main__:backup_task:186 - Error in backup task: name 'time' is not defined
2025-05-01 20:26:47 | ERROR    | __main__:backup_task:186 - Error in backup task: name 'time' is not defined
2025-05-01 20:26:47 | ERROR    | __main__:backup_task:186 - Error in backup task: name 'time' is not defined
2025-05-01 20:26:47 | ERROR    | __main__:backup_task:186 - Error in backup task: name 'time' is not defined
2025-05-01 20:26:47 | ERROR    | __main__:backup_task:186 - Error in backup task: name 'time' is not defined
2025-05-01 20:26:47 | ERROR    | __main__:backup_task:186 - Error in backup task: name 'time' is not defined
2025-05-01 20:26:47 | ERROR    | __main__:backup_task:186 - Error in backup task: name 'time' is not defined
2025-05-01 20:26:47 | ERROR    | __main__:backup_task:186 - Error in backup task: name 'time' is not defined
2025-05-01 20:26:47 | ERROR    | __main__:backup_task:186 - Error in backup task: name 'time' is not defined
2025-05-01 20:26:47 | ERROR    | __main__:backup_task:186 - Error in backup task: name 'time' is not defined
2025-05-01 20:26:47 | ERROR    | __main__:backup_task:186 - Error in backup task: name 'time' is not defined
2025-05-01 20:26:47 | ERROR    | __main__:backup_task:186 - Error in backup task: name 'time' is not defined
2025-05-01 20:26:47 | ERROR    | __main__:backup_task:186 - Error in backup task: name 'time' is not defined
2025-05-01 20:26:47 | ERROR    | __main__:backup_task:186 - Error in backup task: name 'time' is not defined
2025-05-01 20:26:47 | ERROR    | __main__:backup_task:186 - Error in backup task: name 'time' is not defined
2025-05-01 20:26:47 | ERROR    | __main__:backup_task:186 - Error in backup task: name 'time' is not defined
2025-05-01 20:26:47 | ERROR    | __main__:backup_task:186 - Error in backup task: name 'time' is not defined
2025-05-01 20:26:47 | ERROR    | __main__:backup_task:186 - Error in backup task: name 'time' is not defined
2025-05-01 20:26:47 | ERROR    | __main__:backup_task:186 - Error in backup task: name 'time' is not defined
2025-05-01 20:26:47 | ERROR    | __main__:backup_task:186 - Error in backup task: name 'time' is not defined
2025-05-01 20:26:47 | ERROR    | __main__:backup_task:186 - Error in backup task: name 'time' is not defined
2025-05-01 20:26:47 | ERROR    | __main__:backup_task:186 - Error in backup task: name 'time' is not defined
2025-05-01 20:26:47 | ERROR    | __main__:backup_task:186 - Error in backup task: name 'time' is not defined
2025-05-01 20:26:47 | ERROR    | __main__:backup_task:186 - Error in backup task: name 'time' is not defined
2025-05-01 20:26:47 | ERROR    | __main__:backup_task:186 - Error in backup task: name 'time' is not defined
2025-05-01 20:26:47 | ERROR    | __main__:backup_task:186 - Error in backup task: name 'time' is not defined
2025-05-01 20:26:47 | ERROR    | __main__:backup_task:186 - Error in backup task: name 'time' is not defined
2025-05-01 20:26:47 | ERROR    | __main__:backup_task:186 - Error in backup task: name 'time' is not defined
2025-05-01 20:26:47 | ERROR    | __main__:backup_task:186 - Error in backup task: name 'time' is not defined
2025-05-01 20:26:47 | ERROR    | __main__:backup_task:186 - Error in backup task: name 'time' is not defined
2025-05-01 20:26:47 | ERROR    | __main__:backup_task:186 - Error in backup task: name 'time' is not defined
2025-05-01 20:26:47 | ERROR    | __main__:backup_task:186 - Error in backup task: name 'time' is not defined
2025-05-01 20:26:47 | ERROR    | __main__:backup_task:186 - Error in backup task: name 'time' is not defined
2025-05-01 20:26:47 | ERROR    | __main__:backup_task:186 - Error in backup task: name 'time' is not defined
2025-05-01 20:26:47 | ERROR    | __main__:backup_task:186 - Error in backup task: name 'time' is not defined
2025-05-01 20:26:47 | ERROR    | __main__:backup_task:186 - Error in backup task: name 'time' is not defined
2025-05-01 20:26:47 | ERROR    | __main__:backup_task:186 - Error in backup task: name 'time' is not defined
2025-05-01 20:26:47 | ERROR    | __main__:backup_task:186 - Error in backup task: name 'time' is not defined
2025-05-01 20:26:47 | ERROR    | __main__:backup_task:186 - Error in backup task: name 'time' is not defined
2025-05-01 20:26:47 | ERROR    | __main__:backup_task:186 - Error in backup task: name 'time' is not defined
2025-05-01 20:26:47 | ERROR    | __main__:backup_task:186 - Error in backup task: name 'time' is not defined
2025-05-01 20:26:47 | ERROR    | __main__:backup_task:186 - Error in backup task: name 'time' is not defined
2025-05-01 20:26:47 | ERROR    | __main__:backup_task:186 - Error in backup task: name 'time' is not defined
2025-05-01 20:26:47 | ERROR    | __main__:backup_task:186 - Error in backup task: name 'time' is not defined
2025-05-01 20:26:47 | ERROR    | __main__:backup_task:186 - Error in backup task: name 'time' is not defined
2025-05-01 20:26:47 | ERROR    | __main__:backup_task:186 - Error in backup task: name 'time' is not defined
2025-05-01 20:26:47 | ERROR    | __main__:backup_task:186 - Error in backup task: name 'time' is not defined
2025-05-01 20:26:47 | ERROR    | __main__:backup_task:186 - Error in backup task: name 'time' is not defined
2025-05-01 20:26:47 | ERROR    | __main__:backup_task:186 - Error in backup task: name 'time' is not defined
2025-05-01 20:26:47 | ERROR    | __main__:backup_task:186 - Error in backup task: name 'time' is not defined
2025-05-01 20:26:47 | ERROR    | __main__:backup_task:186 - Error in backup task: name 'time' is not defined
2025-05-01 20:26:47 | ERROR    | __main__:backup_task:186 - Error in backup task: name 'time' is not defined
2025-05-01 20:26:47 | ERROR    | __main__:backup_task:186 - Error in backup task: name 'time' is not defined
2025-05-01 20:26:47 | ERROR    | __main__:backup_task:186 - Error in backup task: name 'time' is not defined
2025-05-01 20:26:47 | ERROR    | __main__:backup_task:186 - Error in backup task: name 'time' is not defined
2025-05-01 20:26:47 | ERROR    | __main__:backup_task:186 - Error in backup task: name 'time' is not defined
2025-05-01 20:26:47 | ERROR    | __main__:backup_task:186 - Error in backup task: name 'time' is not defined
2025-05-01 20:26:47 | ERROR    | __main__:backup_task:186 - Error in backup task: name 'time' is not defined
2025-05-01 20:26:47 | ERROR    | __main__:backup_task:186 - Error in backup task: name 'time' is not defined
2025-05-01 20:26:47 | ERROR    | __main__:backup_task:186 - Error in backup task: name 'time' is not defined
2025-05-01 20:26:47 | ERROR    | __main__:backup_task:186 - Error in backup task: name 'time' is not defined
2025-05-01 20:26:47 | ERROR    | __main__:backup_task:186 - Error in backup task: name 'time' is not defined
2025-05-01 20:26:47 | ERROR    | __main__:backup_task:186 - Error in backup task: name 'time' is not defined
2025-05-01 20:26:47 | ERROR    | __main__:backup_task:186 - Error in backup task: name 'time' is not defined
2025-05-01 20:26:47 | ERROR    | __main__:backup_task:186 - Error in backup task: name 'time' is not defined
2025-05-01 20:26:47 | ERROR    | __main__:backup_task:186 - Error in backup task: name 'time' is not defined
2025-05-01 20:26:47 | ERROR    | __main__:backup_task:186 - Error in backup task: name 'time' is not defined
2025-05-01 20:26:47 | ERROR    | __main__:backup_task:186 - Error in backup task: name 'time' is not defined
2025-05-01 20:26:47 | ERROR    | __main__:backup_task:186 - Error in backup task: name 'time' is not defined
2025-05-01 20:26:47 | ERROR    | __main__:backup_task:186 - Error in backup task: name 'time' is not defined
2025-05-01 20:26:47 | ERROR    | __main__:backup_task:186 - Error in backup task: name 'time' is not defined
2025-05-01 20:26:47 | ERROR    | __main__:backup_task:186 - Error in backup task: name 'time' is not defined
2025-05-01 20:26:47 | ERROR    | __main__:backup_task:186 - Error in backup task: name 'time' is not defined
2025-05-01 20:26:47 | ERROR    | __main__:backup_task:186 - Error in backup task: name 'time' is not defined
2025-05-01 20:26:47 | ERROR    | __main__:backup_task:186 - Error in backup task: name 'time' is not defined
2025-05-01 20:26:47 | ERROR    | __main__:backup_task:186 - Error in backup task: name 'time' is not defined
2025-05-01 20:26:47 | ERROR    | __main__:backup_task:186 - Error in backup task: name 'time' is not defined
2025-05-01 20:26:47 | ERROR    | __main__:backup_task:186 - Error in backup task: name 'time' is not defined
2025-05-01 20:26:47 | ERROR    | __main__:backup_task:186 - Error in backup task: name 'time' is not defined
2025-05-01 20:26:47 | ERROR    | __main__:backup_task:186 - Error in backup task: name 'time' is not defined
2025-05-01 20:26:47 | ERROR    | __main__:backup_task:186 - Error in backup task: name 'time' is not defined
2025-05-01 20:26:47 | ERROR    | __main__:backup_task:186 - Error in backup task: name 'time' is not defined
2025-05-01 20:26:47 | ERROR    | __main__:backup_task:186 - Error in backup task: name 'time' is not defined
2025-05-01 20:26:47 | ERROR    | __main__:backup_task:186 - Error in backup task: name 'time' is not defined
2025-05-01 20:26:47 | ERROR    | __main__:backup_task:186 - Error in backup task: name 'time' is not defined
2025-05-01 20:26:47 | ERROR    | __main__:backup_task:186 - Error in backup task: name 'time' is not defined
2025-05-01 20:26:47 | ERROR    | __main__:backup_task:186 - Error in backup task: name 'time' is not defined
2025-05-01 20:26:47 | ERROR    | __main__:backup_task:186 - Error in backup task: name 'time' is not defined
2025-05-01 20:26:47 | ERROR    | __main__:backup_task:186 - Error in backup task: name 'time' is not defined
2025-05-01 20:26:47 | ERROR    | __main__:backup_task:186 - Error in backup task: name 'time' is not defined
2025-05-01 20:26:47 | ERROR    | __main__:backup_task:186 - Error in backup task: name 'time' is not defined
2025-05-01 20:26:47 | ERROR    | __main__:backup_task:186 - Error in backup task: name 'time' is not defined
2025-05-01 20:26:47 | ERROR    | __main__:backup_task:186 - Error in backup task: name 'time' is not defined
2025-05-01 20:26:47 | ERROR    | __main__:backup_task:186 - Error in backup task: name 'time' is not defined
2025-05-01 20:26:47 | ERROR    | __main__:backup_task:186 - Error in backup task: name 'time' is not defined
2025-05-01 20:26:47 | ERROR    | __main__:backup_task:186 - Error in backup task: name 'time' is not defined
2025-05-01 20:26:47 | ERROR    | __main__:backup_task:186 - Error in backup task: name 'time' is not defined
2025-05-01 20:26:47 | ERROR    | __main__:backup_task:186 - Error in backup task: name 'time' is not defined
2025-05-01 20:26:47 | ERROR    | __main__:backup_task:186 - Error in backup task: name 'time' is not defined
2025-05-01 20:26:47 | ERROR    | __main__:backup_task:186 - Error in backup task: name 'time' is not defined
2025-05-01 20:26:47 | ERROR    | __main__:backup_task:186 - Error in backup task: name 'time' is not defined
2025-05-01 20:26:47 | ERROR    | __main__:backup_task:186 - Error in backup task: name 'time' is not defined
2025-05-01 20:26:47 | ERROR    | __main__:backup_task:186 - Error in backup task: name 'time' is not defined
2025-05-01 20:26:47 | ERROR    | __main__:backup_task:186 - Error in backup task: name 'time' is not defined
2025-05-01 20:26:47 | ERROR    | __main__:backup_task:186 - Error in backup task: name 'time' is not defined
2025-05-01 20:26:47 | ERROR    | __main__:backup_task:186 - Error in backup task: name 'time' is not defined
2025-05-01 20:26:47 | ERROR    | __main__:backup_task:186 - Error in backup task: name 'time' is not defined
2025-05-01 20:26:47 | ERROR    | __main__:backup_task:186 - Error in backup task: name 'time' is not defined
2025-05-01 20:26:47 | ERROR    | __main__:backup_task:186 - Error in backup task: name 'time' is not defined
2025-05-01 20:26:47 | ERROR    | __main__:backup_task:186 - Error in backup task: name 'time' is not defined
2025-05-01 20:26:47 | ERROR    | __main__:backup_task:186 - Error in backup task: name 'time' is not defined
2025-05-01 20:26:47 | ERROR    | __main__:backup_task:186 - Error in backup task: name 'time' is not defined
2025-05-01 20:26:47 | ERROR    | __main__:backup_task:186 - Error in backup task: name 'time' is not defined
2025-05-01 20:26:47 | ERROR    | __main__:backup_task:186 - Error in backup task: name 'time' is not defined
2025-05-01 20:26:47 | ERROR    | __main__:backup_task:186 - Error in backup task: name 'time' is not defined
2025-05-01 20:26:47 | ERROR    | __main__:backup_task:186 - Error in backup task: name 'time' is not defined
2025-05-01 20:26:47 | ERROR    | __main__:backup_task:186 - Error in backup task: name 'time' is not defined
2025-05-01 20:26:47 | ERROR    | __main__:backup_task:186 - Error in backup task: name 'time' is not defined
2025-05-01 20:26:47 | ERROR    | __main__:backup_task:186 - Error in backup task: name 'time' is not defined
2025-05-01 20:26:47 | ERROR    | __main__:backup_task:186 - Error in backup task: name 'time' is not defined
2025-05-01 20:26:47 | ERROR    | __main__:backup_task:186 - Error in backup task: name 'time' is not defined
2025-05-01 20:26:47 | ERROR    | __main__:backup_task:186 - Error in backup task: name 'time' is not defined
2025-05-01 20:26:47 | ERROR    | __main__:backup_task:186 - Error in backup task: name 'time' is not defined
2025-05-01 20:26:47 | ERROR    | __main__:backup_task:186 - Error in backup task: name 'time' is not defined
2025-05-01 20:26:47 | ERROR    | __main__:backup_task:186 - Error in backup task: name 'time' is not defined
2025-05-01 20:26:47 | ERROR    | __main__:backup_task:186 - Error in backup task: name 'time' is not defined
2025-05-01 20:26:47 | ERROR    | __main__:backup_task:186 - Error in backup task: name 'time' is not defined
2025-05-01 20:26:47 | ERROR    | __main__:backup_task:186 - Error in backup task: name 'time' is not defined
2025-05-01 20:26:47 | ERROR    | __main__:backup_task:186 - Error in backup task: name 'time' is not defined
2025-05-01 20:26:47 | ERROR    | __main__:backup_task:186 - Error in backup task: name 'time' is not defined
2025-05-01 20:26:47 | ERROR    | __main__:backup_task:186 - Error in backup task: name 'time' is not defined
2025-05-01 20:26:47 | ERROR    | __main__:backup_task:186 - Error in backup task: name 'time' is not defined
2025-05-01 20:26:47 | ERROR    | __main__:backup_task:186 - Error in backup task: name 'time' is not defined
2025-05-01 20:26:47 | ERROR    | __main__:backup_task:186 - Error in backup task: name 'time' is not defined
2025-05-01 20:26:47 | ERROR    | __main__:backup_task:186 - Error in backup task: name 'time' is not defined
2025-05-01 20:26:47 | ERROR    | __main__:backup_task:186 - Error in backup task: name 'time' is not defined
2025-05-01 20:26:47 | ERROR    | __main__:backup_task:186 - Error in backup task: name 'time' is not defined
2025-05-01 20:26:47 | ERROR    | __main__:backup_task:186 - Error in backup task: name 'time' is not defined
2025-05-01 20:26:47 | ERROR    | __main__:backup_task:186 - Error in backup task: name 'time' is not defined
2025-05-01 20:26:47 | ERROR    | __main__:backup_task:186 - Error in backup task: name 'time' is not defined
2025-05-01 20:26:47 | ERROR    | __main__:backup_task:186 - Error in backup task: name 'time' is not defined
2025-05-01 20:26:47 | ERROR    | __main__:backup_task:186 - Error in backup task: name 'time' is not defined
2025-05-01 20:26:47 | ERROR    | __main__:backup_task:186 - Error in backup task: name 'time' is not defined
2025-05-01 20:26:47 | ERROR    | __main__:backup_task:186 - Error in backup task: name 'time' is not defined
2025-05-01 20:26:47 | ERROR    | __main__:backup_task:186 - Error in backup task: name 'time' is not defined
2025-05-01 20:26:47 | ERROR    | __main__:backup_task:186 - Error in backup task: name 'time' is not defined
2025-05-01 20:26:47 | ERROR    | __main__:backup_task:186 - Error in backup task: name 'time' is not defined
2025-05-01 20:26:47 | ERROR    | __main__:backup_task:186 - Error in backup task: name 'time' is not defined
2025-05-01 20:26:47 | ERROR    | __main__:backup_task:186 - Error in backup task: name 'time' is not defined
2025-05-01 20:26:47 | ERROR    | __main__:backup_task:186 - Error in backup task: name 'time' is not defined
2025-05-01 20:26:47 | ERROR    | __main__:backup_task:186 - Error in backup task: name 'time' is not defined
2025-05-01 20:26:47 | ERROR    | __main__:backup_task:186 - Error in backup task: name 'time' is not defined
2025-05-01 20:26:47 | ERROR    | __main__:backup_task:186 - Error in backup task: name 'time' is not defined
2025-05-01 20:26:47 | ERROR    | __main__:backup_task:186 - Error in backup task: name 'time' is not defined
2025-05-01 20:26:47 | ERROR    | __main__:backup_task:186 - Error in backup task: name 'time' is not defined
2025-05-01 20:26:47 | ERROR    | __main__:backup_task:186 - Error in backup task: name 'time' is not defined
2025-05-01 20:26:47 | ERROR    | __main__:backup_task:186 - Error in backup task: name 'time' is not defined
2025-05-01 20:26:47 | ERROR    | __main__:backup_task:186 - Error in backup task: name 'time' is not defined
2025-05-01 20:26:47 | ERROR    | __main__:backup_task:186 - Error in backup task: name 'time' is not defined
2025-05-01 20:26:47 | ERROR    | __main__:backup_task:186 - Error in backup task: name 'time' is not defined
2025-05-01 20:26:47 | ERROR    | __main__:backup_task:186 - Error in backup task: name 'time' is not defined
2025-05-01 20:26:47 | ERROR    | __main__:backup_task:186 - Error in backup task: name 'time' is not defined
2025-05-01 20:26:47 | ERROR    | __main__:backup_task:186 - Error in backup task: name 'time' is not defined
2025-05-01 20:26:47 | ERROR    | __main__:backup_task:186 - Error in backup task: name 'time' is not defined
2025-05-01 20:26:47 | ERROR    | __main__:backup_task:186 - Error in backup task: name 'time' is not defined
2025-05-01 20:26:47 | ERROR    | __main__:backup_task:186 - Error in backup task: name 'time' is not defined
2025-05-01 20:26:47 | ERROR    | __main__:backup_task:186 - Error in backup task: name 'time' is not defined
2025-05-01 20:26:47 | ERROR    | __main__:backup_task:186 - Error in backup task: name 'time' is not defined
2025-05-01 20:26:47 | ERROR    | __main__:backup_task:186 - Error in backup task: name 'time' is not defined
2025-05-01 20:26:47 | ERROR    | __main__:backup_task:186 - Error in backup task: name 'time' is not defined
2025-05-01 20:26:47 | ERROR    | __main__:backup_task:186 - Error in backup task: name 'time' is not defined
2025-05-01 20:26:47 | ERROR    | __main__:backup_task:186 - Error in backup task: name 'time' is not defined
2025-05-01 20:26:47 | ERROR    | __main__:backup_task:186 - Error in backup task: name 'time' is not defined
2025-05-01 20:26:47 | ERROR    | __main__:backup_task:186 - Error in backup task: name 'time' is not defined
2025-05-01 20:26:47 | ERROR    | __main__:backup_task:186 - Error in backup task: name 'time' is not defined
2025-05-01 20:26:47 | ERROR    | __main__:backup_task:186 - Error in backup task: name 'time' is not defined
2025-05-01 20:26:47 | ERROR    | __main__:backup_task:186 - Error in backup task: name 'time' is not defined
2025-05-01 20:26:47 | ERROR    | __main__:backup_task:186 - Error in backup task: name 'time' is not defined
2025-05-01 20:26:47 | ERROR    | __main__:backup_task:186 - Error in backup task: name 'time' is not defined
2025-05-01 20:26:47 | ERROR    | __main__:backup_task:186 - Error in backup task: name 'time' is not defined
2025-05-01 20:26:47 | ERROR    | __main__:backup_task:186 - Error in backup task: name 'time' is not defined
2025-05-01 20:26:47 | ERROR    | __main__:backup_task:186 - Error in backup task: name 'time' is not defined
2025-05-01 20:26:47 | ERROR    | __main__:backup_task:186 - Error in backup task: name 'time' is not defined
2025-05-01 20:26:47 | ERROR    | __main__:backup_task:186 - Error in backup task: name 'time' is not defined
2025-05-01 20:26:47 | ERROR    | __main__:backup_task:186 - Error in backup task: name 'time' is not defined
2025-05-01 20:26:47 | ERROR    | __main__:backup_task:186 - Error in backup task: name 'time' is not defined
2025-05-01 20:26:47 | ERROR    | __main__:backup_task:186 - Error in backup task: name 'time' is not defined
2025-05-01 20:26:47 | ERROR    | __main__:backup_task:186 - Error in backup task: name 'time' is not defined
2025-05-01 20:26:47 | ERROR    | __main__:backup_task:186 - Error in backup task: name 'time' is not defined
2025-05-01 20:26:47 | ERROR    | __main__:backup_task:186 - Error in backup task: name 'time' is not defined
2025-05-01 20:26:47 | ERROR    | __main__:backup_task:186 - Error in backup task: name 'time' is not defined
2025-05-01 20:26:47 | ERROR    | __main__:backup_task:186 - Error in backup task: name 'time' is not defined
2025-05-01 20:26:47 | ERROR    | __main__:backup_task:186 - Error in backup task: name 'time' is not defined
2025-05-01 20:26:47 | ERROR    | __main__:backup_task:186 - Error in backup task: name 'time' is not defined
2025-05-01 20:26:47 | ERROR    | __main__:backup_task:186 - Error in backup task: name 'time' is not defined
2025-05-01 20:26:47 | ERROR    | __main__:backup_task:186 - Error in backup task: name 'time' is not defined
2025-05-01 20:26:47 | ERROR    | __main__:backup_task:186 - Error in backup task: name 'time' is not defined
2025-05-01 20:26:47 | ERROR    | __main__:backup_task:186 - Error in backup task: name 'time' is not defined
2025-05-01 20:26:47 | ERROR    | __main__:backup_task:186 - Error in backup task: name 'time' is not defined
2025-05-01 20:26:47 | ERROR    | __main__:backup_task:186 - Error in backup task: name 'time' is not defined
2025-05-01 20:26:47 | ERROR    | __main__:backup_task:186 - Error in backup task: name 'time' is not defined
2025-05-01 20:26:47 | ERROR    | __main__:backup_task:186 - Error in backup task: name 'time' is not defined
2025-05-01 20:26:47 | ERROR    | __main__:backup_task:186 - Error in backup task: name 'time' is not defined
2025-05-01 20:26:47 | ERROR    | __main__:backup_task:186 - Error in backup task: name 'time' is not defined
2025-05-01 20:26:47 | ERROR    | __main__:backup_task:186 - Error in backup task: name 'time' is not defined
2025-05-01 20:26:47 | ERROR    | __main__:backup_task:186 - Error in backup task: name 'time' is not defined
2025-05-01 20:26:47 | ERROR    | __main__:backup_task:186 - Error in backup task: name 'time' is not defined
2025-05-01 20:26:47 | ERROR    | __main__:backup_task:186 - Error in backup task: name 'time' is not defined
2025-05-01 20:26:47 | ERROR    | __main__:backup_task:186 - Error in backup task: name 'time' is not defined
2025-05-01 20:26:47 | ERROR    | __main__:backup_task:186 - Error in backup task: name 'time' is not defined
2025-05-01 20:26:47 | ERROR    | __main__:backup_task:186 - Error in backup task: name 'time' is not defined
2025-05-01 20:26:47 | ERROR    | __main__:backup_task:186 - Error in backup task: name 'time' is not defined
2025-05-01 20:26:47 | ERROR    | __main__:backup_task:186 - Error in backup task: name 'time' is not defined
2025-05-01 20:26:47 | ERROR    | __main__:backup_task:186 - Error in backup task: name 'time' is not defined
2025-05-01 20:26:47 | ERROR    | __main__:backup_task:186 - Error in backup task: name 'time' is not defined
2025-05-01 20:26:47 | ERROR    | __main__:backup_task:186 - Error in backup task: name 'time' is not defined
2025-05-01 20:26:47 | ERROR    | __main__:backup_task:186 - Error in backup task: name 'time' is not defined
2025-05-01 20:26:47 | ERROR    | __main__:backup_task:186 - Error in backup task: name 'time' is not defined
2025-05-01 20:26:47 | ERROR    | __main__:backup_task:186 - Error in backup task: name 'time' is not defined
2025-05-01 20:26:47 | ERROR    | __main__:backup_task:186 - Error in backup task: name 'time' is not defined
2025-05-01 20:26:47 | ERROR    | __main__:backup_task:186 - Error in backup task: name 'time' is not defined
2025-05-01 20:26:47 | ERROR    | __main__:backup_task:186 - Error in backup task: name 'time' is not defined
2025-05-01 20:26:47 | ERROR    | __main__:backup_task:186 - Error in backup task: name 'time' is not defined
2025-05-01 20:26:47 | ERROR    | __main__:backup_task:186 - Error in backup task: name 'time' is not defined
2025-05-01 20:26:47 | ERROR    | __main__:backup_task:186 - Error in backup task: name 'time' is not defined
2025-05-01 20:26:47 | ERROR    | __main__:backup_task:186 - Error in backup task: name 'time' is not defined
2025-05-01 20:26:47 | ERROR    | __main__:backup_task:186 - Error in backup task: name 'time' is not defined
2025-05-01 20:26:47 | ERROR    | __main__:backup_task:186 - Error in backup task: name 'time' is not defined
2025-05-01 20:26:47 | ERROR    | __main__:backup_task:186 - Error in backup task: name 'time' is not defined
2025-05-01 20:26:47 | ERROR    | __main__:backup_task:186 - Error in backup task: name 'time' is not defined
2025-05-01 20:26:47 | ERROR    | __main__:backup_task:186 - Error in backup task: name 'time' is not defined
2025-05-01 20:26:47 | ERROR    | __main__:backup_task:186 - Error in backup task: name 'time' is not defined
2025-05-01 20:26:47 | ERROR    | __main__:backup_task:186 - Error in backup task: name 'time' is not defined
2025-05-01 20:26:47 | ERROR    | __main__:backup_task:186 - Error in backup task: name 'time' is not defined
2025-05-01 20:26:47 | ERROR    | __main__:backup_task:186 - Error in backup task: name 'time' is not defined
2025-05-01 20:26:47 | ERROR    | __main__:backup_task:186 - Error in backup task: name 'time' is not defined
2025-05-01 20:26:47 | ERROR    | __main__:backup_task:186 - Error in backup task: name 'time' is not defined
2025-05-01 20:26:47 | ERROR    | __main__:backup_task:186 - Error in backup task: name 'time' is not defined
2025-05-01 20:26:47 | ERROR    | __main__:backup_task:186 - Error in backup task: name 'time' is not defined
2025-05-01 20:26:47 | ERROR    | __main__:backup_task:186 - Error in backup task: name 'time' is not defined
2025-05-01 20:26:47 | ERROR    | __main__:backup_task:186 - Error in backup task: name 'time' is not defined
2025-05-01 20:26:47 | ERROR    | __main__:backup_task:186 - Error in backup task: name 'time' is not defined
2025-05-01 20:26:47 | ERROR    | __main__:backup_task:186 - Error in backup task: name 'time' is not defined
2025-05-01 20:26:47 | ERROR    | __main__:backup_task:186 - Error in backup task: name 'time' is not defined
2025-05-01 20:26:47 | ERROR    | __main__:backup_task:186 - Error in backup task: name 'time' is not defined
2025-05-01 20:26:47 | ERROR    | __main__:backup_task:186 - Error in backup task: name 'time' is not defined
2025-05-01 20:26:47 | ERROR    | __main__:backup_task:186 - Error in backup task: name 'time' is not defined
2025-05-01 20:26:47 | ERROR    | __main__:backup_task:186 - Error in backup task: name 'time' is not defined
2025-05-01 20:26:47 | ERROR    | __main__:backup_task:186 - Error in backup task: name 'time' is not defined
2025-05-01 20:26:47 | ERROR    | __main__:backup_task:186 - Error in backup task: name 'time' is not defined
2025-05-01 20:26:47 | ERROR    | __main__:backup_task:186 - Error in backup task: name 'time' is not defined
2025-05-01 20:26:47 | ERROR    | __main__:backup_task:186 - Error in backup task: name 'time' is not defined
2025-05-01 20:26:47 | ERROR    | __main__:backup_task:186 - Error in backup task: name 'time' is not defined
2025-05-01 20:26:47 | ERROR    | __main__:backup_task:186 - Error in backup task: name 'time' is not defined
2025-05-01 20:26:47 | ERROR    | __main__:backup_task:186 - Error in backup task: name 'time' is not defined
2025-05-01 20:26:47 | ERROR    | __main__:backup_task:186 - Error in backup task: name 'time' is not defined
2025-05-01 20:26:47 | ERROR    | __main__:backup_task:186 - Error in backup task: name 'time' is not defined
2025-05-01 20:26:47 | ERROR    | __main__:backup_task:186 - Error in backup task: name 'time' is not defined
2025-05-01 20:26:47 | ERROR    | __main__:backup_task:186 - Error in backup task: name 'time' is not defined
2025-05-01 20:26:47 | ERROR    | __main__:backup_task:186 - Error in backup task: name 'time' is not defined
2025-05-01 20:26:47 | ERROR    | __main__:backup_task:186 - Error in backup task: name 'time' is not defined
2025-05-01 20:26:47 | ERROR    | __main__:backup_task:186 - Error in backup task: name 'time' is not defined
2025-05-01 20:26:47 | ERROR    | __main__:backup_task:186 - Error in backup task: name 'time' is not defined
2025-05-01 20:26:47 | ERROR    | __main__:backup_task:186 - Error in backup task: name 'time' is not defined
2025-05-01 20:26:47 | ERROR    | __main__:backup_task:186 - Error in backup task: name 'time' is not defined
2025-05-01 20:26:47 | ERROR    | __main__:backup_task:186 - Error in backup task: name 'time' is not defined
2025-05-01 20:26:47 | ERROR    | __main__:backup_task:186 - Error in backup task: name 'time' is not defined
2025-05-01 20:26:47 | ERROR    | __main__:backup_task:186 - Error in backup task: name 'time' is not defined
2025-05-01 20:26:47 | ERROR    | __main__:backup_task:186 - Error in backup task: name 'time' is not defined
2025-05-01 20:26:47 | ERROR    | __main__:backup_task:186 - Error in backup task: name 'time' is not defined
2025-05-01 20:26:47 | ERROR    | __main__:backup_task:186 - Error in backup task: name 'time' is not defined
2025-05-01 20:26:47 | ERROR    | __main__:backup_task:186 - Error in backup task: name 'time' is not defined
2025-05-01 20:26:47 | ERROR    | __main__:backup_task:186 - Error in backup task: name 'time' is not defined
2025-05-01 20:26:47 | ERROR    | __main__:backup_task:186 - Error in backup task: name 'time' is not defined
2025-05-01 20:26:47 | ERROR    | __main__:backup_task:186 - Error in backup task: name 'time' is not defined
2025-05-01 20:26:47 | ERROR    | __main__:backup_task:186 - Error in backup task: name 'time' is not defined
2025-05-01 20:26:47 | ERROR    | __main__:backup_task:186 - Error in backup task: name 'time' is not defined
2025-05-01 20:26:47 | ERROR    | __main__:backup_task:186 - Error in backup task: name 'time' is not defined
2025-05-01 20:26:47 | ERROR    | __main__:backup_task:186 - Error in backup task: name 'time' is not defined
2025-05-01 20:26:47 | ERROR    | __main__:backup_task:186 - Error in backup task: name 'time' is not defined
2025-05-01 20:26:47 | ERROR    | __main__:backup_task:186 - Error in backup task: name 'time' is not defined
2025-05-01 20:26:47 | ERROR    | __main__:backup_task:186 - Error in backup task: name 'time' is not defined
2025-05-01 20:26:47 | ERROR    | __main__:backup_task:186 - Error in backup task: name 'time' is not defined
2025-05-01 20:26:47 | ERROR    | __main__:backup_task:186 - Error in backup task: name 'time' is not defined
2025-05-01 20:26:47 | ERROR    | __main__:backup_task:186 - Error in backup task: name 'time' is not defined
2025-05-01 20:26:47 | ERROR    | __main__:backup_task:186 - Error in backup task: name 'time' is not defined
2025-05-01 20:26:47 | ERROR    | __main__:backup_task:186 - Error in backup task: name 'time' is not defined
2025-05-01 20:26:47 | ERROR    | __main__:backup_task:186 - Error in backup task: name 'time' is not defined
2025-05-01 20:26:47 | ERROR    | __main__:backup_task:186 - Error in backup task: name 'time' is not defined
2025-05-01 20:26:47 | ERROR    | __main__:backup_task:186 - Error in backup task: name 'time' is not defined
2025-05-01 20:26:47 | ERROR    | __main__:backup_task:186 - Error in backup task: name 'time' is not defined
2025-05-01 20:26:47 | ERROR    | __main__:backup_task:186 - Error in backup task: name 'time' is not defined
2025-05-01 20:26:47 | ERROR    | __main__:backup_task:186 - Error in backup task: name 'time' is not defined
2025-05-01 20:26:47 | ERROR    | __main__:backup_task:186 - Error in backup task: name 'time' is not defined
2025-05-01 20:26:47 | ERROR    | __main__:backup_task:186 - Error in backup task: name 'time' is not defined
2025-05-01 20:26:47 | ERROR    | __main__:backup_task:186 - Error in backup task: name 'time' is not defined
2025-05-01 20:26:47 | ERROR    | __main__:backup_task:186 - Error in backup task: name 'time' is not defined
2025-05-01 20:26:47 | ERROR    | __main__:backup_task:186 - Error in backup task: name 'time' is not defined
2025-05-01 20:26:47 | ERROR    | __main__:backup_task:186 - Error in backup task: name 'time' is not defined
2025-05-01 20:26:47 | ERROR    | __main__:backup_task:186 - Error in backup task: name 'time' is not defined
2025-05-01 20:26:47 | ERROR    | __main__:backup_task:186 - Error in backup task: name 'time' is not defined
2025-05-01 20:26:47 | ERROR    | __main__:backup_task:186 - Error in backup task: name 'time' is not defined
2025-05-01 20:26:47 | ERROR    | __main__:backup_task:186 - Error in backup task: name 'time' is not defined
2025-05-01 20:26:47 | ERROR    | __main__:backup_task:186 - Error in backup task: name 'time' is not defined
2025-05-01 20:26:47 | ERROR    | __main__:backup_task:186 - Error in backup task: name 'time' is not defined
2025-05-01 20:26:47 | ERROR    | __main__:backup_task:186 - Error in backup task: name 'time' is not defined
2025-05-01 20:26:47 | ERROR    | __main__:backup_task:186 - Error in backup task: name 'time' is not defined
2025-05-01 20:26:47 | ERROR    | __main__:backup_task:186 - Error in backup task: name 'time' is not defined
2025-05-01 20:26:47 | ERROR    | __main__:backup_task:186 - Error in backup task: name 'time' is not defined
2025-05-01 20:26:47 | ERROR    | __main__:backup_task:186 - Error in backup task: name 'time' is not defined
2025-05-01 20:26:47 | ERROR    | __main__:backup_task:186 - Error in backup task: name 'time' is not defined
2025-05-01 20:26:47 | ERROR    | __main__:backup_task:186 - Error in backup task: name 'time' is not defined
2025-05-01 20:26:47 | ERROR    | __main__:backup_task:186 - Error in backup task: name 'time' is not defined
2025-05-01 20:26:47 | ERROR    | __main__:backup_task:186 - Error in backup task: name 'time' is not defined
2025-05-01 20:26:47 | ERROR    | __main__:backup_task:186 - Error in backup task: name 'time' is not defined
2025-05-01 20:26:47 | ERROR    | __main__:backup_task:186 - Error in backup task: name 'time' is not defined
2025-05-01 20:26:47 | ERROR    | __main__:backup_task:186 - Error in backup task: name 'time' is not defined
2025-05-01 20:26:47 | ERROR    | __main__:backup_task:186 - Error in backup task: name 'time' is not defined
2025-05-01 20:26:47 | ERROR    | __main__:backup_task:186 - Error in backup task: name 'time' is not defined
2025-05-01 20:26:47 | ERROR    | __main__:backup_task:186 - Error in backup task: name 'time' is not defined
2025-05-01 20:26:47 | ERROR    | __main__:backup_task:186 - Error in backup task: name 'time' is not defined
2025-05-01 20:26:47 | ERROR    | __main__:backup_task:186 - Error in backup task: name 'time' is not defined
2025-05-01 20:26:47 | ERROR    | __main__:backup_task:186 - Error in backup task: name 'time' is not defined
2025-05-01 20:26:47 | ERROR    | __main__:backup_task:186 - Error in backup task: name 'time' is not defined
2025-05-01 20:26:47 | ERROR    | __main__:backup_task:186 - Error in backup task: name 'time' is not defined
2025-05-01 20:26:47 | ERROR    | __main__:backup_task:186 - Error in backup task: name 'time' is not defined
2025-05-01 20:26:47 | ERROR    | __main__:backup_task:186 - Error in backup task: name 'time' is not defined
2025-05-01 20:26:47 | ERROR    | __main__:backup_task:186 - Error in backup task: name 'time' is not defined
2025-05-01 20:26:47 | ERROR    | __main__:backup_task:186 - Error in backup task: name 'time' is not defined
2025-05-01 20:26:47 | ERROR    | __main__:backup_task:186 - Error in backup task: name 'time' is not defined
2025-05-01 20:26:47 | ERROR    | __main__:backup_task:186 - Error in backup task: name 'time' is not defined
2025-05-01 20:26:47 | ERROR    | __main__:backup_task:186 - Error in backup task: name 'time' is not defined
2025-05-01 20:26:47 | ERROR    | __main__:backup_task:186 - Error in backup task: name 'time' is not defined
2025-05-01 20:26:47 | ERROR    | __main__:backup_task:186 - Error in backup task: name 'time' is not defined
2025-05-01 20:26:47 | ERROR    | __main__:backup_task:186 - Error in backup task: name 'time' is not defined
2025-05-01 20:26:47 | ERROR    | __main__:backup_task:186 - Error in backup task: name 'time' is not defined
2025-05-01 20:26:47 | ERROR    | __main__:backup_task:186 - Error in backup task: name 'time' is not defined
2025-05-01 20:26:47 | ERROR    | __main__:backup_task:186 - Error in backup task: name 'time' is not defined
2025-05-01 20:26:47 | ERROR    | __main__:backup_task:186 - Error in backup task: name 'time' is not defined
2025-05-01 20:26:47 | ERROR    | __main__:backup_task:186 - Error in backup task: name 'time' is not defined
2025-05-01 20:26:47 | ERROR    | __main__:backup_task:186 - Error in backup task: name 'time' is not defined
2025-05-01 20:26:47 | ERROR    | __main__:backup_task:186 - Error in backup task: name 'time' is not defined
2025-05-01 20:26:47 | ERROR    | __main__:backup_task:186 - Error in backup task: name 'time' is not defined
2025-05-01 20:26:47 | ERROR    | __main__:backup_task:186 - Error in backup task: name 'time' is not defined
2025-05-01 20:26:47 | ERROR    | __main__:backup_task:186 - Error in backup task: name 'time' is not defined
2025-05-01 20:26:47 | ERROR    | __main__:backup_task:186 - Error in backup task: name 'time' is not defined
2025-05-01 20:26:47 | ERROR    | __main__:backup_task:186 - Error in backup task: name 'time' is not defined
2025-05-01 20:26:47 | ERROR    | __main__:backup_task:186 - Error in backup task: name 'time' is not defined
2025-05-01 20:26:47 | ERROR    | __main__:backup_task:186 - Error in backup task: name 'time' is not defined
2025-05-01 20:26:47 | ERROR    | __main__:backup_task:186 - Error in backup task: name 'time' is not defined
2025-05-01 20:26:47 | ERROR    | __main__:backup_task:186 - Error in backup task: name 'time' is not defined
2025-05-01 20:26:47 | ERROR    | __main__:backup_task:186 - Error in backup task: name 'time' is not defined
2025-05-01 20:26:47 | ERROR    | __main__:backup_task:186 - Error in backup task: name 'time' is not defined
2025-05-01 20:26:47 | ERROR    | __main__:backup_task:186 - Error in backup task: name 'time' is not defined
2025-05-01 20:26:47 | ERROR    | __main__:backup_task:186 - Error in backup task: name 'time' is not defined
2025-05-01 20:26:47 | ERROR    | __main__:backup_task:186 - Error in backup task: name 'time' is not defined
2025-05-01 20:26:47 | ERROR    | __main__:backup_task:186 - Error in backup task: name 'time' is not defined
2025-05-01 20:26:47 | ERROR    | __main__:backup_task:186 - Error in backup task: name 'time' is not defined
2025-05-01 20:26:47 | ERROR    | __main__:backup_task:186 - Error in backup task: name 'time' is not defined
2025-05-01 20:26:47 | ERROR    | __main__:backup_task:186 - Error in backup task: name 'time' is not defined
2025-05-01 20:26:47 | ERROR    | __main__:backup_task:186 - Error in backup task: name 'time' is not defined
2025-05-01 20:26:47 | ERROR    | __main__:backup_task:186 - Error in backup task: name 'time' is not defined
2025-05-01 20:26:47 | ERROR    | __main__:backup_task:186 - Error in backup task: name 'time' is not defined
2025-05-01 20:26:47 | ERROR    | __main__:backup_task:186 - Error in backup task: name 'time' is not defined
2025-05-01 20:26:47 | ERROR    | __main__:backup_task:186 - Error in backup task: name 'time' is not defined
2025-05-01 20:26:47 | ERROR    | __main__:backup_task:186 - Error in backup task: name 'time' is not defined
2025-05-01 20:26:47 | ERROR    | __main__:backup_task:186 - Error in backup task: name 'time' is not defined
2025-05-01 20:26:47 | ERROR    | __main__:backup_task:186 - Error in backup task: name 'time' is not defined
2025-05-01 20:26:47 | ERROR    | __main__:backup_task:186 - Error in backup task: name 'time' is not defined
2025-05-01 20:26:47 | ERROR    | __main__:backup_task:186 - Error in backup task: name 'time' is not defined
2025-05-01 20:26:47 | ERROR    | __main__:backup_task:186 - Error in backup task: name 'time' is not defined
2025-05-01 20:26:47 | ERROR    | __main__:backup_task:186 - Error in backup task: name 'time' is not defined
2025-05-01 20:26:47 | ERROR    | __main__:backup_task:186 - Error in backup task: name 'time' is not defined
2025-05-01 20:26:47 | ERROR    | __main__:backup_task:186 - Error in backup task: name 'time' is not defined
2025-05-01 20:26:47 | ERROR    | __main__:backup_task:186 - Error in backup task: name 'time' is not defined
2025-05-01 20:26:47 | ERROR    | __main__:backup_task:186 - Error in backup task: name 'time' is not defined
2025-05-01 20:26:47 | ERROR    | __main__:backup_task:186 - Error in backup task: name 'time' is not defined
2025-05-01 20:26:47 | ERROR    | __main__:backup_task:186 - Error in backup task: name 'time' is not defined
2025-05-01 20:26:47 | ERROR    | __main__:backup_task:186 - Error in backup task: name 'time' is not defined
2025-05-01 20:26:47 | ERROR    | __main__:backup_task:186 - Error in backup task: name 'time' is not defined
2025-05-01 20:26:47 | ERROR    | __main__:backup_task:186 - Error in backup task: name 'time' is not defined
2025-05-01 20:26:47 | ERROR    | __main__:backup_task:186 - Error in backup task: name 'time' is not defined
2025-05-01 20:26:47 | ERROR    | __main__:backup_task:186 - Error in backup task: name 'time' is not defined
2025-05-01 20:26:47 | ERROR    | __main__:backup_task:186 - Error in backup task: name 'time' is not defined
2025-05-01 20:26:47 | ERROR    | __main__:backup_task:186 - Error in backup task: name 'time' is not defined
2025-05-01 20:26:47 | ERROR    | __main__:backup_task:186 - Error in backup task: name 'time' is not defined
2025-05-01 20:26:47 | ERROR    | __main__:backup_task:186 - Error in backup task: name 'time' is not defined
2025-05-01 20:26:47 | ERROR    | __main__:backup_task:186 - Error in backup task: name 'time' is not defined
2025-05-01 20:26:47 | ERROR    | __main__:backup_task:186 - Error in backup task: name 'time' is not defined
2025-05-01 20:26:47 | ERROR    | __main__:backup_task:186 - Error in backup task: name 'time' is not defined
2025-05-01 20:26:47 | ERROR    | __main__:backup_task:186 - Error in backup task: name 'time' is not defined
2025-05-01 20:26:47 | ERROR    | __main__:backup_task:186 - Error in backup task: name 'time' is not defined
2025-05-01 20:26:47 | ERROR    | __main__:backup_task:186 - Error in backup task: name 'time' is not defined
2025-05-01 20:26:47 | ERROR    | __main__:backup_task:186 - Error in backup task: name 'time' is not defined
2025-05-01 20:26:47 | ERROR    | __main__:backup_task:186 - Error in backup task: name 'time' is not defined
2025-05-01 20:26:47 | ERROR    | __main__:backup_task:186 - Error in backup task: name 'time' is not defined
2025-05-01 20:26:47 | ERROR    | __main__:backup_task:186 - Error in backup task: name 'time' is not defined
2025-05-01 20:26:47 | ERROR    | __main__:backup_task:186 - Error in backup task: name 'time' is not defined
2025-05-01 20:26:47 | ERROR    | __main__:backup_task:186 - Error in backup task: name 'time' is not defined
2025-05-01 20:26:47 | ERROR    | __main__:backup_task:186 - Error in backup task: name 'time' is not defined
2025-05-01 20:26:47 | ERROR    | __main__:backup_task:186 - Error in backup task: name 'time' is not defined
2025-05-01 20:26:47 | ERROR    | __main__:backup_task:186 - Error in backup task: name 'time' is not defined
2025-05-01 20:26:47 | ERROR    | __main__:backup_task:186 - Error in backup task: name 'time' is not defined
2025-05-01 20:26:47 | ERROR    | __main__:backup_task:186 - Error in backup task: name 'time' is not defined
2025-05-01 20:26:47 | ERROR    | __main__:backup_task:186 - Error in backup task: name 'time' is not defined
2025-05-01 20:26:47 | ERROR    | __main__:backup_task:186 - Error in backup task: name 'time' is not defined
2025-05-01 20:26:47 | ERROR    | __main__:backup_task:186 - Error in backup task: name 'time' is not defined
2025-05-01 20:26:47 | ERROR    | __main__:backup_task:186 - Error in backup task: name 'time' is not defined
2025-05-01 20:26:47 | ERROR    | __main__:backup_task:186 - Error in backup task: name 'time' is not defined
2025-05-01 20:26:47 | ERROR    | __main__:backup_task:186 - Error in backup task: name 'time' is not defined
2025-05-01 20:26:47 | ERROR    | __main__:backup_task:186 - Error in backup task: name 'time' is not defined
2025-05-01 20:26:47 | ERROR    | __main__:backup_task:186 - Error in backup task: name 'time' is not defined
2025-05-01 20:26:47 | ERROR    | __main__:backup_task:186 - Error in backup task: name 'time' is not defined
2025-05-01 20:26:47 | ERROR    | __main__:backup_task:186 - Error in backup task: name 'time' is not defined
2025-05-01 20:26:47 | ERROR    | __main__:backup_task:186 - Error in backup task: name 'time' is not defined
2025-05-01 20:26:47 | ERROR    | __main__:backup_task:186 - Error in backup task: name 'time' is not defined
2025-05-01 20:26:47 | ERROR    | __main__:backup_task:186 - Error in backup task: name 'time' is not defined
2025-05-01 20:26:47 | ERROR    | __main__:backup_task:186 - Error in backup task: name 'time' is not defined
2025-05-01 20:26:47 | ERROR    | __main__:backup_task:186 - Error in backup task: name 'time' is not defined
2025-05-01 20:26:47 | ERROR    | __main__:backup_task:186 - Error in backup task: name 'time' is not defined
2025-05-01 20:26:47 | ERROR    | __main__:backup_task:186 - Error in backup task: name 'time' is not defined
2025-05-01 20:26:47 | ERROR    | __main__:backup_task:186 - Error in backup task: name 'time' is not defined
2025-05-01 20:26:47 | ERROR    | __main__:backup_task:186 - Error in backup task: name 'time' is not defined
2025-05-01 20:26:47 | ERROR    | __main__:backup_task:186 - Error in backup task: name 'time' is not defined
2025-05-01 20:26:47 | ERROR    | __main__:backup_task:186 - Error in backup task: name 'time' is not defined
2025-05-01 20:26:47 | ERROR    | __main__:backup_task:186 - Error in backup task: name 'time' is not defined
2025-05-01 20:26:47 | ERROR    | __main__:backup_task:186 - Error in backup task: name 'time' is not defined
2025-05-01 20:26:47 | ERROR    | __main__:backup_task:186 - Error in backup task: name 'time' is not defined
2025-05-01 20:26:47 | ERROR    | __main__:backup_task:186 - Error in backup task: name 'time' is not defined
2025-05-01 20:26:47 | ERROR    | __main__:backup_task:186 - Error in backup task: name 'time' is not defined
2025-05-01 20:26:47 | ERROR    | __main__:backup_task:186 - Error in backup task: name 'time' is not defined
2025-05-01 20:26:47 | ERROR    | __main__:backup_task:186 - Error in backup task: name 'time' is not defined
2025-05-01 20:26:47 | ERROR    | __main__:backup_task:186 - Error in backup task: name 'time' is not defined
2025-05-01 20:26:47 | ERROR    | __main__:backup_task:186 - Error in backup task: name 'time' is not defined
2025-05-01 20:26:47 | ERROR    | __main__:backup_task:186 - Error in backup task: name 'time' is not defined
2025-05-01 20:26:47 | ERROR    | __main__:backup_task:186 - Error in backup task: name 'time' is not defined
2025-05-01 20:26:47 | ERROR    | __main__:backup_task:186 - Error in backup task: name 'time' is not defined
2025-05-01 20:26:47 | ERROR    | __main__:backup_task:186 - Error in backup task: name 'time' is not defined
2025-05-01 20:26:47 | ERROR    | __main__:backup_task:186 - Error in backup task: name 'time' is not defined
2025-05-01 20:26:47 | ERROR    | __main__:backup_task:186 - Error in backup task: name 'time' is not defined
2025-05-01 20:26:47 | ERROR    | __main__:backup_task:186 - Error in backup task: name 'time' is not defined
2025-05-01 20:26:47 | ERROR    | __main__:backup_task:186 - Error in backup task: name 'time' is not defined
2025-05-01 20:26:47 | ERROR    | __main__:backup_task:186 - Error in backup task: name 'time' is not defined
2025-05-01 20:26:47 | ERROR    | __main__:backup_task:186 - Error in backup task: name 'time' is not defined
2025-05-01 20:26:47 | ERROR    | __main__:backup_task:186 - Error in backup task: name 'time' is not defined
2025-05-01 20:26:47 | ERROR    | __main__:backup_task:186 - Error in backup task: name 'time' is not defined
2025-05-01 20:26:47 | ERROR    | __main__:backup_task:186 - Error in backup task: name 'time' is not defined
2025-05-01 20:26:47 | ERROR    | __main__:backup_task:186 - Error in backup task: name 'time' is not defined
2025-05-01 20:26:47 | ERROR    | __main__:backup_task:186 - Error in backup task: name 'time' is not defined
2025-05-01 20:26:47 | ERROR    | __main__:backup_task:186 - Error in backup task: name 'time' is not defined
2025-05-01 20:26:47 | ERROR    | __main__:backup_task:186 - Error in backup task: name 'time' is not defined
2025-05-01 20:26:47 | ERROR    | __main__:backup_task:186 - Error in backup task: name 'time' is not defined
2025-05-01 20:26:47 | ERROR    | __main__:backup_task:186 - Error in backup task: name 'time' is not defined
2025-05-01 20:26:47 | ERROR    | __main__:backup_task:186 - Error in backup task: name 'time' is not defined
2025-05-01 20:26:47 | ERROR    | __main__:backup_task:186 - Error in backup task: name 'time' is not defined
2025-05-01 20:26:47 | ERROR    | __main__:backup_task:186 - Error in backup task: name 'time' is not defined
2025-05-01 20:26:47 | ERROR    | __main__:backup_task:186 - Error in backup task: name 'time' is not defined
2025-05-01 20:26:47 | ERROR    | __main__:backup_task:186 - Error in backup task: name 'time' is not defined
2025-05-01 20:26:47 | ERROR    | __main__:backup_task:186 - Error in backup task: name 'time' is not defined
2025-05-01 20:26:47 | ERROR    | __main__:backup_task:186 - Error in backup task: name 'time' is not defined
2025-05-01 20:26:47 | ERROR    | __main__:backup_task:186 - Error in backup task: name 'time' is not defined
2025-05-01 20:26:47 | ERROR    | __main__:backup_task:186 - Error in backup task: name 'time' is not defined
2025-05-01 20:26:47 | ERROR    | __main__:backup_task:186 - Error in backup task: name 'time' is not defined
2025-05-01 20:26:47 | ERROR    | __main__:backup_task:186 - Error in backup task: name 'time' is not defined
2025-05-01 20:26:47 | ERROR    | __main__:backup_task:186 - Error in backup task: name 'time' is not defined
2025-05-01 20:26:47 | ERROR    | __main__:backup_task:186 - Error in backup task: name 'time' is not defined
2025-05-01 20:26:47 | ERROR    | __main__:backup_task:186 - Error in backup task: name 'time' is not defined
2025-05-01 20:26:47 | ERROR    | __main__:backup_task:186 - Error in backup task: name 'time' is not defined
2025-05-01 20:26:47 | ERROR    | __main__:backup_task:186 - Error in backup task: name 'time' is not defined
2025-05-01 20:26:47 | ERROR    | __main__:backup_task:186 - Error in backup task: name 'time' is not defined
2025-05-01 20:26:47 | ERROR    | __main__:backup_task:186 - Error in backup task: name 'time' is not defined
2025-05-01 20:26:47 | ERROR    | __main__:backup_task:186 - Error in backup task: name 'time' is not defined
2025-05-01 20:26:47 | ERROR    | __main__:backup_task:186 - Error in backup task: name 'time' is not defined
2025-05-01 20:26:47 | ERROR    | __main__:backup_task:186 - Error in backup task: name 'time' is not defined
2025-05-01 20:26:47 | ERROR    | __main__:backup_task:186 - Error in backup task: name 'time' is not defined
2025-05-01 20:26:47 | ERROR    | __main__:backup_task:186 - Error in backup task: name 'time' is not defined
2025-05-01 20:26:47 | ERROR    | __main__:backup_task:186 - Error in backup task: name 'time' is not defined
2025-05-01 20:26:47 | ERROR    | __main__:backup_task:186 - Error in backup task: name 'time' is not defined
2025-05-01 20:26:47 | ERROR    | __main__:backup_task:186 - Error in backup task: name 'time' is not defined
2025-05-01 20:26:47 | ERROR    | __main__:backup_task:186 - Error in backup task: name 'time' is not defined
2025-05-01 20:26:47 | ERROR    | __main__:backup_task:186 - Error in backup task: name 'time' is not defined
2025-05-01 20:26:47 | ERROR    | __main__:backup_task:186 - Error in backup task: name 'time' is not defined
2025-05-01 20:26:47 | ERROR    | __main__:backup_task:186 - Error in backup task: name 'time' is not defined
2025-05-01 20:26:47 | ERROR    | __main__:backup_task:186 - Error in backup task: name 'time' is not defined
2025-05-01 20:26:47 | ERROR    | __main__:backup_task:186 - Error in backup task: name 'time' is not defined
2025-05-01 20:26:47 | ERROR    | __main__:backup_task:186 - Error in backup task: name 'time' is not defined
2025-05-01 20:26:47 | ERROR    | __main__:backup_task:186 - Error in backup task: name 'time' is not defined
2025-05-01 20:26:47 | ERROR    | __main__:backup_task:186 - Error in backup task: name 'time' is not defined
2025-05-01 20:26:47 | ERROR    | __main__:backup_task:186 - Error in backup task: name 'time' is not defined
2025-05-01 20:26:47 | ERROR    | __main__:backup_task:186 - Error in backup task: name 'time' is not defined
2025-05-01 20:26:47 | ERROR    | __main__:backup_task:186 - Error in backup task: name 'time' is not defined
2025-05-01 20:26:47 | ERROR    | __main__:backup_task:186 - Error in backup task: name 'time' is not defined
2025-05-01 20:26:47 | ERROR    | __main__:backup_task:186 - Error in backup task: name 'time' is not defined
2025-05-01 20:26:47 | ERROR    | __main__:backup_task:186 - Error in backup task: name 'time' is not defined
2025-05-01 20:26:47 | ERROR    | __main__:backup_task:186 - Error in backup task: name 'time' is not defined
2025-05-01 20:26:47 | ERROR    | __main__:backup_task:186 - Error in backup task: name 'time' is not defined
2025-05-01 20:26:47 | ERROR    | __main__:backup_task:186 - Error in backup task: name 'time' is not defined
2025-05-01 20:26:47 | ERROR    | __main__:backup_task:186 - Error in backup task: name 'time' is not defined
2025-05-01 20:26:47 | ERROR    | __main__:backup_task:186 - Error in backup task: name 'time' is not defined
2025-05-01 20:26:47 | ERROR    | __main__:backup_task:186 - Error in backup task: name 'time' is not defined
2025-05-01 20:26:47 | ERROR    | __main__:backup_task:186 - Error in backup task: name 'time' is not defined
2025-05-01 20:26:47 | ERROR    | __main__:backup_task:186 - Error in backup task: name 'time' is not defined
2025-05-01 20:26:47 | ERROR    | __main__:backup_task:186 - Error in backup task: name 'time' is not defined
2025-05-01 20:26:47 | ERROR    | __main__:backup_task:186 - Error in backup task: name 'time' is not defined
2025-05-01 20:26:47 | ERROR    | __main__:backup_task:186 - Error in backup task: name 'time' is not defined
2025-05-01 20:26:47 | ERROR    | __main__:backup_task:186 - Error in backup task: name 'time' is not defined
2025-05-01 20:26:47 | ERROR    | __main__:backup_task:186 - Error in backup task: name 'time' is not defined
2025-05-01 20:26:47 | ERROR    | __main__:backup_task:186 - Error in backup task: name 'time' is not defined
2025-05-01 20:26:47 | ERROR    | __main__:backup_task:186 - Error in backup task: name 'time' is not defined
2025-05-01 20:26:47 | ERROR    | __main__:backup_task:186 - Error in backup task: name 'time' is not defined
2025-05-01 20:26:47 | ERROR    | __main__:backup_task:186 - Error in backup task: name 'time' is not defined
2025-05-01 20:26:47 | ERROR    | __main__:backup_task:186 - Error in backup task: name 'time' is not defined
2025-05-01 20:26:47 | ERROR    | __main__:backup_task:186 - Error in backup task: name 'time' is not defined
2025-05-01 20:26:47 | ERROR    | __main__:backup_task:186 - Error in backup task: name 'time' is not defined
2025-05-01 20:26:47 | ERROR    | __main__:backup_task:186 - Error in backup task: name 'time' is not defined
2025-05-01 20:26:47 | ERROR    | __main__:backup_task:186 - Error in backup task: name 'time' is not defined
2025-05-01 20:26:47 | ERROR    | __main__:backup_task:186 - Error in backup task: name 'time' is not defined
2025-05-01 20:26:47 | ERROR    | __main__:backup_task:186 - Error in backup task: name 'time' is not defined
2025-05-01 20:26:47 | ERROR    | __main__:backup_task:186 - Error in backup task: name 'time' is not defined
2025-05-01 20:26:47 | ERROR    | __main__:backup_task:186 - Error in backup task: name 'time' is not defined
2025-05-01 20:26:47 | ERROR    | __main__:backup_task:186 - Error in backup task: name 'time' is not defined
2025-05-01 20:26:47 | ERROR    | __main__:backup_task:186 - Error in backup task: name 'time' is not defined
2025-05-01 20:26:47 | ERROR    | __main__:backup_task:186 - Error in backup task: name 'time' is not defined
2025-05-01 20:26:47 | ERROR    | __main__:backup_task:186 - Error in backup task: name 'time' is not defined
2025-05-01 20:26:47 | ERROR    | __main__:backup_task:186 - Error in backup task: name 'time' is not defined
2025-05-01 20:26:47 | ERROR    | __main__:backup_task:186 - Error in backup task: name 'time' is not defined
2025-05-01 20:26:47 | ERROR    | __main__:backup_task:186 - Error in backup task: name 'time' is not defined
2025-05-01 20:26:47 | ERROR    | __main__:backup_task:186 - Error in backup task: name 'time' is not defined
2025-05-01 20:26:47 | ERROR    | __main__:backup_task:186 - Error in backup task: name 'time' is not defined
2025-05-01 20:26:47 | ERROR    | __main__:backup_task:186 - Error in backup task: name 'time' is not defined
2025-05-01 20:26:47 | ERROR    | __main__:backup_task:186 - Error in backup task: name 'time' is not defined
2025-05-01 20:26:47 | ERROR    | __main__:backup_task:186 - Error in backup task: name 'time' is not defined
2025-05-01 20:26:47 | ERROR    | __main__:backup_task:186 - Error in backup task: name 'time' is not defined
2025-05-01 20:26:47 | ERROR    | __main__:backup_task:186 - Error in backup task: name 'time' is not defined
2025-05-01 20:26:47 | ERROR    | __main__:backup_task:186 - Error in backup task: name 'time' is not defined
2025-05-01 20:26:47 | ERROR    | __main__:backup_task:186 - Error in backup task: name 'time' is not defined
2025-05-01 20:26:47 | ERROR    | __main__:backup_task:186 - Error in backup task: name 'time' is not defined
2025-05-01 20:26:47 | ERROR    | __main__:backup_task:186 - Error in backup task: name 'time' is not defined
2025-05-01 20:26:47 | ERROR    | __main__:backup_task:186 - Error in backup task: name 'time' is not defined
2025-05-01 20:26:47 | ERROR    | __main__:backup_task:186 - Error in backup task: name 'time' is not defined
2025-05-01 20:26:47 | ERROR    | __main__:backup_task:186 - Error in backup task: name 'time' is not defined
2025-05-01 20:26:47 | ERROR    | __main__:backup_task:186 - Error in backup task: name 'time' is not defined
2025-05-01 20:26:47 | ERROR    | __main__:backup_task:186 - Error in backup task: name 'time' is not defined
2025-05-01 20:26:47 | ERROR    | __main__:backup_task:186 - Error in backup task: name 'time' is not defined
2025-05-01 20:26:47 | ERROR    | __main__:backup_task:186 - Error in backup task: name 'time' is not defined
2025-05-01 20:26:47 | ERROR    | __main__:backup_task:186 - Error in backup task: name 'time' is not defined
2025-05-01 20:26:47 | ERROR    | __main__:backup_task:186 - Error in backup task: name 'time' is not defined
2025-05-01 20:26:47 | ERROR    | __main__:backup_task:186 - Error in backup task: name 'time' is not defined
2025-05-01 20:26:47 | ERROR    | __main__:backup_task:186 - Error in backup task: name 'time' is not defined
2025-05-01 20:26:47 | ERROR    | __main__:backup_task:186 - Error in backup task: name 'time' is not defined
2025-05-01 20:26:47 | ERROR    | __main__:backup_task:186 - Error in backup task: name 'time' is not defined
2025-05-01 20:26:47 | ERROR    | __main__:backup_task:186 - Error in backup task: name 'time' is not defined
2025-05-01 20:26:47 | ERROR    | __main__:backup_task:186 - Error in backup task: name 'time' is not defined
2025-05-01 20:26:47 | ERROR    | __main__:backup_task:186 - Error in backup task: name 'time' is not defined
2025-05-01 20:26:47 | ERROR    | __main__:backup_task:186 - Error in backup task: name 'time' is not defined
2025-05-01 20:26:47 | ERROR    | __main__:backup_task:186 - Error in backup task: name 'time' is not defined
2025-05-01 20:26:47 | ERROR    | __main__:backup_task:186 - Error in backup task: name 'time' is not defined
2025-05-01 20:26:47 | ERROR    | __main__:backup_task:186 - Error in backup task: name 'time' is not defined
2025-05-01 20:26:47 | ERROR    | __main__:backup_task:186 - Error in backup task: name 'time' is not defined
2025-05-01 20:26:47 | ERROR    | __main__:backup_task:186 - Error in backup task: name 'time' is not defined
2025-05-01 20:26:47 | ERROR    | __main__:backup_task:186 - Error in backup task: name 'time' is not defined
2025-05-01 20:26:47 | ERROR    | __main__:backup_task:186 - Error in backup task: name 'time' is not defined
2025-05-01 20:26:47 | ERROR    | __main__:backup_task:186 - Error in backup task: name 'time' is not defined
2025-05-01 20:26:47 | ERROR    | __main__:backup_task:186 - Error in backup task: name 'time' is not defined
2025-05-01 20:26:47 | ERROR    | __main__:backup_task:186 - Error in backup task: name 'time' is not defined
2025-05-01 20:26:47 | ERROR    | __main__:backup_task:186 - Error in backup task: name 'time' is not defined
2025-05-01 20:26:47 | ERROR    | __main__:backup_task:186 - Error in backup task: name 'time' is not defined
2025-05-01 20:26:47 | ERROR    | __main__:backup_task:186 - Error in backup task: name 'time' is not defined
2025-05-01 20:26:47 | ERROR    | __main__:backup_task:186 - Error in backup task: name 'time' is not defined
2025-05-01 20:26:47 | ERROR    | __main__:backup_task:186 - Error in backup task: name 'time' is not defined
2025-05-01 20:26:47 | ERROR    | __main__:backup_task:186 - Error in backup task: name 'time' is not defined
2025-05-01 20:26:47 | ERROR    | __main__:backup_task:186 - Error in backup task: name 'time' is not defined
2025-05-01 20:26:47 | ERROR    | __main__:backup_task:186 - Error in backup task: name 'time' is not defined
2025-05-01 20:26:47 | ERROR    | __main__:backup_task:186 - Error in backup task: name 'time' is not defined
2025-05-01 20:26:47 | ERROR    | __main__:backup_task:186 - Error in backup task: name 'time' is not defined
2025-05-01 20:26:47 | ERROR    | __main__:backup_task:186 - Error in backup task: name 'time' is not defined
2025-05-01 20:26:47 | ERROR    | __main__:backup_task:186 - Error in backup task: name 'time' is not defined
2025-05-01 20:26:47 | ERROR    | __main__:backup_task:186 - Error in backup task: name 'time' is not defined
2025-05-01 20:26:47 | ERROR    | __main__:backup_task:186 - Error in backup task: name 'time' is not defined
2025-05-01 20:26:47 | ERROR    | __main__:backup_task:186 - Error in backup task: name 'time' is not defined
2025-05-01 20:26:47 | ERROR    | __main__:backup_task:186 - Error in backup task: name 'time' is not defined
2025-05-01 20:26:47 | ERROR    | __main__:backup_task:186 - Error in backup task: name 'time' is not defined
2025-05-01 20:26:47 | ERROR    | __main__:backup_task:186 - Error in backup task: name 'time' is not defined
2025-05-01 20:26:47 | ERROR    | __main__:backup_task:186 - Error in backup task: name 'time' is not defined
2025-05-01 20:26:47 | ERROR    | __main__:backup_task:186 - Error in backup task: name 'time' is not defined
2025-05-01 20:26:47 | ERROR    | __main__:backup_task:186 - Error in backup task: name 'time' is not defined
2025-05-01 20:26:47 | ERROR    | __main__:backup_task:186 - Error in backup task: name 'time' is not defined
2025-05-01 20:26:47 | ERROR    | __main__:backup_task:186 - Error in backup task: name 'time' is not defined
2025-05-01 20:26:47 | ERROR    | __main__:backup_task:186 - Error in backup task: name 'time' is not defined
2025-05-01 20:26:47 | ERROR    | __main__:backup_task:186 - Error in backup task: name 'time' is not defined
2025-05-01 20:26:47 | ERROR    | __main__:backup_task:186 - Error in backup task: name 'time' is not defined
2025-05-01 20:26:47 | ERROR    | __main__:backup_task:186 - Error in backup task: name 'time' is not defined
2025-05-01 20:26:47 | ERROR    | __main__:backup_task:186 - Error in backup task: name 'time' is not defined
2025-05-01 20:26:47 | ERROR    | __main__:backup_task:186 - Error in backup task: name 'time' is not defined
2025-05-01 20:26:47 | ERROR    | __main__:backup_task:186 - Error in backup task: name 'time' is not defined
2025-05-01 20:26:47 | ERROR    | __main__:backup_task:186 - Error in backup task: name 'time' is not defined
2025-05-01 20:26:47 | ERROR    | __main__:backup_task:186 - Error in backup task: name 'time' is not defined
2025-05-01 20:26:47 | ERROR    | __main__:backup_task:186 - Error in backup task: name 'time' is not defined
2025-05-01 20:26:47 | ERROR    | __main__:backup_task:186 - Error in backup task: name 'time' is not defined
2025-05-01 20:26:47 | ERROR    | __main__:backup_task:186 - Error in backup task: name 'time' is not defined
2025-05-01 20:26:47 | ERROR    | __main__:backup_task:186 - Error in backup task: name 'time' is not defined
2025-05-01 20:26:47 | ERROR    | __main__:backup_task:186 - Error in backup task: name 'time' is not defined
2025-05-01 20:26:47 | ERROR    | __main__:backup_task:186 - Error in backup task: name 'time' is not defined
2025-05-01 20:26:47 | ERROR    | __main__:backup_task:186 - Error in backup task: name 'time' is not defined
2025-05-01 20:26:47 | ERROR    | __main__:backup_task:186 - Error in backup task: name 'time' is not defined
2025-05-01 20:26:47 | ERROR    | __main__:backup_task:186 - Error in backup task: name 'time' is not defined
2025-05-01 20:26:47 | ERROR    | __main__:backup_task:186 - Error in backup task: name 'time' is not defined
2025-05-01 20:26:47 | ERROR    | __main__:backup_task:186 - Error in backup task: name 'time' is not defined
2025-05-01 20:26:47 | ERROR    | __main__:backup_task:186 - Error in backup task: name 'time' is not defined
2025-05-01 20:26:47 | ERROR    | __main__:backup_task:186 - Error in backup task: name 'time' is not defined
2025-05-01 20:26:47 | ERROR    | __main__:backup_task:186 - Error in backup task: name 'time' is not defined
2025-05-01 20:26:47 | ERROR    | __main__:backup_task:186 - Error in backup task: name 'time' is not defined
2025-05-01 20:26:47 | ERROR    | __main__:backup_task:186 - Error in backup task: name 'time' is not defined
2025-05-01 20:26:47 | ERROR    | __main__:backup_task:186 - Error in backup task: name 'time' is not defined
2025-05-01 20:26:47 | ERROR    | __main__:backup_task:186 - Error in backup task: name 'time' is not defined
2025-05-01 20:26:47 | ERROR    | __main__:backup_task:186 - Error in backup task: name 'time' is not defined
2025-05-01 20:26:47 | ERROR    | __main__:backup_task:186 - Error in backup task: name 'time' is not defined
2025-05-01 20:26:47 | ERROR    | __main__:backup_task:186 - Error in backup task: name 'time' is not defined
2025-05-01 20:26:47 | ERROR    | __main__:backup_task:186 - Error in backup task: name 'time' is not defined
2025-05-01 20:26:47 | ERROR    | __main__:backup_task:186 - Error in backup task: name 'time' is not defined
2025-05-01 20:26:47 | ERROR    | __main__:backup_task:186 - Error in backup task: name 'time' is not defined
2025-05-01 20:26:47 | ERROR    | __main__:backup_task:186 - Error in backup task: name 'time' is not defined
2025-05-01 20:26:47 | ERROR    | __main__:backup_task:186 - Error in backup task: name 'time' is not defined
2025-05-01 20:26:47 | ERROR    | __main__:backup_task:186 - Error in backup task: name 'time' is not defined
2025-05-01 20:26:47 | ERROR    | __main__:backup_task:186 - Error in backup task: name 'time' is not defined
2025-05-01 20:26:47 | ERROR    | __main__:backup_task:186 - Error in backup task: name 'time' is not defined
2025-05-01 20:26:47 | ERROR    | __main__:backup_task:186 - Error in backup task: name 'time' is not defined
2025-05-01 20:26:47 | ERROR    | __main__:backup_task:186 - Error in backup task: name 'time' is not defined
2025-05-01 20:26:47 | ERROR    | __main__:backup_task:186 - Error in backup task: name 'time' is not defined
2025-05-01 20:26:47 | ERROR    | __main__:backup_task:186 - Error in backup task: name 'time' is not defined
2025-05-01 20:26:47 | ERROR    | __main__:backup_task:186 - Error in backup task: name 'time' is not defined
2025-05-01 20:26:47 | ERROR    | __main__:backup_task:186 - Error in backup task: name 'time' is not defined
2025-05-01 20:26:47 | ERROR    | __main__:backup_task:186 - Error in backup task: name 'time' is not defined
2025-05-01 20:26:47 | ERROR    | __main__:backup_task:186 - Error in backup task: name 'time' is not defined
2025-05-01 20:26:47 | ERROR    | __main__:backup_task:186 - Error in backup task: name 'time' is not defined
2025-05-01 20:26:47 | ERROR    | __main__:backup_task:186 - Error in backup task: name 'time' is not defined
2025-05-01 20:26:47 | ERROR    | __main__:backup_task:186 - Error in backup task: name 'time' is not defined
2025-05-01 20:26:47 | ERROR    | __main__:backup_task:186 - Error in backup task: name 'time' is not defined
2025-05-01 20:26:47 | ERROR    | __main__:backup_task:186 - Error in backup task: name 'time' is not defined
2025-05-01 20:26:47 | ERROR    | __main__:backup_task:186 - Error in backup task: name 'time' is not defined
2025-05-01 20:26:47 | ERROR    | __main__:backup_task:186 - Error in backup task: name 'time' is not defined
2025-05-01 20:26:47 | ERROR    | __main__:backup_task:186 - Error in backup task: name 'time' is not defined
2025-05-01 20:26:47 | ERROR    | __main__:backup_task:186 - Error in backup task: name 'time' is not defined
2025-05-01 20:26:47 | ERROR    | __main__:backup_task:186 - Error in backup task: name 'time' is not defined
2025-05-01 20:26:47 | ERROR    | __main__:backup_task:186 - Error in backup task: name 'time' is not defined
2025-05-01 20:26:47 | ERROR    | __main__:backup_task:186 - Error in backup task: name 'time' is not defined
2025-05-01 20:26:47 | ERROR    | __main__:backup_task:186 - Error in backup task: name 'time' is not defined
2025-05-01 20:26:47 | ERROR    | __main__:backup_task:186 - Error in backup task: name 'time' is not defined
2025-05-01 20:26:47 | ERROR    | __main__:backup_task:186 - Error in backup task: name 'time' is not defined
2025-05-01 20:26:47 | ERROR    | __main__:backup_task:186 - Error in backup task: name 'time' is not defined
2025-05-01 20:26:47 | ERROR    | __main__:backup_task:186 - Error in backup task: name 'time' is not defined
2025-05-01 20:26:47 | ERROR    | __main__:backup_task:186 - Error in backup task: name 'time' is not defined
2025-05-01 20:26:47 | ERROR    | __main__:backup_task:186 - Error in backup task: name 'time' is not defined
2025-05-01 20:26:47 | ERROR    | __main__:backup_task:186 - Error in backup task: name 'time' is not defined
2025-05-01 20:26:47 | ERROR    | __main__:backup_task:186 - Error in backup task: name 'time' is not defined
2025-05-01 20:26:47 | ERROR    | __main__:backup_task:186 - Error in backup task: name 'time' is not defined
2025-05-01 20:26:47 | ERROR    | __main__:backup_task:186 - Error in backup task: name 'time' is not defined
2025-05-01 20:26:47 | ERROR    | __main__:backup_task:186 - Error in backup task: name 'time' is not defined
2025-05-01 20:26:47 | ERROR    | __main__:backup_task:186 - Error in backup task: name 'time' is not defined
2025-05-01 20:26:47 | ERROR    | __main__:backup_task:186 - Error in backup task: name 'time' is not defined
2025-05-01 20:26:47 | ERROR    | __main__:backup_task:186 - Error in backup task: name 'time' is not defined
2025-05-01 20:26:47 | ERROR    | __main__:backup_task:186 - Error in backup task: name 'time' is not defined
2025-05-01 20:26:47 | ERROR    | __main__:backup_task:186 - Error in backup task: name 'time' is not defined
2025-05-01 20:26:47 | ERROR    | __main__:backup_task:186 - Error in backup task: name 'time' is not defined
2025-05-01 20:26:47 | ERROR    | __main__:backup_task:186 - Error in backup task: name 'time' is not defined
2025-05-01 20:26:47 | ERROR    | __main__:backup_task:186 - Error in backup task: name 'time' is not defined
2025-05-01 20:26:47 | ERROR    | __main__:backup_task:186 - Error in backup task: name 'time' is not defined
2025-05-01 20:26:47 | ERROR    | __main__:backup_task:186 - Error in backup task: name 'time' is not defined
2025-05-01 20:26:47 | ERROR    | __main__:backup_task:186 - Error in backup task: name 'time' is not defined
2025-05-01 20:26:47 | ERROR    | __main__:backup_task:186 - Error in backup task: name 'time' is not defined
2025-05-01 20:26:47 | ERROR    | __main__:backup_task:186 - Error in backup task: name 'time' is not defined
2025-05-01 20:26:47 | ERROR    | __main__:backup_task:186 - Error in backup task: name 'time' is not defined
2025-05-01 20:26:47 | ERROR    | __main__:backup_task:186 - Error in backup task: name 'time' is not defined
2025-05-01 20:26:47 | ERROR    | __main__:backup_task:186 - Error in backup task: name 'time' is not defined
2025-05-01 20:26:47 | ERROR    | __main__:backup_task:186 - Error in backup task: name 'time' is not defined
2025-05-01 20:26:47 | ERROR    | __main__:backup_task:186 - Error in backup task: name 'time' is not defined
2025-05-01 20:26:47 | ERROR    | __main__:backup_task:186 - Error in backup task: name 'time' is not defined
2025-05-01 20:26:47 | ERROR    | __main__:backup_task:186 - Error in backup task: name 'time' is not defined
2025-05-01 20:26:47 | ERROR    | __main__:backup_task:186 - Error in backup task: name 'time' is not defined
2025-05-01 20:26:47 | ERROR    | __main__:backup_task:186 - Error in backup task: name 'time' is not defined
2025-05-01 20:26:47 | ERROR    | __main__:backup_task:186 - Error in backup task: name 'time' is not defined
2025-05-01 20:26:47 | ERROR    | __main__:backup_task:186 - Error in backup task: name 'time' is not defined
2025-05-01 20:26:47 | ERROR    | __main__:backup_task:186 - Error in backup task: name 'time' is not defined
2025-05-01 20:26:47 | ERROR    | __main__:backup_task:186 - Error in backup task: name 'time' is not defined
2025-05-01 20:26:47 | ERROR    | __main__:backup_task:186 - Error in backup task: name 'time' is not defined
2025-05-01 20:26:47 | ERROR    | __main__:backup_task:186 - Error in backup task: name 'time' is not defined
2025-05-01 20:26:47 | ERROR    | __main__:backup_task:186 - Error in backup task: name 'time' is not defined
2025-05-01 20:26:47 | ERROR    | __main__:backup_task:186 - Error in backup task: name 'time' is not defined
2025-05-01 20:26:47 | ERROR    | __main__:backup_task:186 - Error in backup task: name 'time' is not defined
2025-05-01 20:26:47 | ERROR    | __main__:backup_task:186 - Error in backup task: name 'time' is not defined
2025-05-01 20:26:47 | ERROR    | __main__:backup_task:186 - Error in backup task: name 'time' is not defined
2025-05-01 20:26:47 | ERROR    | __main__:backup_task:186 - Error in backup task: name 'time' is not defined
2025-05-01 20:26:47 | ERROR    | __main__:backup_task:186 - Error in backup task: name 'time' is not defined
2025-05-01 20:26:47 | ERROR    | __main__:backup_task:186 - Error in backup task: name 'time' is not defined
2025-05-01 20:26:47 | ERROR    | __main__:backup_task:186 - Error in backup task: name 'time' is not defined
2025-05-01 20:26:47 | ERROR    | __main__:backup_task:186 - Error in backup task: name 'time' is not defined
2025-05-01 20:26:47 | ERROR    | __main__:backup_task:186 - Error in backup task: name 'time' is not defined
2025-05-01 20:26:47 | ERROR    | __main__:backup_task:186 - Error in backup task: name 'time' is not defined
2025-05-01 20:26:47 | ERROR    | __main__:backup_task:186 - Error in backup task: name 'time' is not defined
2025-05-01 20:26:47 | ERROR    | __main__:backup_task:186 - Error in backup task: name 'time' is not defined
2025-05-01 20:26:47 | ERROR    | __main__:backup_task:186 - Error in backup task: name 'time' is not defined
2025-05-01 20:26:47 | ERROR    | __main__:backup_task:186 - Error in backup task: name 'time' is not defined
2025-05-01 20:26:47 | ERROR    | __main__:backup_task:186 - Error in backup task: name 'time' is not defined
2025-05-01 20:26:47 | ERROR    | __main__:backup_task:186 - Error in backup task: name 'time' is not defined
2025-05-01 20:26:47 | ERROR    | __main__:backup_task:186 - Error in backup task: name 'time' is not defined
2025-05-01 20:26:47 | ERROR    | __main__:backup_task:186 - Error in backup task: name 'time' is not defined
2025-05-01 20:26:47 | ERROR    | __main__:backup_task:186 - Error in backup task: name 'time' is not defined
2025-05-01 20:26:47 | ERROR    | __main__:backup_task:186 - Error in backup task: name 'time' is not defined
2025-05-01 20:26:47 | ERROR    | __main__:backup_task:186 - Error in backup task: name 'time' is not defined
2025-05-01 20:26:47 | ERROR    | __main__:backup_task:186 - Error in backup task: name 'time' is not defined
2025-05-01 20:26:47 | ERROR    | __main__:backup_task:186 - Error in backup task: name 'time' is not defined
2025-05-01 20:26:47 | ERROR    | __main__:backup_task:186 - Error in backup task: name 'time' is not defined
2025-05-01 20:26:47 | ERROR    | __main__:backup_task:186 - Error in backup task: name 'time' is not defined
2025-05-01 20:26:47 | ERROR    | __main__:backup_task:186 - Error in backup task: name 'time' is not defined
2025-05-01 20:26:47 | ERROR    | __main__:backup_task:186 - Error in backup task: name 'time' is not defined
2025-05-01 20:26:47 | ERROR    | __main__:backup_task:186 - Error in backup task: name 'time' is not defined
2025-05-01 20:26:47 | ERROR    | __main__:backup_task:186 - Error in backup task: name 'time' is not defined
2025-05-01 20:26:47 | ERROR    | __main__:backup_task:186 - Error in backup task: name 'time' is not defined
2025-05-01 20:26:47 | ERROR    | __main__:backup_task:186 - Error in backup task: name 'time' is not defined
2025-05-01 20:26:47 | ERROR    | __main__:backup_task:186 - Error in backup task: name 'time' is not defined
2025-05-01 20:26:47 | ERROR    | __main__:backup_task:186 - Error in backup task: name 'time' is not defined
2025-05-01 20:26:47 | ERROR    | __main__:backup_task:186 - Error in backup task: name 'time' is not defined
2025-05-01 20:26:47 | ERROR    | __main__:backup_task:186 - Error in backup task: name 'time' is not defined
2025-05-01 20:26:47 | ERROR    | __main__:backup_task:186 - Error in backup task: name 'time' is not defined
2025-05-01 20:26:47 | ERROR    | __main__:backup_task:186 - Error in backup task: name 'time' is not defined
2025-05-01 20:26:47 | ERROR    | __main__:backup_task:186 - Error in backup task: name 'time' is not defined
2025-05-01 20:26:47 | ERROR    | __main__:backup_task:186 - Error in backup task: name 'time' is not defined
2025-05-01 20:26:47 | ERROR    | __main__:backup_task:186 - Error in backup task: name 'time' is not defined
2025-05-01 20:26:47 | ERROR    | __main__:backup_task:186 - Error in backup task: name 'time' is not defined
2025-05-01 20:26:47 | ERROR    | __main__:backup_task:186 - Error in backup task: name 'time' is not defined
2025-05-01 20:26:47 | ERROR    | __main__:backup_task:186 - Error in backup task: name 'time' is not defined
2025-05-01 20:26:47 | ERROR    | __main__:backup_task:186 - Error in backup task: name 'time' is not defined
2025-05-01 20:26:47 | ERROR    | __main__:backup_task:186 - Error in backup task: name 'time' is not defined
2025-05-01 20:26:47 | ERROR    | __main__:backup_task:186 - Error in backup task: name 'time' is not defined
2025-05-01 20:26:47 | ERROR    | __main__:backup_task:186 - Error in backup task: name 'time' is not defined
2025-05-01 20:26:47 | ERROR    | __main__:backup_task:186 - Error in backup task: name 'time' is not defined
2025-05-01 20:26:47 | ERROR    | __main__:backup_task:186 - Error in backup task: name 'time' is not defined
2025-05-01 20:26:47 | ERROR    | __main__:backup_task:186 - Error in backup task: name 'time' is not defined
2025-05-01 20:26:47 | ERROR    | __main__:backup_task:186 - Error in backup task: name 'time' is not defined
2025-05-01 20:26:47 | ERROR    | __main__:backup_task:186 - Error in backup task: name 'time' is not defined
2025-05-01 20:26:47 | ERROR    | __main__:backup_task:186 - Error in backup task: name 'time' is not defined
2025-05-01 20:26:47 | ERROR    | __main__:backup_task:186 - Error in backup task: name 'time' is not defined
2025-05-01 20:26:47 | ERROR    | __main__:backup_task:186 - Error in backup task: name 'time' is not defined
2025-05-01 20:26:47 | ERROR    | __main__:backup_task:186 - Error in backup task: name 'time' is not defined
2025-05-01 20:26:47 | ERROR    | __main__:backup_task:186 - Error in backup task: name 'time' is not defined
2025-05-01 20:26:47 | ERROR    | __main__:backup_task:186 - Error in backup task: name 'time' is not defined
2025-05-01 20:26:47 | ERROR    | __main__:backup_task:186 - Error in backup task: name 'time' is not defined
2025-05-01 20:26:47 | ERROR    | __main__:backup_task:186 - Error in backup task: name 'time' is not defined
2025-05-01 20:26:47 | ERROR    | __main__:backup_task:186 - Error in backup task: name 'time' is not defined
2025-05-01 20:26:47 | ERROR    | __main__:backup_task:186 - Error in backup task: name 'time' is not defined
2025-05-01 20:26:47 | ERROR    | __main__:backup_task:186 - Error in backup task: name 'time' is not defined
2025-05-01 20:26:47 | ERROR    | __main__:backup_task:186 - Error in backup task: name 'time' is not defined
2025-05-01 20:26:47 | ERROR    | __main__:backup_task:186 - Error in backup task: name 'time' is not defined
2025-05-01 20:26:47 | ERROR    | __main__:backup_task:186 - Error in backup task: name 'time' is not defined
2025-05-01 20:26:47 | ERROR    | __main__:backup_task:186 - Error in backup task: name 'time' is not defined
2025-05-01 20:26:47 | ERROR    | __main__:backup_task:186 - Error in backup task: name 'time' is not defined
2025-05-01 20:26:47 | ERROR    | __main__:backup_task:186 - Error in backup task: name 'time' is not defined
2025-05-01 20:26:47 | ERROR    | __main__:backup_task:186 - Error in backup task: name 'time' is not defined
2025-05-01 20:26:47 | ERROR    | __main__:backup_task:186 - Error in backup task: name 'time' is not defined
2025-05-01 20:26:47 | ERROR    | __main__:backup_task:186 - Error in backup task: name 'time' is not defined
2025-05-01 20:26:47 | ERROR    | __main__:backup_task:186 - Error in backup task: name 'time' is not defined
2025-05-01 20:26:47 | ERROR    | __main__:backup_task:186 - Error in backup task: name 'time' is not defined
2025-05-01 20:26:47 | ERROR    | __main__:backup_task:186 - Error in backup task: name 'time' is not defined
2025-05-01 20:26:47 | ERROR    | __main__:backup_task:186 - Error in backup task: name 'time' is not defined
2025-05-01 20:26:47 | ERROR    | __main__:backup_task:186 - Error in backup task: name 'time' is not defined
2025-05-01 20:26:47 | ERROR    | __main__:backup_task:186 - Error in backup task: name 'time' is not defined
2025-05-01 20:26:47 | ERROR    | __main__:backup_task:186 - Error in backup task: name 'time' is not defined
2025-05-01 20:26:47 | ERROR    | __main__:backup_task:186 - Error in backup task: name 'time' is not defined
2025-05-01 20:26:47 | ERROR    | __main__:backup_task:186 - Error in backup task: name 'time' is not defined
2025-05-01 20:26:47 | ERROR    | __main__:backup_task:186 - Error in backup task: name 'time' is not defined
2025-05-01 20:26:47 | ERROR    | __main__:backup_task:186 - Error in backup task: name 'time' is not defined
2025-05-01 20:26:47 | ERROR    | __main__:backup_task:186 - Error in backup task: name 'time' is not defined
2025-05-01 20:26:47 | ERROR    | __main__:backup_task:186 - Error in backup task: name 'time' is not defined
2025-05-01 20:26:47 | ERROR    | __main__:backup_task:186 - Error in backup task: name 'time' is not defined
2025-05-01 20:26:47 | ERROR    | __main__:backup_task:186 - Error in backup task: name 'time' is not defined
2025-05-01 20:26:47 | ERROR    | __main__:backup_task:186 - Error in backup task: name 'time' is not defined
2025-05-01 20:26:47 | ERROR    | __main__:backup_task:186 - Error in backup task: name 'time' is not defined
2025-05-01 20:26:47 | ERROR    | __main__:backup_task:186 - Error in backup task: name 'time' is not defined
2025-05-01 20:26:47 | ERROR    | __main__:backup_task:186 - Error in backup task: name 'time' is not defined
2025-05-01 20:26:47 | ERROR    | __main__:backup_task:186 - Error in backup task: name 'time' is not defined
2025-05-01 20:26:47 | ERROR    | __main__:backup_task:186 - Error in backup task: name 'time' is not defined
2025-05-01 20:26:47 | ERROR    | __main__:backup_task:186 - Error in backup task: name 'time' is not defined
2025-05-01 20:26:47 | ERROR    | __main__:backup_task:186 - Error in backup task: name 'time' is not defined
2025-05-01 20:26:47 | ERROR    | __main__:backup_task:186 - Error in backup task: name 'time' is not defined
2025-05-01 20:26:47 | ERROR    | __main__:backup_task:186 - Error in backup task: name 'time' is not defined
2025-05-01 20:26:47 | ERROR    | __main__:backup_task:186 - Error in backup task: name 'time' is not defined
2025-05-01 20:26:47 | ERROR    | __main__:backup_task:186 - Error in backup task: name 'time' is not defined
2025-05-01 20:26:47 | ERROR    | __main__:backup_task:186 - Error in backup task: name 'time' is not defined
2025-05-01 20:26:47 | ERROR    | __main__:backup_task:186 - Error in backup task: name 'time' is not defined
2025-05-01 20:26:47 | ERROR    | __main__:backup_task:186 - Error in backup task: name 'time' is not defined
2025-05-01 20:26:47 | ERROR    | __main__:backup_task:186 - Error in backup task: name 'time' is not defined
2025-05-01 20:26:47 | ERROR    | __main__:backup_task:186 - Error in backup task: name 'time' is not defined
2025-05-01 20:26:47 | ERROR    | __main__:backup_task:186 - Error in backup task: name 'time' is not defined
2025-05-01 20:26:47 | ERROR    | __main__:backup_task:186 - Error in backup task: name 'time' is not defined
2025-05-01 20:26:47 | ERROR    | __main__:backup_task:186 - Error in backup task: name 'time' is not defined
2025-05-01 20:26:47 | ERROR    | __main__:backup_task:186 - Error in backup task: name 'time' is not defined
2025-05-01 20:26:47 | ERROR    | __main__:backup_task:186 - Error in backup task: name 'time' is not defined
2025-05-01 20:26:47 | ERROR    | __main__:backup_task:186 - Error in backup task: name 'time' is not defined
2025-05-01 20:26:47 | ERROR    | __main__:backup_task:186 - Error in backup task: name 'time' is not defined
2025-05-01 20:26:47 | ERROR    | __main__:backup_task:186 - Error in backup task: name 'time' is not defined
2025-05-01 20:26:47 | ERROR    | __main__:backup_task:186 - Error in backup task: name 'time' is not defined
2025-05-01 20:26:47 | ERROR    | __main__:backup_task:186 - Error in backup task: name 'time' is not defined
2025-05-01 20:26:47 | ERROR    | __main__:backup_task:186 - Error in backup task: name 'time' is not defined
2025-05-01 20:26:47 | ERROR    | __main__:backup_task:186 - Error in backup task: name 'time' is not defined
2025-05-01 20:26:47 | ERROR    | __main__:backup_task:186 - Error in backup task: name 'time' is not defined
2025-05-01 20:26:47 | ERROR    | __main__:backup_task:186 - Error in backup task: name 'time' is not defined
2025-05-01 20:26:47 | ERROR    | __main__:backup_task:186 - Error in backup task: name 'time' is not defined
2025-05-01 20:26:47 | ERROR    | __main__:backup_task:186 - Error in backup task: name 'time' is not defined
2025-05-01 20:26:47 | ERROR    | __main__:backup_task:186 - Error in backup task: name 'time' is not defined
2025-05-01 20:26:47 | ERROR    | __main__:backup_task:186 - Error in backup task: name 'time' is not defined
2025-05-01 20:26:47 | ERROR    | __main__:backup_task:186 - Error in backup task: name 'time' is not defined
2025-05-01 20:26:47 | ERROR    | __main__:backup_task:186 - Error in backup task: name 'time' is not defined
2025-05-01 20:26:47 | ERROR    | __main__:backup_task:186 - Error in backup task: name 'time' is not defined
2025-05-01 20:26:47 | ERROR    | __main__:backup_task:186 - Error in backup task: name 'time' is not defined
2025-05-01 20:26:47 | ERROR    | __main__:backup_task:186 - Error in backup task: name 'time' is not defined
2025-05-01 20:26:47 | ERROR    | __main__:backup_task:186 - Error in backup task: name 'time' is not defined
2025-05-01 20:26:47 | ERROR    | __main__:backup_task:186 - Error in backup task: name 'time' is not defined
2025-05-01 20:26:47 | ERROR    | __main__:backup_task:186 - Error in backup task: name 'time' is not defined
2025-05-01 20:26:47 | ERROR    | __main__:backup_task:186 - Error in backup task: name 'time' is not defined
2025-05-01 20:26:47 | ERROR    | __main__:backup_task:186 - Error in backup task: name 'time' is not defined
2025-05-01 20:26:47 | ERROR    | __main__:backup_task:186 - Error in backup task: name 'time' is not defined
2025-05-01 20:26:47 | ERROR    | __main__:backup_task:186 - Error in backup task: name 'time' is not defined
2025-05-01 20:26:47 | ERROR    | __main__:backup_task:186 - Error in backup task: name 'time' is not defined
2025-05-01 20:26:47 | ERROR    | __main__:backup_task:186 - Error in backup task: name 'time' is not defined
2025-05-01 20:26:47 | ERROR    | __main__:backup_task:186 - Error in backup task: name 'time' is not defined
2025-05-01 20:26:47 | ERROR    | __main__:backup_task:186 - Error in backup task: name 'time' is not defined
2025-05-01 20:26:47 | ERROR    | __main__:backup_task:186 - Error in backup task: name 'time' is not defined
2025-05-01 20:26:47 | ERROR    | __main__:backup_task:186 - Error in backup task: name 'time' is not defined
2025-05-01 20:26:47 | ERROR    | __main__:backup_task:186 - Error in backup task: name 'time' is not defined
2025-05-01 20:26:47 | ERROR    | __main__:backup_task:186 - Error in backup task: name 'time' is not defined
2025-05-01 20:26:47 | ERROR    | __main__:backup_task:186 - Error in backup task: name 'time' is not defined
2025-05-01 20:26:47 | ERROR    | __main__:backup_task:186 - Error in backup task: name 'time' is not defined
2025-05-01 20:26:47 | ERROR    | __main__:backup_task:186 - Error in backup task: name 'time' is not defined
2025-05-01 20:26:47 | ERROR    | __main__:backup_task:186 - Error in backup task: name 'time' is not defined
2025-05-01 20:26:47 | ERROR    | __main__:backup_task:186 - Error in backup task: name 'time' is not defined
2025-05-01 20:26:47 | ERROR    | __main__:backup_task:186 - Error in backup task: name 'time' is not defined
2025-05-01 20:26:47 | ERROR    | __main__:backup_task:186 - Error in backup task: name 'time' is not defined
2025-05-01 20:26:47 | ERROR    | __main__:backup_task:186 - Error in backup task: name 'time' is not defined
2025-05-01 20:26:47 | ERROR    | __main__:backup_task:186 - Error in backup task: name 'time' is not defined
2025-05-01 20:26:47 | ERROR    | __main__:backup_task:186 - Error in backup task: name 'time' is not defined
2025-05-01 20:26:47 | ERROR    | __main__:backup_task:186 - Error in backup task: name 'time' is not defined
2025-05-01 20:26:47 | ERROR    | __main__:backup_task:186 - Error in backup task: name 'time' is not defined
2025-05-01 20:26:47 | ERROR    | __main__:backup_task:186 - Error in backup task: name 'time' is not defined
2025-05-01 20:26:47 | ERROR    | __main__:backup_task:186 - Error in backup task: name 'time' is not defined
2025-05-01 20:26:47 | ERROR    | __main__:backup_task:186 - Error in backup task: name 'time' is not defined
2025-05-01 20:26:47 | ERROR    | __main__:backup_task:186 - Error in backup task: name 'time' is not defined
2025-05-01 20:26:47 | ERROR    | __main__:backup_task:186 - Error in backup task: name 'time' is not defined
2025-05-01 20:26:47 | ERROR    | __main__:backup_task:186 - Error in backup task: name 'time' is not defined
2025-05-01 20:26:47 | ERROR    | __main__:backup_task:186 - Error in backup task: name 'time' is not defined
2025-05-01 20:26:47 | ERROR    | __main__:backup_task:186 - Error in backup task: name 'time' is not defined
2025-05-01 20:26:47 | ERROR    | __main__:backup_task:186 - Error in backup task: name 'time' is not defined
2025-05-01 20:26:47 | ERROR    | __main__:backup_task:186 - Error in backup task: name 'time' is not defined
2025-05-01 20:26:47 | ERROR    | __main__:backup_task:186 - Error in backup task: name 'time' is not defined
2025-05-01 20:26:47 | ERROR    | __main__:backup_task:186 - Error in backup task: name 'time' is not defined
2025-05-01 20:26:47 | ERROR    | __main__:backup_task:186 - Error in backup task: name 'time' is not defined
2025-05-01 20:26:47 | ERROR    | __main__:backup_task:186 - Error in backup task: name 'time' is not defined
2025-05-01 20:26:47 | ERROR    | __main__:backup_task:186 - Error in backup task: name 'time' is not defined
2025-05-01 20:26:47 | ERROR    | __main__:backup_task:186 - Error in backup task: name 'time' is not defined
2025-05-01 20:26:47 | ERROR    | __main__:backup_task:186 - Error in backup task: name 'time' is not defined
2025-05-01 20:26:47 | ERROR    | __main__:backup_task:186 - Error in backup task: name 'time' is not defined
2025-05-01 20:26:47 | ERROR    | __main__:backup_task:186 - Error in backup task: name 'time' is not defined
2025-05-01 20:26:47 | ERROR    | __main__:backup_task:186 - Error in backup task: name 'time' is not defined
2025-05-01 20:26:47 | ERROR    | __main__:backup_task:186 - Error in backup task: name 'time' is not defined
2025-05-01 20:26:47 | ERROR    | __main__:backup_task:186 - Error in backup task: name 'time' is not defined
2025-05-01 20:26:47 | ERROR    | __main__:backup_task:186 - Error in backup task: name 'time' is not defined
2025-05-01 20:26:47 | ERROR    | __main__:backup_task:186 - Error in backup task: name 'time' is not defined
2025-05-01 20:26:47 | ERROR    | __main__:backup_task:186 - Error in backup task: name 'time' is not defined
2025-05-01 20:26:47 | ERROR    | __main__:backup_task:186 - Error in backup task: name 'time' is not defined
2025-05-01 20:26:47 | ERROR    | __main__:backup_task:186 - Error in backup task: name 'time' is not defined
2025-05-01 20:26:47 | ERROR    | __main__:backup_task:186 - Error in backup task: name 'time' is not defined
2025-05-01 20:26:47 | ERROR    | __main__:backup_task:186 - Error in backup task: name 'time' is not defined
2025-05-01 20:26:47 | ERROR    | __main__:backup_task:186 - Error in backup task: name 'time' is not defined
2025-05-01 20:26:47 | ERROR    | __main__:backup_task:186 - Error in backup task: name 'time' is not defined
2025-05-01 20:26:47 | ERROR    | __main__:backup_task:186 - Error in backup task: name 'time' is not defined
2025-05-01 20:26:47 | ERROR    | __main__:backup_task:186 - Error in backup task: name 'time' is not defined
2025-05-01 20:26:47 | ERROR    | __main__:backup_task:186 - Error in backup task: name 'time' is not defined
2025-05-01 20:26:47 | ERROR    | __main__:backup_task:186 - Error in backup task: name 'time' is not defined
2025-05-01 20:26:47 | ERROR    | __main__:backup_task:186 - Error in backup task: name 'time' is not defined
2025-05-01 20:26:47 | ERROR    | __main__:backup_task:186 - Error in backup task: name 'time' is not defined
2025-05-01 20:26:47 | ERROR    | __main__:backup_task:186 - Error in backup task: name 'time' is not defined
2025-05-01 20:26:47 | ERROR    | __main__:backup_task:186 - Error in backup task: name 'time' is not defined
2025-05-01 20:26:47 | ERROR    | __main__:backup_task:186 - Error in backup task: name 'time' is not defined
2025-05-01 20:26:47 | ERROR    | __main__:backup_task:186 - Error in backup task: name 'time' is not defined
2025-05-01 20:26:47 | ERROR    | __main__:backup_task:186 - Error in backup task: name 'time' is not defined
2025-05-01 20:26:47 | ERROR    | __main__:backup_task:186 - Error in backup task: name 'time' is not defined
2025-05-01 20:26:47 | ERROR    | __main__:backup_task:186 - Error in backup task: name 'time' is not defined
2025-05-01 20:26:47 | ERROR    | __main__:backup_task:186 - Error in backup task: name 'time' is not defined
2025-05-01 20:26:47 | ERROR    | __main__:backup_task:186 - Error in backup task: name 'time' is not defined
2025-05-01 20:26:47 | ERROR    | __main__:backup_task:186 - Error in backup task: name 'time' is not defined
2025-05-01 20:26:47 | ERROR    | __main__:backup_task:186 - Error in backup task: name 'time' is not defined
2025-05-01 20:26:47 | ERROR    | __main__:backup_task:186 - Error in backup task: name 'time' is not defined
2025-05-01 20:26:47 | ERROR    | __main__:backup_task:186 - Error in backup task: name 'time' is not defined
2025-05-01 20:26:47 | ERROR    | __main__:backup_task:186 - Error in backup task: name 'time' is not defined
2025-05-01 20:26:47 | ERROR    | __main__:backup_task:186 - Error in backup task: name 'time' is not defined
2025-05-01 20:26:47 | ERROR    | __main__:backup_task:186 - Error in backup task: name 'time' is not defined
2025-05-01 20:26:47 | ERROR    | __main__:backup_task:186 - Error in backup task: name 'time' is not defined
2025-05-01 20:26:47 | ERROR    | __main__:backup_task:186 - Error in backup task: name 'time' is not defined
2025-05-01 20:26:47 | ERROR    | __main__:backup_task:186 - Error in backup task: name 'time' is not defined
2025-05-01 20:26:47 | ERROR    | __main__:backup_task:186 - Error in backup task: name 'time' is not defined
2025-05-01 20:26:47 | ERROR    | __main__:backup_task:186 - Error in backup task: name 'time' is not defined
2025-05-01 20:26:47 | ERROR    | __main__:backup_task:186 - Error in backup task: name 'time' is not defined
2025-05-01 20:26:47 | ERROR    | __main__:backup_task:186 - Error in backup task: name 'time' is not defined
2025-05-01 20:26:47 | ERROR    | __main__:backup_task:186 - Error in backup task: name 'time' is not defined
2025-05-01 20:26:47 | ERROR    | __main__:backup_task:186 - Error in backup task: name 'time' is not defined
2025-05-01 20:26:47 | ERROR    | __main__:backup_task:186 - Error in backup task: name 'time' is not defined
2025-05-01 20:26:47 | ERROR    | __main__:backup_task:186 - Error in backup task: name 'time' is not defined
2025-05-01 20:26:47 | ERROR    | __main__:backup_task:186 - Error in backup task: name 'time' is not defined
2025-05-01 20:26:47 | ERROR    | __main__:backup_task:186 - Error in backup task: name 'time' is not defined
2025-05-01 20:26:47 | ERROR    | __main__:backup_task:186 - Error in backup task: name 'time' is not defined
2025-05-01 20:26:47 | ERROR    | __main__:backup_task:186 - Error in backup task: name 'time' is not defined
2025-05-01 20:26:47 | ERROR    | __main__:backup_task:186 - Error in backup task: name 'time' is not defined
2025-05-01 20:26:47 | ERROR    | __main__:backup_task:186 - Error in backup task: name 'time' is not defined
2025-05-01 20:26:47 | ERROR    | __main__:backup_task:186 - Error in backup task: name 'time' is not defined
2025-05-01 20:26:47 | ERROR    | __main__:backup_task:186 - Error in backup task: name 'time' is not defined
2025-05-01 20:26:47 | ERROR    | __main__:backup_task:186 - Error in backup task: name 'time' is not defined
2025-05-01 20:26:47 | ERROR    | __main__:backup_task:186 - Error in backup task: name 'time' is not defined
2025-05-01 20:26:47 | ERROR    | __main__:backup_task:186 - Error in backup task: name 'time' is not defined
2025-05-01 20:26:47 | ERROR    | __main__:backup_task:186 - Error in backup task: name 'time' is not defined
2025-05-01 20:26:47 | ERROR    | __main__:backup_task:186 - Error in backup task: name 'time' is not defined
2025-05-01 20:26:47 | ERROR    | __main__:backup_task:186 - Error in backup task: name 'time' is not defined
2025-05-01 20:26:47 | ERROR    | __main__:backup_task:186 - Error in backup task: name 'time' is not defined
2025-05-01 20:26:47 | ERROR    | __main__:backup_task:186 - Error in backup task: name 'time' is not defined
2025-05-01 20:26:47 | ERROR    | __main__:backup_task:186 - Error in backup task: name 'time' is not defined
2025-05-01 20:26:47 | ERROR    | __main__:backup_task:186 - Error in backup task: name 'time' is not defined
2025-05-01 20:26:47 | ERROR    | __main__:backup_task:186 - Error in backup task: name 'time' is not defined
2025-05-01 20:26:47 | ERROR    | __main__:backup_task:186 - Error in backup task: name 'time' is not defined
2025-05-01 20:26:47 | ERROR    | __main__:backup_task:186 - Error in backup task: name 'time' is not defined
2025-05-01 20:26:47 | ERROR    | __main__:backup_task:186 - Error in backup task: name 'time' is not defined
2025-05-01 20:26:47 | ERROR    | __main__:backup_task:186 - Error in backup task: name 'time' is not defined
2025-05-01 20:26:47 | ERROR    | __main__:backup_task:186 - Error in backup task: name 'time' is not defined
2025-05-01 20:26:47 | ERROR    | __main__:backup_task:186 - Error in backup task: name 'time' is not defined
2025-05-01 20:26:47 | ERROR    | __main__:backup_task:186 - Error in backup task: name 'time' is not defined
2025-05-01 20:26:47 | ERROR    | __main__:backup_task:186 - Error in backup task: name 'time' is not defined
2025-05-01 20:26:47 | ERROR    | __main__:backup_task:186 - Error in backup task: name 'time' is not defined
2025-05-01 20:26:47 | ERROR    | __main__:backup_task:186 - Error in backup task: name 'time' is not defined
2025-05-01 20:26:47 | ERROR    | __main__:backup_task:186 - Error in backup task: name 'time' is not defined
2025-05-01 20:26:47 | ERROR    | __main__:backup_task:186 - Error in backup task: name 'time' is not defined
2025-05-01 20:26:47 | ERROR    | __main__:backup_task:186 - Error in backup task: name 'time' is not defined
2025-05-01 20:26:47 | ERROR    | __main__:backup_task:186 - Error in backup task: name 'time' is not defined
2025-05-01 20:26:47 | ERROR    | __main__:backup_task:186 - Error in backup task: name 'time' is not defined
2025-05-01 20:26:47 | ERROR    | __main__:backup_task:186 - Error in backup task: name 'time' is not defined
2025-05-01 20:26:47 | ERROR    | __main__:backup_task:186 - Error in backup task: name 'time' is not defined
2025-05-01 20:26:47 | ERROR    | __main__:backup_task:186 - Error in backup task: name 'time' is not defined
2025-05-01 20:26:47 | ERROR    | __main__:backup_task:186 - Error in backup task: name 'time' is not defined
2025-05-01 20:26:47 | ERROR    | __main__:backup_task:186 - Error in backup task: name 'time' is not defined
2025-05-01 20:26:47 | ERROR    | __main__:backup_task:186 - Error in backup task: name 'time' is not defined
2025-05-01 20:26:47 | ERROR    | __main__:backup_task:186 - Error in backup task: name 'time' is not defined
2025-05-01 20:26:47 | ERROR    | __main__:backup_task:186 - Error in backup task: name 'time' is not defined
2025-05-01 20:26:47 | ERROR    | __main__:backup_task:186 - Error in backup task: name 'time' is not defined
2025-05-01 20:26:47 | ERROR    | __main__:backup_task:186 - Error in backup task: name 'time' is not defined
2025-05-01 20:26:47 | ERROR    | __main__:backup_task:186 - Error in backup task: name 'time' is not defined
2025-05-01 20:26:47 | ERROR    | __main__:backup_task:186 - Error in backup task: name 'time' is not defined
2025-05-01 20:26:47 | ERROR    | __main__:backup_task:186 - Error in backup task: name 'time' is not defined
2025-05-01 20:26:47 | ERROR    | __main__:backup_task:186 - Error in backup task: name 'time' is not defined
2025-05-01 20:26:47 | ERROR    | __main__:backup_task:186 - Error in backup task: name 'time' is not defined
2025-05-01 20:26:47 | ERROR    | __main__:backup_task:186 - Error in backup task: name 'time' is not defined
2025-05-01 20:26:47 | ERROR    | __main__:backup_task:186 - Error in backup task: name 'time' is not defined
2025-05-01 20:26:47 | ERROR    | __main__:backup_task:186 - Error in backup task: name 'time' is not defined
2025-05-01 20:26:47 | ERROR    | __main__:backup_task:186 - Error in backup task: name 'time' is not defined
2025-05-01 20:26:47 | ERROR    | __main__:backup_task:186 - Error in backup task: name 'time' is not defined
2025-05-01 20:26:47 | ERROR    | __main__:backup_task:186 - Error in backup task: name 'time' is not defined
2025-05-01 20:26:47 | ERROR    | __main__:backup_task:186 - Error in backup task: name 'time' is not defined
2025-05-01 20:26:47 | ERROR    | __main__:backup_task:186 - Error in backup task: name 'time' is not defined
2025-05-01 20:26:47 | ERROR    | __main__:backup_task:186 - Error in backup task: name 'time' is not defined
2025-05-01 20:26:47 | ERROR    | __main__:backup_task:186 - Error in backup task: name 'time' is not defined
2025-05-01 20:26:47 | ERROR    | __main__:backup_task:186 - Error in backup task: name 'time' is not defined
2025-05-01 20:26:47 | ERROR    | __main__:backup_task:186 - Error in backup task: name 'time' is not defined
2025-05-01 20:26:47 | ERROR    | __main__:backup_task:186 - Error in backup task: name 'time' is not defined
2025-05-01 20:26:47 | ERROR    | __main__:backup_task:186 - Error in backup task: name 'time' is not defined
2025-05-01 20:26:47 | ERROR    | __main__:backup_task:186 - Error in backup task: name 'time' is not defined
2025-05-01 20:26:47 | ERROR    | __main__:backup_task:186 - Error in backup task: name 'time' is not defined
2025-05-01 20:26:47 | ERROR    | __main__:backup_task:186 - Error in backup task: name 'time' is not defined
2025-05-01 20:26:47 | ERROR    | __main__:backup_task:186 - Error in backup task: name 'time' is not defined
2025-05-01 20:26:47 | ERROR    | __main__:backup_task:186 - Error in backup task: name 'time' is not defined
2025-05-01 20:26:47 | ERROR    | __main__:backup_task:186 - Error in backup task: name 'time' is not defined
2025-05-01 20:26:47 | ERROR    | __main__:backup_task:186 - Error in backup task: name 'time' is not defined
2025-05-01 20:26:47 | ERROR    | __main__:backup_task:186 - Error in backup task: name 'time' is not defined
2025-05-01 20:26:47 | ERROR    | __main__:backup_task:186 - Error in backup task: name 'time' is not defined
2025-05-01 20:26:47 | ERROR    | __main__:backup_task:186 - Error in backup task: name 'time' is not defined
2025-05-01 20:26:47 | ERROR    | __main__:backup_task:186 - Error in backup task: name 'time' is not defined
2025-05-01 20:26:47 | ERROR    | __main__:backup_task:186 - Error in backup task: name 'time' is not defined
2025-05-01 20:26:47 | ERROR    | __main__:backup_task:186 - Error in backup task: name 'time' is not defined
2025-05-01 20:26:47 | ERROR    | __main__:backup_task:186 - Error in backup task: name 'time' is not defined
2025-05-01 20:26:47 | ERROR    | __main__:backup_task:186 - Error in backup task: name 'time' is not defined
2025-05-01 20:26:47 | ERROR    | __main__:backup_task:186 - Error in backup task: name 'time' is not defined
2025-05-01 20:26:47 | ERROR    | __main__:backup_task:186 - Error in backup task: name 'time' is not defined
2025-05-01 20:26:47 | ERROR    | __main__:backup_task:186 - Error in backup task: name 'time' is not defined
2025-05-01 20:26:47 | ERROR    | __main__:backup_task:186 - Error in backup task: name 'time' is not defined
2025-05-01 20:26:47 | ERROR    | __main__:backup_task:186 - Error in backup task: name 'time' is not defined
2025-05-01 20:26:47 | ERROR    | __main__:backup_task:186 - Error in backup task: name 'time' is not defined
2025-05-01 20:26:47 | ERROR    | __main__:backup_task:186 - Error in backup task: name 'time' is not defined
2025-05-01 20:26:47 | ERROR    | __main__:backup_task:186 - Error in backup task: name 'time' is not defined
2025-05-01 20:26:47 | ERROR    | __main__:backup_task:186 - Error in backup task: name 'time' is not defined
2025-05-01 20:26:47 | ERROR    | __main__:backup_task:186 - Error in backup task: name 'time' is not defined
2025-05-01 20:26:47 | ERROR    | __main__:backup_task:186 - Error in backup task: name 'time' is not defined
2025-05-01 20:26:47 | ERROR    | __main__:backup_task:186 - Error in backup task: name 'time' is not defined
2025-05-01 20:26:47 | ERROR    | __main__:backup_task:186 - Error in backup task: name 'time' is not defined
2025-05-01 20:26:47 | ERROR    | __main__:backup_task:186 - Error in backup task: name 'time' is not defined
2025-05-01 20:26:47 | ERROR    | __main__:backup_task:186 - Error in backup task: name 'time' is not defined
2025-05-01 20:26:47 | ERROR    | __main__:backup_task:186 - Error in backup task: name 'time' is not defined
2025-05-01 20:26:47 | ERROR    | __main__:backup_task:186 - Error in backup task: name 'time' is not defined
2025-05-01 20:26:47 | ERROR    | __main__:backup_task:186 - Error in backup task: name 'time' is not defined
2025-05-01 20:26:47 | ERROR    | __main__:backup_task:186 - Error in backup task: name 'time' is not defined
2025-05-01 20:26:47 | ERROR    | __main__:backup_task:186 - Error in backup task: name 'time' is not defined
2025-05-01 20:26:47 | ERROR    | __main__:backup_task:186 - Error in backup task: name 'time' is not defined
2025-05-01 20:26:47 | ERROR    | __main__:backup_task:186 - Error in backup task: name 'time' is not defined
2025-05-01 20:26:47 | ERROR    | __main__:backup_task:186 - Error in backup task: name 'time' is not defined
2025-05-01 20:26:47 | ERROR    | __main__:backup_task:186 - Error in backup task: name 'time' is not defined
2025-05-01 20:26:47 | ERROR    | __main__:backup_task:186 - Error in backup task: name 'time' is not defined
2025-05-01 20:26:47 | ERROR    | __main__:backup_task:186 - Error in backup task: name 'time' is not defined
2025-05-01 20:26:47 | ERROR    | __main__:backup_task:186 - Error in backup task: name 'time' is not defined
2025-05-01 20:26:47 | ERROR    | __main__:backup_task:186 - Error in backup task: name 'time' is not defined
2025-05-01 20:26:47 | ERROR    | __main__:backup_task:186 - Error in backup task: name 'time' is not defined
2025-05-01 20:26:47 | ERROR    | __main__:backup_task:186 - Error in backup task: name 'time' is not defined
2025-05-01 20:26:47 | ERROR    | __main__:backup_task:186 - Error in backup task: name 'time' is not defined
2025-05-01 20:26:47 | ERROR    | __main__:backup_task:186 - Error in backup task: name 'time' is not defined
2025-05-01 20:26:47 | ERROR    | __main__:backup_task:186 - Error in backup task: name 'time' is not defined
2025-05-01 20:26:47 | ERROR    | __main__:backup_task:186 - Error in backup task: name 'time' is not defined
2025-05-01 20:26:47 | ERROR    | __main__:backup_task:186 - Error in backup task: name 'time' is not defined
2025-05-01 20:26:47 | ERROR    | __main__:backup_task:186 - Error in backup task: name 'time' is not defined
2025-05-01 20:26:47 | ERROR    | __main__:backup_task:186 - Error in backup task: name 'time' is not defined
2025-05-01 20:26:47 | ERROR    | __main__:backup_task:186 - Error in backup task: name 'time' is not defined
2025-05-01 20:26:47 | ERROR    | __main__:backup_task:186 - Error in backup task: name 'time' is not defined
2025-05-01 20:26:47 | ERROR    | __main__:backup_task:186 - Error in backup task: name 'time' is not defined
2025-05-01 20:26:47 | ERROR    | __main__:backup_task:186 - Error in backup task: name 'time' is not defined
2025-05-01 20:26:47 | ERROR    | __main__:backup_task:186 - Error in backup task: name 'time' is not defined
2025-05-01 20:26:47 | ERROR    | __main__:backup_task:186 - Error in backup task: name 'time' is not defined
2025-05-01 20:26:47 | ERROR    | __main__:backup_task:186 - Error in backup task: name 'time' is not defined
2025-05-01 20:26:47 | ERROR    | __main__:backup_task:186 - Error in backup task: name 'time' is not defined
2025-05-01 20:26:47 | ERROR    | __main__:backup_task:186 - Error in backup task: name 'time' is not defined
2025-05-01 20:26:47 | ERROR    | __main__:backup_task:186 - Error in backup task: name 'time' is not defined
2025-05-01 20:26:47 | ERROR    | __main__:backup_task:186 - Error in backup task: name 'time' is not defined
2025-05-01 20:26:47 | ERROR    | __main__:backup_task:186 - Error in backup task: name 'time' is not defined
2025-05-01 20:26:47 | ERROR    | __main__:backup_task:186 - Error in backup task: name 'time' is not defined
2025-05-01 20:26:47 | ERROR    | __main__:backup_task:186 - Error in backup task: name 'time' is not defined
2025-05-01 20:26:47 | ERROR    | __main__:backup_task:186 - Error in backup task: name 'time' is not defined
2025-05-01 20:26:47 | ERROR    | __main__:backup_task:186 - Error in backup task: name 'time' is not defined
2025-05-01 20:26:47 | ERROR    | __main__:backup_task:186 - Error in backup task: name 'time' is not defined
2025-05-01 20:27:31 | ERROR    | app.db_migration:run_migrations:39 - Failed to run migrations: Path doesn't exist: 'C:\\Users\\antoi\\chitUI1\\migrations'.  Please use the 'init' command to create a new scripts folder.
2025-05-01 20:27:31 | INFO     | __main__:run:259 - Database migrations completed
2025-05-01 20:27:31 | INFO     | __main__:setup_auto_backup:194 - Automatic database backup task started
2025-05-01 20:27:31 | INFO     | app:create_admin_user:123 - Admin user already exists: admin
2025-05-01 20:27:31 | INFO     | app:load_system_settings:160 - System settings loaded
2025-05-01 20:27:31 | INFO     | app:create_app:96 - Application initialized
2025-05-01 20:27:31 | INFO     | __main__:run:275 - Starting ChitUI server on 0.0.0.0:54780
2025-05-01 20:27:39 | INFO     | app.auth:login:37 - User admin logged in
2025-05-01 20:27:39 | INFO     | app.socket_handlers:handle_connect:27 - Client connected: admin
2025-05-01 20:27:40 | INFO     | app.socket_handlers:handle_printers_request:44 - Client requested printer discovery: admin
2025-05-01 20:27:40 | INFO     | app.printer_manager:discover_printers:33 - Starting printer discovery
2025-05-01 20:27:40 | INFO     | app.printer_manager:process_discovery_response:113 - Discovered printer: 3D Printer (192.168.0.97)
2025-05-01 20:27:41 | INFO     | app.printer_manager:discover_printers:60 - Discovery completed: 1 printers found
2025-05-01 20:27:41 | INFO     | app.socket_handlers:discovery_task:194 - New printer discovered: 3D Printer (192.168.0.97)
2025-05-01 20:27:41 | INFO     | app.printer_manager:connect_printers:247 - Connecting to printers...
2025-05-01 20:27:41 | INFO     | app.printer_manager:connect_printer:272 - Connecting to printer: 3D Printer (ws://192.168.0.97:3030/websocket)
2025-05-01 20:27:41 | INFO     | app.printer_manager:ws_open_handler:309 - Connected to printer: 3D Printer
2025-05-01 20:27:41 | ERROR    | app.printer_manager:ws_message_handler:385 - Error processing WebSocket message: list indices must be integers or slices, not str
2025-05-01 20:27:45 | ERROR    | app.printer_manager:ws_message_handler:385 - Error processing WebSocket message: list indices must be integers or slices, not str
2025-05-01 20:27:56 | INFO     | app.socket_handlers:handle_action_rename:180 - Client requested rename action: 5346909419520100, new name: Antoine
2025-05-01 20:28:23 | INFO     | app.socket_handlers:handle_disconnect:39 - Client disconnected: admin
2025-05-01 20:28:23 | INFO     | app.socket_handlers:handle_connect:27 - Client connected: admin
2025-05-01 20:28:23 | INFO     | app.socket_handlers:handle_printers_request:44 - Client requested printer discovery: admin
2025-05-01 20:28:23 | INFO     | app.printer_manager:discover_printers:33 - Starting printer discovery
2025-05-01 20:28:24 | INFO     | app.printer_manager:process_discovery_response:113 - Discovered printer: Antoine (192.168.0.97)
2025-05-01 20:28:25 | INFO     | app.printer_manager:discover_printers:60 - Discovery completed: 1 printers found
2025-05-01 20:28:25 | INFO     | app.printer_manager:connect_printers:247 - Connecting to printers...
2025-05-01 20:28:25 | INFO     | app.printer_manager:connect_printer:272 - Connecting to printer: Antoine (ws://192.168.0.97:3030/websocket)
2025-05-01 20:28:25 | INFO     | app.printer_manager:ws_open_handler:309 - Connected to printer: Antoine
2025-05-01 20:28:25 | ERROR    | app.printer_manager:ws_message_handler:385 - Error processing WebSocket message: list indices must be integers or slices, not str
2025-05-01 20:28:26 | ERROR    | app.printer_manager:ws_message_handler:385 - Error processing WebSocket message: list indices must be integers or slices, not str
2025-05-01 20:36:57 | INFO     | app.socket_handlers:handle_disconnect:39 - Client disconnected: admin
2025-05-01 20:36:57 | INFO     | app.socket_handlers:handle_connect:27 - Client connected: admin
2025-05-01 20:36:57 | INFO     | app.socket_handlers:handle_printers_request:44 - Client requested printer discovery: admin
2025-05-01 20:36:57 | INFO     | app.printer_manager:discover_printers:33 - Starting printer discovery
2025-05-01 20:36:58 | INFO     | app.printer_manager:process_discovery_response:113 - Discovered printer: Antoine (192.168.0.97)
2025-05-01 20:36:59 | INFO     | app.printer_manager:discover_printers:60 - Discovery completed: 1 printers found
2025-05-01 20:36:59 | INFO     | app.printer_manager:connect_printers:247 - Connecting to printers...
2025-05-01 20:36:59 | INFO     | app.printer_manager:connect_printer:272 - Connecting to printer: Antoine (ws://192.168.0.97:3030/websocket)
2025-05-01 20:36:59 | INFO     | app.printer_manager:ws_open_handler:309 - Connected to printer: Antoine
2025-05-01 20:36:59 | ERROR    | app.printer_manager:ws_message_handler:385 - Error processing WebSocket message: list indices must be integers or slices, not str
2025-05-01 20:47:17 | INFO     | app.socket_handlers:handle_disconnect:39 - Client disconnected: admin
2025-05-01 20:50:27 | ERROR    | app.db_migration:run_migrations:39 - Failed to run migrations: Path doesn't exist: 'C:\\Users\\antoi\\chitUI1\\migrations'.  Please use the 'init' command to create a new scripts folder.
2025-05-01 20:50:27 | INFO     | __main__:run:259 - Database migrations completed
2025-05-01 20:50:27 | INFO     | __main__:setup_auto_backup:194 - Automatic database backup task started
2025-05-01 20:50:27 | INFO     | app:create_admin_user:123 - Admin user already exists: admin
2025-05-01 20:50:27 | INFO     | app:load_system_settings:160 - System settings loaded
2025-05-01 20:50:27 | INFO     | app:create_app:96 - Application initialized
2025-05-01 20:50:27 | INFO     | __main__:run:275 - Starting ChitUI server on 0.0.0.0:54780
2025-05-01 22:09:26 | ERROR    | app.db_migration:run_migrations:39 - Failed to run migrations: Path doesn't exist: 'C:\\Users\\antoi\\chitUI1\\migrations'.  Please use the 'init' command to create a new scripts folder.
2025-05-01 22:09:26 | INFO     | __main__:run:259 - Database migrations completed
2025-05-01 22:09:26 | INFO     | __main__:setup_auto_backup:194 - Automatic database backup task started
2025-05-01 22:09:26 | INFO     | app:create_admin_user:123 - Admin user already exists: admin
2025-05-01 22:09:26 | INFO     | app:load_system_settings:160 - System settings loaded
2025-05-01 22:09:26 | INFO     | app:create_app:96 - Application initialized
2025-05-01 22:09:26 | INFO     | __main__:run:275 - Starting ChitUI server on 0.0.0.0:54780
2025-05-01 22:09:45 | INFO     | app.auth:login:37 - User admin logged in
2025-05-01 22:09:46 | INFO     | app.socket_handlers:handle_connect:27 - Client connected: admin
2025-05-01 22:09:46 | INFO     | app.socket_handlers:handle_printers_request:44 - Client requested printer discovery: admin
2025-05-01 22:09:46 | INFO     | app.printer_manager:discover_printers:43 - Starting printer discovery
2025-05-01 22:09:46 | INFO     | app.printer_manager:process_discovery_response:123 - Discovered printer: Antoine (192.168.0.97)
2025-05-01 22:09:47 | INFO     | app.printer_manager:discover_printers:70 - Discovery completed: 1 printers found
2025-05-01 22:09:47 | INFO     | app.socket_handlers:discovery_task:194 - New printer discovered: Antoine (192.168.0.97)
2025-05-01 22:09:47 | INFO     | app.printer_manager:connect_printers:257 - Connecting to printers...
2025-05-01 22:09:47 | INFO     | app.printer_manager:connect_printer:282 - Connecting to printer: Antoine (ws://192.168.0.97:3030/websocket)
2025-05-01 22:09:47 | INFO     | app.printer_manager:ws_open_handler:319 - Connected to printer: Antoine
2025-05-01 22:09:47 | ERROR    | app.printer_manager:ws_message_handler:419 - Error processing sdcp/response/5346909419520100 message for printer 5346909419520100: list indices must be integers or slices, not str
2025-05-01 22:09:47 | ERROR    | app.printer_manager:ws_message_handler:420 - Problematic message data: {
  "Id": "f25273b12b094c5a8b9513a30ca60049",
  "Data": {
    "Cmd": 258,
    "Data": {
      "Ack": 0,
      "FileList": [
        {
          "name": "/local/Torus(25x5).stl_0.05_2.3_2025_04_30_22_02.ctb",
          "type": 1
        },
        {
          "name": "/local/slab3.stl_0.05_2.3_2025_04_30_22_34.ctb",
          "type": 1
        },
        {
          "name": "/local/ROOK.goo",
          "type": 1
        }
      ]
    },
    "RequestID": "a8e0c6fc1d093ab5",
    "MainboardID": "5346909419520100",
    "TimeStamp": 1746151788
  },
  "Topic": "sdcp/response/5346909419520100"
}
2025-05-01 22:09:59 | ERROR    | app.printer_manager:ws_message_handler:419 - Error processing sdcp/response/5346909419520100 message for printer 5346909419520100: list indices must be integers or slices, not str
2025-05-01 22:09:59 | ERROR    | app.printer_manager:ws_message_handler:420 - Problematic message data: {
  "Id": "f25273b12b094c5a8b9513a30ca60049",
  "Data": {
    "Cmd": 258,
    "Data": {
      "Ack": 0,
      "FileList": [
        {
          "name": "/local/Torus(25x5).stl_0.05_2.3_2025_04_30_22_02.ctb",
          "type": 1
        },
        {
          "name": "/local/slab3.stl_0.05_2.3_2025_04_30_22_34.ctb",
          "type": 1
        },
        {
          "name": "/local/ROOK.goo",
          "type": 1
        }
      ]
    },
    "RequestID": "e80af1c859d6daff",
    "MainboardID": "5346909419520100",
    "TimeStamp": 1746151800
  },
  "Topic": "sdcp/response/5346909419520100"
}
2025-05-01 22:10:27 | INFO     | app.socket_handlers:handle_scan_lan:53 - Client requested LAN scan with timeout: 5s
2025-05-01 22:10:28 | INFO     | app.printer_manager:discover_printers:43 - Starting printer discovery
2025-05-01 22:10:28 | INFO     | app.printer_manager:process_discovery_response:123 - Discovered printer: Antoine (192.168.0.97)
2025-05-01 22:10:33 | INFO     | app.printer_manager:discover_printers:70 - Discovery completed: 1 printers found
2025-05-01 22:10:33 | INFO     | app.printer_manager:connect_printers:257 - Connecting to printers...
2025-05-01 22:10:33 | INFO     | app.printer_manager:connect_printer:282 - Connecting to printer: Antoine (ws://192.168.0.97:3030/websocket)
2025-05-01 22:10:33 | INFO     | app.printer_manager:ws_open_handler:319 - Connected to printer: Antoine
2025-05-01 22:10:34 | ERROR    | app.printer_manager:ws_message_handler:419 - Error processing sdcp/response/5346909419520100 message for printer 5346909419520100: list indices must be integers or slices, not str
2025-05-01 22:10:34 | ERROR    | app.printer_manager:ws_message_handler:420 - Problematic message data: {
  "Id": "f25273b12b094c5a8b9513a30ca60049",
  "Data": {
    "Cmd": 258,
    "Data": {
      "Ack": 0,
      "FileList": [
        {
          "name": "/local/Torus(25x5).stl_0.05_2.3_2025_04_30_22_02.ctb",
          "type": 1
        },
        {
          "name": "/local/slab3.stl_0.05_2.3_2025_04_30_22_34.ctb",
          "type": 1
        },
        {
          "name": "/local/ROOK.goo",
          "type": 1
        }
      ]
    },
    "RequestID": "8d3fbd14638e93ae",
    "MainboardID": "5346909419520100",
    "TimeStamp": 1746151835
  },
  "Topic": "sdcp/response/5346909419520100"
}
2025-05-01 22:10:38 | INFO     | app.socket_handlers:handle_printers_request:44 - Client requested printer discovery: admin
2025-05-01 22:10:38 | INFO     | app.printer_manager:discover_printers:43 - Starting printer discovery
2025-05-01 22:10:38 | INFO     | app.printer_manager:process_discovery_response:123 - Discovered printer: Antoine (192.168.0.97)
2025-05-01 22:10:39 | INFO     | app.printer_manager:discover_printers:70 - Discovery completed: 1 printers found
2025-05-01 22:10:39 | INFO     | app.printer_manager:connect_printers:257 - Connecting to printers...
2025-05-01 22:10:39 | INFO     | app.printer_manager:connect_printer:282 - Connecting to printer: Antoine (ws://192.168.0.97:3030/websocket)
2025-05-01 22:10:39 | INFO     | app.printer_manager:ws_open_handler:319 - Connected to printer: Antoine
2025-05-01 22:10:39 | ERROR    | app.printer_manager:ws_message_handler:419 - Error processing sdcp/response/5346909419520100 message for printer 5346909419520100: list indices must be integers or slices, not str
2025-05-01 22:10:39 | ERROR    | app.printer_manager:ws_message_handler:420 - Problematic message data: {
  "Id": "f25273b12b094c5a8b9513a30ca60049",
  "Data": {
    "Cmd": 258,
    "Data": {
      "Ack": 0,
      "FileList": [
        {
          "name": "/local/Torus(25x5).stl_0.05_2.3_2025_04_30_22_02.ctb",
          "type": 1
        },
        {
          "name": "/local/slab3.stl_0.05_2.3_2025_04_30_22_34.ctb",
          "type": 1
        },
        {
          "name": "/local/ROOK.goo",
          "type": 1
        }
      ]
    },
    "RequestID": "fd91f684c84c781e",
    "MainboardID": "5346909419520100",
    "TimeStamp": 1746151840
  },
  "Topic": "sdcp/response/5346909419520100"
}
2025-05-01 22:10:46 | INFO     | app.socket_handlers:handle_disconnect:39 - Client disconnected: admin
2025-05-01 22:23:31 | ERROR    | app.printer_manager:ws_error_handler:366 - WebSocket error for printer Antoine: [WinError 10054] An existing connection was forcibly closed by the remote host
2025-05-01 22:23:31 | ERROR    | app.printer_manager:ws_error_handler:366 - WebSocket error for printer Antoine: [WinError 10054] An existing connection was forcibly closed by the remote host
2025-05-01 22:23:31 | ERROR    | app.printer_manager:ws_error_handler:366 - WebSocket error for printer Antoine: [WinError 10054] An existing connection was forcibly closed by the remote host
2025-05-02 09:07:21 | INFO     | app.printer_manager:ws_open_handler:319 - Connected to printer: Antoine
2025-05-02 09:07:21 | ERROR    | app.printer_manager:ws_message_handler:419 - Error processing sdcp/response/5346909419520100 message for printer 5346909419520100: list indices must be integers or slices, not str
2025-05-02 09:07:21 | ERROR    | app.printer_manager:ws_message_handler:420 - Problematic message data: {
  "Id": "f25273b12b094c5a8b9513a30ca60049",
  "Data": {
    "Cmd": 258,
    "Data": {
      "Ack": 0,
      "FileList": [
        {
          "name": "/local/Torus(25x5).stl_0.05_2.3_2025_04_30_22_02.ctb",
          "type": 1
        },
        {
          "name": "/local/slab3.stl_0.05_2.3_2025_04_30_22_34.ctb",
          "type": 1
        },
        {
          "name": "/local/ROOK.goo",
          "type": 1
        }
      ]
    },
    "RequestID": "11d94e1065dbcd18",
    "MainboardID": "5346909419520100",
    "TimeStamp": 30
  },
  "Topic": "sdcp/response/5346909419520100"
}
2025-05-02 09:07:22 | INFO     | app.printer_manager:ws_open_handler:319 - Connected to printer: Antoine
2025-05-02 09:07:22 | INFO     | app.printer_manager:ws_open_handler:319 - Connected to printer: Antoine
2025-05-02 09:07:22 | ERROR    | app.printer_manager:ws_message_handler:419 - Error processing sdcp/response/5346909419520100 message for printer 5346909419520100: list indices must be integers or slices, not str
2025-05-02 09:07:22 | ERROR    | app.printer_manager:ws_message_handler:420 - Problematic message data: {
  "Id": "f25273b12b094c5a8b9513a30ca60049",
  "Data": {
    "Cmd": 258,
    "Data": {
      "Ack": 0,
      "FileList": [
        {
          "name": "/local/Torus(25x5).stl_0.05_2.3_2025_04_30_22_02.ctb",
          "type": 1
        },
        {
          "name": "/local/slab3.stl_0.05_2.3_2025_04_30_22_34.ctb",
          "type": 1
        },
        {
          "name": "/local/ROOK.goo",
          "type": 1
        }
      ]
    },
    "RequestID": "cde3faf64cc40023",
    "MainboardID": "5346909419520100",
    "TimeStamp": 30
  },
  "Topic": "sdcp/response/5346909419520100"
}
2025-05-02 09:07:22 | ERROR    | app.printer_manager:ws_message_handler:419 - Error processing sdcp/response/5346909419520100 message for printer 5346909419520100: list indices must be integers or slices, not str
2025-05-02 09:07:22 | ERROR    | app.printer_manager:ws_message_handler:420 - Problematic message data: {
  "Id": "f25273b12b094c5a8b9513a30ca60049",
  "Data": {
    "Cmd": 258,
    "Data": {
      "Ack": 0,
      "FileList": [
        {
          "name": "/local/Torus(25x5).stl_0.05_2.3_2025_04_30_22_02.ctb",
          "type": 1
        },
        {
          "name": "/local/slab3.stl_0.05_2.3_2025_04_30_22_34.ctb",
          "type": 1
        },
        {
          "name": "/local/ROOK.goo",
          "type": 1
        }
      ]
    },
    "RequestID": "9337a4b1c2454847",
    "MainboardID": "5346909419520100",
    "TimeStamp": 30
  },
  "Topic": "sdcp/response/5346909419520100"
}
